patient_id,gender,birth_year,smoker,has_diabetes,has_hypertension
1,M,1974,0,0,0
2,M,1962,0,1,0
3,F,1978,0,0,0
4,F,1982,0,0,0
5,F,1958,0,1,0
6,F,1980,1,0,0
7,M,1970,0,1,1
8,F,1972,0,1,0
9,M,1958,0,0,1
10,F,1986,0,0,0
11,F,1947,0,1,0
12,F,1991,0,0,0
13,F,1968,0,0,0
14,F,1971,1,0,1
15,F,1992,0,0,0
16,F,1966,0,0,0
17,F,1984,0,0,0
18,M,1998,1,0,0
19,M,1962,0,0,0
20,M,2003,0,0,0
21,M,1995,0,0,0
22,F,1979,1,0,0
23,F,1958,0,1,1
24,F,1964,0,0,1
25,F,1975,0,1,0
26,M,2007,0,0,0
27,F,1991,0,0,0
28,M,1988,0,0,0
29,M,1999,0,0,0
30,M,2010,0,0,0
31,F,1978,0,1,0
32,M,1963,0,0,0
33,M,1989,0,0,0
34,F,1959,0,0,0
35,M,2005,0,0,0
36,F,1999,0,0,0
37,F,1978,0,0,1
38,M,1991,0,0,0
39,F,1966,0,0,0
40,F,1970,0,0,1
41,F,1989,0,0,0
42,F,2004,0,0,0
43,F,1991,0,0,0
44,M,1970,0,0,1
45,M,1964,1,0,0
46,F,1991,1,0,0
47,M,2010,0,0,0
48,M,2005,1,0,0
49,M,1972,0,0,1
50,M,1990,0,0,1
51,M,1989,0,0,1
52,F,2000,0,0,0
53,M,2000,0,0,0
54,M,1959,0,0,1
55,M,1971,1,0,1
56,M,1994,0,0,1
57,M,1980,1,0,1
58,M,1976,0,1,1
59,F,1933,1,1,0
60,F,2001,0,1,1
61,M,1976,0,0,0
62,F,1959,0,1,1
63,M,1939,0,0,1
64,F,1995,0,0,0
65,M,1990,0,0,0
66,F,1965,0,1,0
67,F,2007,0,0,0
68,M,1974,1,0,0
69,M,1930,0,1,1
70,M,1971,1,0,0
71,M,2015,0,0,0
72,M,1998,1,0,1
73,F,1994,1,0,0
74,F,1952,0,0,1
75,M,1985,1,0,0
76,M,2010,0,0,0
77,F,1983,0,0,1
78,F,1978,1,0,0
79,F,1992,0,0,0
80,F,2000,0,0,0
81,M,1930,0,0,0
82,F,1959,0,0,0
83,M,1956,0,1,0
84,M,1985,0,0,0
85,F,1995,0,0,0
86,F,1991,0,0,0
87,M,2005,1,0,0
88,F,1934,0,1,1
89,M,1984,0,0,0
90,F,1944,0,0,1
91,M,1990,0,0,0
92,F,1971,1,0,0
93,M,1977,0,1,1
94,F,2006,0,0,0
95,F,1930,0,1,1
96,F,1990,0,0,0
97,M,2002,0,0,0
98,M,1965,1,0,1
99,M,1982,1,0,0
100,M,1973,0,1,0
101,M,1979,0,0,0
102,F,2014,0,0,0
103,F,1998,1,0,0
104,F,1999,0,0,0
105,M,1957,1,1,0
106,M,1981,0,0,1
107,F,1969,0,0,0
108,M,1989,0,0,0
109,M,1968,0,0,0
110,M,1985,0,1,0
111,F,1986,1,1,1
112,F,1977,1,0,0
113,F,1979,0,0,0
114,M,1930,0,1,0
115,F,1998,0,0,1
116,F,2007,0,0,0
117,M,1974,1,0,1
118,M,1996,0,0,0
119,F,2015,0,0,0
120,F,2002,0,0,0
121,M,1930,0,1,1
122,M,1999,0,0,0
123,F,2011,0,0,0
124,F,1930,0,1,1
125,M,2002,1,0,0
126,F,1930,0,0,1
127,F,1989,0,0,0
128,M,1930,1,1,1
129,F,1987,0,0,1
130,F,1971,0,0,0
131,F,1985,1,0,1
132,M,1987,1,0,0
133,M,1976,0,1,0
134,F,1970,0,0,1
135,M,1978,0,0,0
136,M,1980,0,1,0
137,F,1996,0,0,0
138,M,1984,0,0,0
139,F,1935,0,0,1
140,M,1997,0,0,0
141,M,1975,0,0,0
142,M,1948,0,1,0
143,F,1970,0,0,1
144,F,1957,0,0,1
145,M,2002,0,0,1
146,M,1975,0,0,0
147,F,1988,0,0,0
148,M,1987,0,1,0
149,M,1938,1,0,1
150,M,1987,0,0,1
151,M,1974,0,1,1
152,M,2011,0,0,0
153,M,1930,0,0,1
154,M,1959,0,0,1
155,M,1983,0,0,0
156,F,1989,0,0,0
157,M,1967,0,1,0
158,F,1949,0,0,1
159,M,1930,0,0,1
160,M,1960,0,0,0
161,F,1980,1,0,1
162,F,1955,1,0,0
163,M,1961,0,0,0
164,F,1980,0,0,1
165,M,1962,0,0,1
166,F,1962,0,0,1
167,F,1983,0,0,0
168,M,1992,0,0,0
169,F,1965,0,0,1
170,M,2001,0,0,0
171,F,2004,0,0,1
172,M,1974,0,1,1
173,F,1966,0,0,1
174,F,1974,0,0,0
175,M,1971,1,0,1
176,F,2014,0,0,1
177,F,1966,1,1,1
178,M,1938,0,1,0
179,F,1959,0,0,0
180,M,1960,1,0,0
181,F,1976,1,0,0
182,M,1975,0,1,0
183,M,1985,0,0,0
184,F,1972,0,0,0
185,F,2002,0,0,0
186,M,1938,0,1,0
187,F,1998,0,0,0
188,M,1959,0,0,1
189,F,1943,0,0,1
190,M,1959,1,0,1
191,F,1930,0,0,0
192,F,2013,0,0,0
193,F,1991,0,0,0
194,M,1944,0,1,0
195,M,2004,0,0,0
196,F,1997,0,0,0
197,F,1968,0,0,0
198,M,1980,0,0,0
199,F,1970,0,0,0
200,M,1978,0,1,0
201,M,1976,0,0,0
202,F,1996,0,0,0
203,F,1977,0,0,0
204,F,1990,0,0,0
205,F,1987,1,0,0
206,F,1960,0,0,1
207,F,2005,0,0,0
208,M,2016,0,0,0
209,F,1962,0,1,0
210,M,1977,0,0,0
211,M,1943,0,0,0
212,F,1997,0,1,0
213,M,1984,1,0,0
214,M,1979,0,0,0
215,M,1994,0,1,0
216,F,1999,0,0,0
217,F,1960,0,0,1
218,M,2006,0,0,1
219,F,2001,0,0,0
220,F,1984,1,0,1
221,F,1957,0,0,1
222,F,1993,1,0,0
223,F,1995,0,0,0
224,M,1986,0,0,0
225,M,1973,0,0,0
226,M,1989,0,0,1
227,F,1952,0,0,1
228,F,1951,0,1,0
229,F,1984,0,0,1
230,F,1930,0,0,1
231,M,1980,0,0,0
232,M,1952,0,1,0
233,M,1973,0,0,1
234,M,1974,0,0,1
235,F,2009,0,0,0
236,M,2003,0,0,0
237,M,1988,0,1,1
238,F,1951,0,1,1
239,M,1973,0,0,1
240,F,1988,0,0,0
241,F,1966,0,0,0
242,M,1952,0,0,0
243,M,1981,0,0,1
244,F,1976,1,0,0
245,M,1979,0,0,0
246,F,1983,0,0,0
247,F,1997,0,1,0
248,M,1998,0,0,0
249,M,1966,0,0,0
250,F,1952,1,1,1
251,M,1988,0,1,0
252,M,1988,0,0,0
253,F,2012,0,0,0
254,F,2013,0,0,1
255,F,1942,0,1,0
256,M,1996,0,0,0
257,F,1930,1,0,0
258,M,1993,0,0,0
259,F,2009,1,0,0
260,F,1979,0,0,0
261,M,1961,1,0,0
262,F,1964,0,1,0
263,F,1957,0,0,0
264,F,2000,0,0,1
265,M,1943,0,1,1
266,M,1941,0,1,1
267,F,1939,0,1,0
268,F,1975,1,0,0
269,M,1989,0,0,0
270,M,1991,0,0,0
271,M,2009,0,0,0
272,M,1993,1,1,0
273,F,2017,0,0,0
274,F,2010,0,0,0
275,F,1976,0,0,0
276,M,1987,0,0,0
277,F,1977,0,0,0
278,F,1963,0,1,0
279,M,1972,0,0,0
280,F,1974,0,0,0
281,F,1983,0,0,0
282,F,1997,0,0,0
283,F,2004,0,0,0
284,M,1992,0,0,0
285,F,1983,0,0,0
286,F,1980,0,1,0
287,F,1957,1,0,0
288,F,1985,0,0,0
289,M,1968,0,0,0
290,M,2007,1,0,0
291,F,1975,1,0,0
292,F,1977,1,1,0
293,M,1943,1,0,1
294,F,1987,0,0,1
295,F,1988,0,1,1
296,F,1963,1,1,0
297,F,2003,0,0,0
298,F,1976,0,0,0
299,F,2004,0,0,0
300,M,1930,0,0,0
301,M,1991,1,0,0
302,F,2005,0,0,0
303,M,1992,0,0,0
304,F,1976,0,1,0
305,F,1969,0,0,0
306,M,1945,0,0,0
307,M,1995,0,0,0
308,F,1962,0,0,0
309,M,2010,0,0,0
310,F,2001,1,0,1
311,M,2007,0,0,0
312,M,1998,0,0,0
313,M,1963,0,0,1
314,M,1994,0,0,0
315,M,1991,0,0,1
316,F,1975,0,0,1
317,F,1970,0,0,1
318,F,1990,0,0,0
319,F,2001,0,0,0
320,F,1933,0,0,1
321,F,1990,0,0,0
322,F,1988,0,0,0
323,F,1986,0,0,0
324,M,1967,0,0,1
325,F,2008,0,0,0
326,F,1930,0,0,1
327,M,1989,0,0,1
328,M,1966,0,0,0
329,M,2005,0,0,0
330,F,1978,1,0,0
331,M,1930,0,0,1
332,F,1931,0,1,0
333,M,1967,0,0,1
334,M,1999,0,0,0
335,M,1947,0,0,1
336,F,2010,0,0,0
337,F,1999,0,0,0
338,F,1983,1,0,1
339,F,2009,0,0,0
340,M,1992,0,0,0
341,M,1961,0,0,0
342,M,1996,0,0,0
343,M,1959,0,0,1
344,F,1930,0,0,1
345,F,1972,0,0,0
346,M,1960,0,0,1
347,M,1946,0,1,1
348,M,1991,0,0,0
349,F,1961,0,0,0
350,M,1991,0,1,0
351,F,1974,0,0,0
352,M,1956,0,1,1
353,F,1998,0,0,0
354,M,2016,0,1,0
355,M,1999,0,0,1
356,M,1951,0,1,0
357,F,2001,0,0,0
358,F,1953,0,0,1
359,F,1999,0,0,0
360,F,1986,0,0,0
361,F,1982,0,1,0
362,F,2001,0,0,0
363,M,1986,0,0,0
364,M,2009,1,0,0
365,F,1989,0,0,0
366,F,1984,0,1,0
367,F,2016,0,0,0
368,F,1999,0,0,0
369,F,1975,0,0,1
370,M,2003,0,0,0
371,M,1970,1,0,1
372,M,1968,1,0,0
373,F,1975,0,1,0
374,M,1961,0,0,1
375,M,2009,1,0,1
376,F,1954,0,0,0
377,F,2001,0,0,0
378,M,1979,0,1,0
379,M,1930,1,1,0
380,F,1990,1,0,1
381,F,1981,0,0,1
382,M,2001,0,0,0
383,F,1930,0,0,1
384,F,1999,0,0,1
385,F,1965,0,0,1
386,F,1946,0,0,1
387,F,1962,0,0,1
388,M,1973,0,0,0
389,M,1980,0,0,0
390,F,2005,1,0,0
391,M,1930,0,0,0
392,F,1975,0,1,1
393,M,1981,0,0,0
394,F,2002,0,0,1
395,M,1980,0,0,0
396,F,1983,0,0,1
397,M,1930,0,0,0
398,F,1981,0,1,0
399,F,1980,0,0,1
400,M,2002,0,0,0
401,M,1997,0,0,0
402,F,1969,0,0,1
403,M,2011,0,0,0
404,M,1954,0,0,0
405,M,1953,0,1,1
406,F,1998,1,0,1
407,F,1973,0,0,1
408,M,1945,0,0,0
409,M,1984,0,0,0
410,M,1988,0,0,0
411,M,1986,0,0,1
412,M,1975,1,0,1
413,M,1994,0,0,0
414,F,1990,0,0,1
415,F,1975,0,0,0
416,M,1992,0,1,1
417,M,2003,0,0,0
418,M,2012,0,0,0
419,F,1981,0,1,1
420,F,1947,0,0,1
421,M,1972,0,0,1
422,M,2003,0,0,0
423,M,1997,0,0,1
424,F,1989,1,0,0
425,M,1930,0,1,1
426,M,1930,0,0,0
427,F,1930,0,1,0
428,F,1978,0,1,0
429,M,1930,0,0,1
430,M,1996,0,0,0
431,F,1989,0,0,0
432,F,1957,0,0,1
433,M,1975,0,0,0
434,M,1973,1,0,0
435,M,2000,0,0,1
436,F,1983,1,0,0
437,M,1996,0,0,0
438,M,2006,0,0,0
439,F,1994,0,0,0
440,F,1975,0,0,1
441,F,1963,0,0,1
442,M,2012,0,1,0
443,M,1982,0,0,1
444,F,1984,0,0,1
445,F,1976,1,0,0
446,M,2002,0,1,0
447,F,2002,0,0,0
448,F,1946,0,0,1
449,M,2018,0,0,0
450,M,1998,0,0,0
451,M,1990,0,1,0
452,M,1988,1,0,1
453,M,1995,1,0,0
454,F,1970,0,1,0
455,M,1972,0,1,0
456,M,1985,0,1,0
457,M,1994,0,1,1
458,F,1986,0,0,0
459,F,1980,0,0,1
460,F,1997,0,0,0
461,F,1967,0,0,1
462,F,1955,1,0,1
463,M,1940,0,1,1
464,M,1942,0,0,0
465,F,1988,0,0,0
466,M,1979,1,0,1
467,M,1985,0,1,1
468,F,1985,1,1,0
469,M,1987,1,0,0
470,M,1981,0,0,0
471,F,1949,0,0,1
472,M,1974,0,0,1
473,M,2003,0,0,0
474,F,1956,0,0,1
475,M,1976,0,0,1
476,M,1969,0,1,1
477,F,1975,0,0,0
478,F,1973,0,0,0
479,F,1972,0,0,0
480,M,2010,0,0,1
481,M,1970,0,0,0
482,M,1996,0,1,1
483,M,1992,0,0,1
484,M,1982,0,0,1
485,M,1933,1,1,1
486,F,2001,0,0,1
487,M,1982,0,0,1
488,M,1987,0,1,0
489,F,1957,0,0,0
490,F,1988,0,0,0
491,M,1976,0,1,1
492,F,2001,0,0,0
493,M,1951,0,1,0
494,M,2007,0,0,0
495,F,1970,0,0,0
496,M,1976,0,0,0
497,M,1972,1,0,1
498,M,2007,0,0,0
499,M,1988,1,0,0
500,F,1958,0,0,0
501,M,1930,0,0,0
502,M,1984,0,0,0
503,F,1961,1,1,1
504,M,1978,0,0,0
505,F,1983,0,0,0
506,M,1990,0,0,1
507,F,1981,1,0,0
508,F,1964,0,0,0
509,F,1962,0,0,1
510,M,2004,0,0,1
511,M,1992,0,0,0
512,M,2001,0,0,0
513,F,1980,0,0,0
514,F,1989,0,0,1
515,F,1973,0,0,1
516,M,1971,0,0,1
517,M,2015,0,0,0
518,F,1982,0,0,0
519,M,1948,0,0,1
520,M,1992,0,1,0
521,F,1993,0,0,0
522,M,1955,0,0,0
523,M,1960,0,0,0
524,M,2000,0,0,0
525,F,1963,0,0,1
526,F,1997,0,0,0
527,M,1993,0,0,0
528,F,2000,0,0,0
529,M,2004,0,0,0
530,F,1979,0,1,0
531,F,2006,0,0,0
532,M,1978,0,0,0
533,F,1979,0,0,0
534,M,1985,1,1,0
535,F,1991,0,0,1
536,M,1995,0,0,0
537,F,2002,0,0,0
538,F,1939,1,1,1
539,M,1986,0,1,0
540,F,1987,1,0,1
541,F,1999,0,0,0
542,F,1944,1,0,0
543,M,1994,0,0,0
544,F,1976,0,0,0
545,M,1971,0,1,0
546,F,1979,0,0,0
547,F,2006,0,0,0
548,M,1965,0,0,0
549,M,1994,0,1,0
550,M,1961,0,1,0
551,F,1995,0,0,1
552,M,1983,0,1,0
553,F,1969,0,1,0
554,F,1946,0,0,1
555,F,1966,0,0,1
556,M,1968,0,0,0
557,F,1963,1,0,0
558,M,1997,0,0,1
559,F,1959,1,0,0
560,F,1987,0,0,0
561,M,1987,0,1,0
562,M,1980,0,0,0
563,M,1989,1,0,0
564,F,2001,0,0,1
565,M,1981,0,0,0
566,F,1987,0,0,0
567,F,1987,0,0,0
568,M,1984,0,0,0
569,M,2014,0,0,0
570,M,1987,0,0,0
571,M,1942,0,0,1
572,M,1945,0,1,0
573,F,1981,0,0,0
574,M,1981,0,0,0
575,M,2016,0,0,0
576,M,1993,0,0,0
577,F,1964,0,1,0
578,M,1990,0,0,0
579,M,1953,0,0,1
580,M,1955,0,0,1
581,F,1993,0,0,1
582,F,1979,0,1,1
583,M,1938,0,1,1
584,M,2007,0,0,1
585,M,1989,0,0,1
586,F,2008,0,0,0
587,M,1998,0,0,0
588,M,1930,0,1,1
589,M,1989,0,0,1
590,M,2012,0,0,1
591,F,2001,0,0,0
592,F,2009,1,0,0
593,F,1978,0,0,0
594,F,1971,0,1,1
595,F,1959,1,0,0
596,F,1965,0,0,0
597,F,2006,0,0,0
598,F,1973,0,0,1
599,M,1985,1,0,0
600,M,1954,0,1,0
601,F,1962,0,0,0
602,F,1930,0,0,1
603,F,2000,0,0,1
604,M,2002,0,0,0
605,F,1992,0,0,0
606,M,1984,0,0,0
607,F,1995,0,0,0
608,M,1999,0,0,0
609,M,1974,1,1,0
610,M,1992,1,0,0
611,F,1996,0,1,0
612,F,2006,0,0,0
613,M,2016,0,0,0
614,F,1943,0,0,1
615,F,1945,0,1,1
616,M,1961,0,1,0
617,M,1968,0,0,0
618,M,1993,0,0,0
619,M,1967,0,0,1
620,F,2003,0,0,0
621,F,1979,0,0,0
622,M,1997,0,0,0
623,F,1967,0,0,0
624,M,1935,0,0,0
625,F,2001,0,0,0
626,F,1993,1,0,0
627,F,1980,0,0,0
628,F,2011,0,0,0
629,F,2008,0,0,0
630,F,1937,0,0,0
631,M,1974,0,0,0
632,F,1994,0,0,0
633,M,1982,0,0,0
634,M,1992,0,1,0
635,M,1979,0,0,0
636,F,1991,0,0,0
637,M,1984,0,0,0
638,M,1964,1,0,1
639,M,1966,0,0,1
640,M,1939,0,1,1
641,M,1972,0,1,0
642,F,1981,0,0,0
643,M,1933,0,0,1
644,M,1986,0,0,0
645,M,2015,0,1,0
646,F,1961,0,0,0
647,M,1975,0,1,1
648,F,1982,0,0,1
649,M,1960,0,0,0
650,F,1991,0,0,0
651,F,2015,0,0,0
652,M,1959,0,0,0
653,M,1995,0,0,1
654,M,2000,0,1,0
655,F,2014,0,0,0
656,F,1962,1,0,0
657,F,2017,0,0,0
658,M,1947,0,0,0
659,M,1989,1,0,0
660,F,1960,0,0,0
661,M,1972,0,0,0
662,F,1930,0,1,0
663,M,1972,0,0,1
664,M,1948,0,1,0
665,M,1993,1,1,0
666,M,2009,0,0,0
667,F,1955,1,0,0
668,M,2009,0,0,0
669,F,1962,0,0,0
670,M,2002,1,0,0
671,F,1975,0,0,0
672,F,1930,0,0,1
673,M,1965,0,0,0
674,M,1986,0,0,0
675,F,1971,0,0,0
676,F,1993,1,0,1
677,F,1930,0,1,1
678,F,1996,0,0,0
679,M,1984,0,0,0
680,F,1967,0,0,0
681,M,1973,0,0,0
682,M,1970,1,1,1
683,F,1992,0,0,0
684,M,1987,0,0,1
685,F,1957,0,0,1
686,F,1959,0,1,1
687,F,1972,0,0,0
688,F,1943,0,0,1
689,F,1956,1,1,1
690,F,1960,0,0,1
691,F,2009,0,0,0
692,F,1973,0,0,0
693,F,1977,1,0,0
694,F,1938,0,1,0
695,F,2020,0,0,0
696,F,1985,0,0,1
697,M,1979,0,0,0
698,F,2002,0,0,1
699,F,1999,1,0,0
700,M,1938,0,0,1
701,M,1970,0,0,0
702,F,1930,0,0,1
703,M,1986,0,0,0
704,M,2007,1,0,0
705,M,1989,0,0,0
706,M,1992,0,0,1
707,F,1964,0,0,1
708,F,1965,0,0,0
709,F,1969,0,0,0
710,F,1930,0,0,0
711,M,1946,0,0,0
712,M,1998,0,0,0
713,M,1954,0,0,0
714,M,1981,0,0,1
715,F,1986,0,0,0
716,M,1941,0,1,1
717,F,1999,0,0,1
718,F,1957,0,0,0
719,F,1962,0,1,0
720,F,2000,0,0,0
721,F,2009,0,0,0
722,M,1983,0,0,0
723,F,2020,0,0,0
724,F,1950,0,0,0
725,M,1973,0,1,0
726,F,1939,1,0,1
727,M,1974,0,1,0
728,F,1937,0,0,0
729,F,1994,0,0,0
730,M,1969,0,0,0
731,M,1990,0,0,0
732,F,1984,0,0,0
733,M,1979,0,1,1
734,M,1973,0,0,0
735,M,1996,0,0,0
736,F,1970,0,0,1
737,F,1981,0,0,1
738,M,2006,1,0,0
739,F,2011,0,0,1
740,M,1950,0,1,0
741,M,2016,0,0,1
742,M,1985,0,0,1
743,M,2007,0,0,0
744,F,1930,0,1,0
745,M,1967,0,0,1
746,M,1973,0,0,1
747,F,1998,1,0,0
748,M,2006,0,0,0
749,F,1977,0,0,0
750,M,1982,1,0,1
751,F,2002,1,0,1
752,M,2002,0,0,0
753,F,2003,1,0,1
754,M,2003,0,0,0
755,F,1994,0,0,0
756,F,1973,0,0,0
757,F,1969,0,0,0
758,F,1982,0,0,0
759,M,1978,0,0,0
760,M,1968,1,0,1
761,F,2013,0,0,0
762,M,1976,0,0,0
763,M,1944,0,1,0
764,F,1986,0,0,0
765,M,1952,0,0,0
766,M,1985,0,0,0
767,M,1966,0,1,0
768,F,1974,0,1,0
769,F,2003,0,0,0
770,M,2000,0,0,0
771,M,1937,0,0,0
772,F,1959,1,0,0
773,F,1984,0,0,0
774,M,1987,0,1,1
775,M,1997,0,0,0
776,M,1972,0,0,1
777,M,1996,0,0,0
778,M,1989,0,0,1
779,F,1994,0,0,0
780,F,1961,0,0,0
781,F,1985,0,1,1
782,F,1978,0,0,1
783,M,2003,0,1,1
784,M,1995,0,0,0
785,F,1978,0,0,0
786,M,2009,0,0,0
787,M,1986,0,0,0
788,M,1982,0,0,1
789,F,2005,0,0,0
790,M,1953,0,0,1
791,F,1973,1,0,0
792,F,1985,0,0,1
793,F,1996,0,0,0
794,F,2009,0,0,0
795,M,1956,0,0,1
796,M,1991,0,0,0
797,M,2007,0,0,0
798,M,1996,0,0,1
799,F,1970,0,1,0
800,F,1976,0,0,0
801,F,2002,0,0,0
802,M,1950,0,0,1
803,M,2007,1,0,0
804,M,1942,0,0,0
805,M,1977,0,1,0
806,M,1990,0,0,0
807,M,1987,1,0,1
808,M,1980,0,1,0
809,F,1968,0,0,0
810,F,2011,0,0,0
811,F,1997,0,0,0
812,M,1980,0,0,1
813,F,1949,0,1,0
814,M,1950,0,0,0
815,F,1934,1,0,0
816,M,1952,0,1,0
817,M,1998,1,0,1
818,M,1982,0,0,0
819,M,1952,0,1,0
820,M,1955,0,0,0
821,F,1986,1,0,0
822,M,1969,1,0,0
823,M,1991,0,0,0
824,F,2008,0,0,0
825,M,1984,0,1,0
826,M,1985,0,0,0
827,F,1992,0,0,1
828,F,1968,0,1,0
829,M,1987,0,0,0
830,F,1972,0,0,0
831,M,1962,0,0,1
832,M,1930,0,0,1
833,F,1984,0,0,0
834,M,1948,0,0,0
835,M,1976,0,1,0
836,F,1975,0,0,0
837,F,1984,0,0,1
838,F,1978,0,0,1
839,M,1987,0,0,0
840,M,1955,0,1,0
841,F,1996,0,0,0
842,F,2008,0,1,0
843,F,1993,0,0,0
844,F,1995,0,0,0
845,M,1993,0,0,1
846,M,1985,0,0,0
847,F,1993,0,0,0
848,F,1985,0,0,0
849,F,1993,0,0,0
850,F,1971,1,1,0
851,F,1930,0,1,0
852,M,1977,0,0,1
853,M,1992,0,0,0
854,M,2016,0,0,0
855,M,1930,0,0,1
856,F,1975,0,0,1
857,F,1985,0,0,1
858,M,2016,0,0,0
859,M,1984,1,0,1
860,F,1979,0,1,0
861,M,1993,0,0,0
862,M,2006,0,0,0
863,M,2006,1,0,1
864,M,1930,0,0,1
865,M,1979,0,0,0
866,M,1993,0,0,1
867,M,1981,1,0,1
868,M,1982,1,0,0
869,F,2007,0,0,1
870,F,1957,1,0,0
871,F,1986,0,0,1
872,F,1979,0,0,0
873,F,1938,0,0,0
874,F,2005,0,0,0
875,F,1997,0,0,0
876,M,1974,0,0,0
877,F,1958,0,0,1
878,M,1994,0,0,0
879,F,1993,0,0,1
880,F,1965,0,0,1
881,M,1930,1,0,1
882,M,1980,0,0,0
883,M,1997,0,0,0
884,F,2002,0,0,0
885,F,1985,0,0,0
886,F,1959,1,0,0
887,F,1930,0,0,1
888,F,1988,0,0,0
889,F,1980,0,0,0
890,F,1930,0,0,1
891,M,1974,0,0,1
892,M,1976,0,0,0
893,F,1939,0,0,1
894,F,1979,0,0,0
895,F,2000,0,0,0
896,M,1947,1,0,0
897,F,2009,1,0,0
898,M,1954,0,1,0
899,F,1982,0,0,1
900,M,1988,1,0,0
901,M,1989,1,0,1
902,F,1985,0,0,0
903,M,1991,0,0,0
904,F,1971,0,0,0
905,M,1990,1,0,0
906,M,2013,0,0,0
907,F,1982,0,0,0
908,M,2013,0,0,0
909,M,1982,0,0,0
910,F,1991,0,0,0
911,F,1956,0,0,0
912,M,1987,0,0,0
913,F,1961,1,0,0
914,M,1965,0,0,1
915,F,1964,0,0,0
916,M,1935,0,0,0
917,F,1987,0,1,0
918,M,1980,0,0,0
919,M,1971,0,0,0
920,M,1979,0,0,0
921,F,1987,1,0,0
922,M,1999,0,0,0
923,F,1981,0,0,0
924,M,2008,1,0,1
925,M,2014,0,0,0
926,F,2003,0,0,0
927,M,1964,0,0,1
928,M,1976,1,0,0
929,F,1964,0,1,0
930,F,1996,0,0,1
931,M,1953,0,0,1
932,M,2006,0,0,1
933,F,2002,0,0,0
934,M,1954,0,0,0
935,M,1978,0,0,1
936,F,1964,0,0,0
937,M,1976,0,0,0
938,F,1993,0,0,0
939,F,2004,0,0,0
940,M,2012,0,0,1
941,F,1930,0,0,1
942,F,2009,0,0,0
943,F,1940,0,0,1
944,M,1979,0,0,1
945,F,1975,0,0,0
946,F,1977,0,0,1
947,F,1968,0,0,1
948,M,1997,0,0,0
949,F,2015,0,0,0
950,F,1994,0,0,0
951,M,1970,0,0,0
952,F,2002,0,1,0
953,M,1952,0,0,0
954,F,1984,0,0,1
955,M,2003,0,0,0
956,F,1978,0,0,1
957,F,1971,0,1,1
958,M,1969,1,0,1
959,F,2020,0,0,0
960,M,2021,0,0,0
961,F,1953,1,1,0
962,M,2007,1,0,0
963,M,1953,0,0,0
964,F,1950,0,0,1
965,M,2004,0,0,0
966,F,2001,0,0,0
967,F,1962,0,1,0
968,F,1990,1,0,0
969,F,1945,0,1,1
970,F,1933,0,0,0
971,M,2003,0,0,0
972,F,1997,0,0,0
973,M,1979,0,0,1
974,M,2015,0,0,0
975,M,2011,0,0,0
976,M,1999,1,0,0
977,F,1930,1,0,1
978,F,1976,0,0,0
979,M,1995,0,0,1
980,F,2001,0,0,0
981,M,2004,0,0,0
982,M,1994,1,0,0
983,M,1995,0,0,1
984,F,1987,0,0,0
985,M,1969,0,1,0
986,F,1984,1,0,0
987,M,1961,0,0,0
988,F,1988,0,0,0
989,F,1930,0,1,1
990,M,1961,0,0,1
991,F,1976,0,0,1
992,M,1969,0,0,0
993,F,1993,0,1,0
994,F,1987,0,0,0
995,F,1988,0,0,0
996,M,1997,1,1,0
997,F,2006,0,0,1
998,M,1968,1,0,1
999,F,1955,1,0,1
1000,M,1972,0,1,0
1001,F,1984,1,0,0
1002,F,1930,1,0,0
1003,M,1995,1,0,1
1004,M,1975,0,0,0
1005,M,1950,1,1,0
1006,M,2002,0,0,0
1007,M,1966,0,0,0
1008,M,1930,0,0,0
1009,M,1982,0,1,0
1010,F,1978,0,0,1
1011,F,1995,0,0,0
1012,F,1970,0,0,0
1013,F,1997,1,0,1
1014,F,1983,0,0,0
1015,M,2007,0,0,0
1016,M,2018,0,0,1
1017,M,1992,0,0,1
1018,M,1992,0,0,0
1019,F,1990,0,0,0
1020,M,1962,0,0,1
1021,F,1954,0,0,1
1022,F,1974,0,0,1
1023,F,1965,0,0,0
1024,M,1997,0,0,1
1025,M,2001,1,0,0
1026,M,1969,1,1,0
1027,F,2003,0,0,1
1028,M,2004,0,0,1
1029,M,1930,0,1,1
1030,F,1980,0,0,1
1031,F,1992,0,0,0
1032,F,1994,0,0,0
1033,M,2007,0,0,0
1034,M,1975,0,0,0
1035,F,1988,0,0,0
1036,F,1955,0,0,1
1037,F,1968,0,0,0
1038,F,1989,0,0,0
1039,M,2013,0,0,0
1040,M,1980,0,1,1
1041,M,1982,0,0,0
1042,M,2015,0,0,0
1043,M,1971,1,0,1
1044,M,2003,0,1,0
1045,F,1954,1,0,0
1046,F,1984,0,0,1
1047,M,1994,0,1,0
1048,M,1977,0,0,1
1049,F,1978,0,0,1
1050,M,1979,0,0,1
1051,M,1958,0,1,0
1052,F,1975,0,0,0
1053,M,1996,1,0,0
1054,M,1988,0,0,0
1055,M,1941,0,0,0
1056,F,1997,0,0,0
1057,M,1972,0,0,0
1058,M,1957,0,0,1
1059,M,1969,0,0,0
1060,M,1980,0,0,1
1061,F,1976,0,0,0
1062,M,1967,0,1,0
1063,F,1998,0,0,0
1064,F,1982,0,0,0
1065,F,1930,0,0,1
1066,M,1971,0,0,0
1067,M,1979,0,0,0
1068,F,1990,0,0,0
1069,F,1997,0,0,0
1070,F,1976,0,0,0
1071,F,1974,1,1,0
1072,F,1984,0,0,0
1073,F,1930,0,0,1
1074,F,1996,0,0,0
1075,M,2000,0,0,1
1076,M,1989,0,0,1
1077,M,1983,0,0,1
1078,M,1998,0,1,0
1079,M,1976,1,0,1
1080,F,1973,0,0,1
1081,M,1964,0,0,1
1082,F,1992,0,0,1
1083,F,1944,0,1,1
1084,F,1966,0,1,1
1085,F,1996,0,0,0
1086,F,1998,0,0,1
1087,F,1988,0,0,1
1088,F,1973,0,0,0
1089,F,1969,0,0,0
1090,M,1966,0,0,0
1091,M,1930,0,0,0
1092,M,2012,0,0,0
1093,F,2011,0,0,0
1094,F,1984,1,0,0
1095,M,1930,0,0,1
1096,M,1963,0,0,0
1097,M,2001,1,0,0
1098,M,1977,1,0,0
1099,F,1986,0,0,0
1100,F,1986,0,0,0
1101,F,1993,0,0,1
1102,F,1979,0,0,0
1103,F,1952,0,0,0
1104,F,1991,0,0,0
1105,M,1966,0,0,0
1106,M,1961,0,0,0
1107,F,1945,0,0,1
1108,F,1999,1,0,0
1109,M,1981,0,0,0
1110,M,1995,0,0,0
1111,F,1979,0,0,1
1112,F,1979,0,0,0
1113,F,2002,0,0,1
1114,M,1978,0,0,0
1115,F,1930,0,1,1
1116,M,1969,0,1,0
1117,M,2005,1,0,0
1118,M,1999,0,0,1
1119,M,1982,0,0,1
1120,F,1999,0,0,0
1121,M,1947,0,0,1
1122,M,2006,0,0,0
1123,M,1969,1,1,1
1124,M,2009,0,0,1
1125,F,1983,1,0,1
1126,M,2001,0,0,0
1127,M,1964,0,0,0
1128,M,1953,0,1,1
1129,F,1973,0,0,1
1130,F,1952,0,1,1
1131,F,2017,0,0,0
1132,F,1978,0,0,0
1133,M,1970,0,0,1
1134,F,1966,0,0,0
1135,F,2012,0,0,0
1136,F,1971,0,0,0
1137,M,1965,0,0,1
1138,F,1979,0,0,0
1139,F,2005,0,0,1
1140,M,1993,0,0,1
1141,F,1947,0,0,1
1142,F,1951,0,0,0
1143,M,1970,1,0,1
1144,F,1963,0,0,0
1145,M,1955,0,0,0
1146,M,1970,0,0,0
1147,F,1948,0,0,1
1148,F,1949,0,0,1
1149,F,1930,0,1,1
1150,F,1992,0,0,0
1151,F,1992,1,0,1
1152,M,2019,0,0,0
1153,F,1972,1,0,0
1154,M,1930,0,1,1
1155,F,1945,0,1,1
1156,M,1960,1,0,1
1157,M,1942,1,0,0
1158,F,1969,0,1,1
1159,M,1988,0,0,0
1160,F,1930,0,0,0
1161,M,1971,0,1,0
1162,F,1950,0,1,0
1163,M,2017,0,0,0
1164,F,2015,0,0,0
1165,M,1977,1,0,1
1166,M,1999,0,0,0
1167,M,1975,0,1,0
1168,F,1992,0,0,0
1169,F,1930,0,0,1
1170,M,1953,0,0,1
1171,M,1938,0,1,1
1172,M,2014,0,0,0
1173,M,1960,0,0,0
1174,F,1985,0,0,1
1175,M,1937,0,0,1
1176,F,1965,1,1,1
1177,F,1982,0,1,1
1178,F,2004,0,0,0
1179,M,1978,1,0,1
1180,M,1947,0,0,1
1181,M,1935,1,0,1
1182,M,1989,1,0,0
1183,M,1930,0,0,0
1184,M,1950,0,0,0
1185,F,1999,0,0,1
1186,M,2002,0,0,0
1187,M,1984,0,0,1
1188,M,1989,0,0,0
1189,M,1969,0,1,1
1190,F,1981,1,0,1
1191,M,1987,0,0,0
1192,F,2008,0,0,0
1193,F,1964,0,1,0
1194,M,2009,0,0,1
1195,M,1950,0,1,0
1196,M,2013,0,0,0
1197,M,2010,0,0,0
1198,F,1999,0,0,1
1199,F,1991,1,0,0
1200,F,1995,0,0,0
1201,F,1991,0,0,0
1202,F,1975,0,0,0
1203,M,1999,0,1,0
1204,F,1974,0,0,0
1205,M,2017,0,0,1
1206,M,1999,0,0,0
1207,F,2010,0,0,0
1208,M,1951,0,0,1
1209,M,1996,0,1,0
1210,F,1966,0,0,0
1211,M,2012,0,0,0
1212,F,1935,0,0,1
1213,F,1979,0,0,1
1214,F,1930,0,1,0
1215,M,1982,0,0,0
1216,M,2008,0,0,1
1217,F,2001,0,0,0
1218,M,1987,0,0,0
1219,M,2000,0,0,0
1220,M,1954,0,0,1
1221,F,1980,0,0,0
1222,M,2000,0,0,0
1223,F,1960,0,0,1
1224,M,1990,1,0,0
1225,F,1961,0,0,0
1226,M,1993,0,0,0
1227,M,1968,0,0,0
1228,M,1990,0,0,0
1229,F,1954,1,0,0
1230,M,2012,0,0,0
1231,M,2005,0,0,0
1232,M,1985,0,0,1
1233,M,1996,0,0,0
1234,M,1991,0,0,0
1235,F,1964,0,0,0
1236,F,1991,0,0,0
1237,F,1974,0,0,0
1238,M,1999,1,0,0
1239,F,2014,0,1,0
1240,M,1962,0,0,0
1241,M,1930,0,1,0
1242,M,1976,0,1,0
1243,F,1984,0,0,0
1244,F,1979,0,1,1
1245,M,1942,0,0,1
1246,M,1976,0,0,1
1247,M,1960,0,1,1
1248,M,1961,0,0,0
1249,M,1951,0,1,1
1250,M,1984,1,0,0
1251,M,1993,0,1,1
1252,M,1968,0,0,0
1253,M,1954,1,0,0
1254,M,1947,1,0,0
1255,F,1936,0,0,0
1256,M,1957,0,0,1
1257,M,1994,0,0,0
1258,M,1976,1,0,1
1259,M,1979,0,0,0
1260,M,1981,0,0,0
1261,M,1967,0,1,1
1262,M,1986,0,0,0
1263,M,1986,0,0,0
1264,M,1930,1,0,0
1265,F,1983,0,0,0
1266,F,1952,1,0,0
1267,F,1949,0,1,1
1268,F,1976,0,1,0
1269,M,1985,1,0,0
1270,M,1999,0,0,1
1271,F,2009,0,0,0
1272,F,1965,0,0,1
1273,M,1971,0,0,1
1274,M,1961,1,0,0
1275,F,1992,0,0,1
1276,M,1930,0,0,1
1277,F,1969,0,1,0
1278,M,1984,1,0,0
1279,M,2014,0,0,1
1280,F,1990,1,0,1
1281,F,1959,0,0,0
1282,M,1938,0,0,0
1283,F,1980,1,0,0
1284,M,1930,0,0,1
1285,F,2000,0,0,0
1286,F,1971,0,0,1
1287,M,1970,0,0,0
1288,F,1965,0,0,0
1289,M,1977,1,0,1
1290,M,1972,0,0,1
1291,M,2000,0,0,0
1292,M,1942,0,0,0
1293,F,1955,0,1,1
1294,M,1973,0,0,1
1295,M,1954,0,0,0
1296,F,1940,0,0,0
1297,M,1966,0,0,1
1298,F,1930,0,0,1
1299,F,1963,0,1,0
1300,M,1998,0,0,0
1301,M,1975,0,0,0
1302,F,1953,0,0,1
1303,M,1940,0,0,0
1304,M,1977,1,0,0
1305,F,1999,0,0,0
1306,F,1986,0,0,0
1307,F,2006,0,0,0
1308,F,1960,0,0,1
1309,F,1990,0,0,0
1310,F,1995,1,0,1
1311,M,1956,0,0,1
1312,F,1931,0,0,0
1313,M,1995,0,0,0
1314,F,1976,0,0,0
1315,M,1985,0,0,1
1316,F,1938,0,0,0
1317,M,1982,0,0,0
1318,M,2000,0,0,1
1319,M,1981,1,0,0
1320,F,1948,0,0,1
1321,M,1986,0,0,0
1322,F,1994,0,0,0
1323,M,1983,1,1,0
1324,F,2000,0,0,0
1325,M,1985,0,0,1
1326,F,1992,0,1,0
1327,M,1930,0,1,1
1328,F,2012,0,0,0
1329,M,1998,0,0,0
1330,F,1994,0,0,0
1331,M,2000,0,0,0
1332,F,1970,0,1,0
1333,M,1996,1,1,0
1334,F,2007,0,0,0
1335,M,1979,0,0,0
1336,M,1987,0,1,0
1337,F,1995,0,1,1
1338,F,1940,0,0,1
1339,M,1969,0,0,0
1340,M,1973,0,0,0
1341,F,1969,0,0,0
1342,F,1970,0,0,0
1343,M,1986,0,0,1
1344,M,1996,0,0,1
1345,F,1978,0,0,0
1346,F,1987,0,0,0
1347,F,2012,0,0,1
1348,F,2001,0,0,0
1349,M,1989,0,0,1
1350,F,1956,1,1,1
1351,F,1978,0,0,0
1352,M,1998,1,0,1
1353,M,2002,1,0,0
1354,M,1948,1,0,0
1355,M,1985,0,0,1
1356,F,2020,0,1,0
1357,F,1984,1,0,0
1358,M,1963,0,0,1
1359,F,2003,0,0,0
1360,M,1980,0,0,1
1361,F,1978,1,0,0
1362,M,2002,0,0,0
1363,F,1945,0,0,1
1364,M,1977,0,0,1
1365,F,1989,0,0,0
1366,F,1985,0,0,0
1367,M,2005,0,0,0
1368,M,2005,0,0,0
1369,M,1991,0,0,0
1370,M,1990,0,0,1
1371,M,1987,0,0,1
1372,M,1941,0,0,0
1373,F,1965,0,0,0
1374,M,2011,0,0,0
1375,M,1949,0,0,1
1376,F,1991,0,0,0
1377,M,1962,0,0,0
1378,F,1990,0,0,0
1379,F,1979,0,0,0
1380,F,2004,0,0,0
1381,F,1973,0,0,1
1382,M,1958,0,0,0
1383,M,2009,0,0,0
1384,F,1958,0,0,0
1385,M,1996,0,0,0
1386,F,1930,0,0,0
1387,M,1961,0,1,1
1388,M,1967,0,0,0
1389,M,1985,0,0,0
1390,F,1930,0,0,0
1391,F,1991,0,0,0
1392,M,2001,0,1,0
1393,F,1995,0,0,0
1394,M,1952,0,0,1
1395,F,1979,0,0,0
1396,F,1983,0,0,0
1397,F,1991,0,0,0
1398,M,1984,0,0,0
1399,M,1992,0,0,0
1400,M,1964,1,0,0
1401,F,1987,0,0,0
1402,F,1995,0,0,0
1403,M,1955,0,0,1
1404,M,2000,0,1,0
1405,M,1979,0,0,0
1406,M,2012,0,0,0
1407,M,2006,1,0,0
1408,M,1989,1,0,0
1409,F,1993,0,0,0
1410,M,1993,0,0,0
1411,F,1961,0,0,0
1412,F,1959,0,0,1
1413,F,1974,0,0,0
1414,M,2001,0,0,0
1415,F,1984,0,0,1
1416,F,1930,0,0,1
1417,M,1930,0,1,1
1418,M,1955,0,0,1
1419,F,2001,0,0,0
1420,M,1984,0,0,1
1421,F,1976,0,0,0
1422,M,1980,0,0,0
1423,F,1951,0,1,1
1424,F,1962,0,0,1
1425,F,2001,0,0,0
1426,F,1994,0,0,1
1427,M,1955,0,0,1
1428,M,1940,0,1,0
1429,F,1976,0,0,1
1430,F,1934,0,0,1
1431,F,1979,0,0,0
1432,F,1999,1,0,0
1433,F,1965,0,0,0
1434,F,1930,0,0,0
1435,F,2005,0,0,1
1436,F,1936,0,0,1
1437,F,1967,1,0,0
1438,F,1995,0,0,0
1439,M,2012,0,0,0
1440,F,2016,0,0,0
1441,M,1993,0,0,0
1442,F,1972,0,0,0
1443,F,1958,1,1,1
1444,M,1950,0,0,0
1445,F,1974,0,1,0
1446,M,1978,0,0,0
1447,M,1989,1,1,0
1448,F,1971,0,1,0
1449,M,1995,0,0,1
1450,M,2004,0,0,0
1451,M,1980,0,0,1
1452,M,1960,0,0,1
1453,F,2007,0,0,0
1454,F,1993,1,0,0
1455,F,1981,0,1,0
1456,M,1981,0,0,1
1457,M,1968,0,0,0
1458,M,1930,1,1,1
1459,F,2015,0,0,0
1460,F,1930,0,0,0
1461,M,1930,0,0,1
1462,F,1957,0,0,0
1463,M,1976,0,0,1
1464,M,1995,0,0,0
1465,F,1957,0,0,1
1466,F,1975,0,0,1
1467,M,1988,0,0,1
1468,M,1958,0,0,1
1469,M,1952,0,0,0
1470,F,2019,0,0,0
1471,F,1940,1,0,1
1472,F,1997,1,1,0
1473,M,1946,0,0,1
1474,M,1988,1,0,1
1475,M,1976,0,0,1
1476,M,1971,0,1,0
1477,F,1949,0,0,1
1478,M,1962,0,0,1
1479,F,1989,0,0,0
1480,M,2015,0,1,0
1481,M,1968,1,0,1
1482,M,1977,0,0,0
1483,M,2005,0,0,1
1484,F,1974,0,0,1
1485,M,1981,0,0,0
1486,M,1941,0,1,1
1487,F,1930,0,0,1
1488,M,1953,0,0,1
1489,F,1982,1,0,0
1490,M,1979,0,0,1
1491,M,1997,0,0,1
1492,M,1994,1,1,1
1493,M,1984,0,0,0
1494,M,1986,0,0,1
1495,F,2005,0,1,0
1496,F,1940,0,0,1
1497,M,1934,0,0,1
1498,F,1941,0,0,1
1499,M,1933,1,0,0
1500,M,1930,0,0,1
1501,F,1997,0,0,0
1502,F,1930,1,1,1
1503,M,1989,0,1,1
1504,F,1964,0,0,0
1505,M,2008,0,0,0
1506,F,1991,0,0,0
1507,F,1952,0,0,1
1508,F,1962,0,0,1
1509,F,1989,1,0,0
1510,F,1979,0,0,1
1511,M,1993,1,0,0
1512,F,1952,0,0,1
1513,F,1937,0,1,1
1514,F,1997,0,0,0
1515,M,1981,0,0,0
1516,M,2006,0,0,0
1517,M,1975,1,1,1
1518,M,1967,0,0,0
1519,F,1973,1,0,0
1520,F,1969,0,0,0
1521,F,1984,0,0,0
1522,F,1983,0,0,1
1523,M,1984,0,0,1
1524,F,1992,1,0,1
1525,F,1990,0,1,0
1526,M,1968,0,0,1
1527,F,1940,0,0,0
1528,M,2000,0,0,0
1529,M,1983,1,0,1
1530,F,2003,0,0,0
1531,F,1992,0,0,0
1532,M,1988,1,0,1
1533,F,1977,0,1,1
1534,F,1977,0,0,0
1535,M,1981,0,0,0
1536,F,1971,0,0,0
1537,M,1998,0,1,0
1538,M,1977,0,0,0
1539,F,1961,0,0,0
1540,F,1998,0,0,0
1541,M,2010,0,0,0
1542,M,1953,0,0,1
1543,M,2002,0,0,1
1544,F,1992,1,0,0
1545,M,1962,1,1,1
1546,M,1999,0,0,0
1547,F,1955,0,0,0
1548,M,1995,0,0,0
1549,F,1997,0,0,0
1550,M,2003,0,0,0
1551,M,1995,1,1,0
1552,M,1966,0,0,0
1553,M,1992,0,0,0
1554,M,1953,0,0,1
1555,F,1980,0,1,0
1556,M,1978,1,0,1
1557,F,1998,1,0,1
1558,F,1947,0,0,0
1559,F,1961,0,1,1
1560,F,1962,0,0,1
1561,M,1985,0,0,1
1562,F,2004,0,0,0
1563,M,1977,0,1,1
1564,M,1968,1,0,0
1565,F,1967,1,0,1
1566,F,1971,0,0,0
1567,M,1972,0,1,1
1568,M,1995,0,0,0
1569,F,1994,0,0,0
1570,M,2003,1,0,0
1571,M,1952,0,0,0
1572,F,1930,0,1,0
1573,M,1930,0,0,1
1574,M,1975,0,0,0
1575,F,1972,0,0,1
1576,M,1984,0,0,0
1577,M,1976,1,0,1
1578,F,1999,0,0,1
1579,F,1985,0,0,0
1580,M,1997,0,0,1
1581,M,1987,1,0,0
1582,F,1996,0,0,0
1583,M,1968,0,0,0
1584,F,1964,0,0,1
1585,F,1973,1,1,1
1586,F,1994,1,0,0
1587,M,2004,1,0,1
1588,F,1964,0,0,1
1589,M,1981,1,0,1
1590,F,2011,0,0,0
1591,M,1977,0,0,0
1592,M,1972,0,0,0
1593,M,2008,0,0,0
1594,M,1967,0,0,1
1595,F,2006,0,0,0
1596,F,1996,0,0,1
1597,F,2006,0,0,0
1598,F,1998,0,0,0
1599,M,2003,0,0,0
1600,M,1952,0,0,0
1601,M,1986,0,0,0
1602,F,1990,0,0,0
1603,M,1949,0,1,0
1604,M,1951,0,1,0
1605,M,1989,0,0,0
1606,F,1974,1,0,1
1607,M,1993,0,0,0
1608,F,1983,1,0,0
1609,M,2001,1,0,0
1610,F,1970,0,0,0
1611,M,1947,0,1,0
1612,M,1954,1,0,1
1613,M,1980,0,0,0
1614,M,2012,0,0,0
1615,F,1994,0,0,1
1616,M,1983,0,0,0
1617,M,2005,0,0,1
1618,F,2007,0,0,0
1619,M,1937,0,1,0
1620,M,1958,1,0,0
1621,F,1968,1,0,0
1622,F,1962,0,0,1
1623,F,2003,1,0,0
1624,F,1998,0,0,0
1625,M,1975,0,1,0
1626,F,1973,0,1,0
1627,F,2006,0,1,0
1628,F,1977,0,0,1
1629,M,1983,0,0,0
1630,F,1955,0,0,1
1631,F,1973,0,0,0
1632,M,1932,0,0,0
1633,F,1989,0,0,0
1634,F,2002,0,1,1
1635,M,1933,0,1,1
1636,M,1972,0,0,0
1637,M,1982,0,0,0
1638,M,1998,0,0,0
1639,F,1989,0,0,0
1640,M,1990,0,0,0
1641,F,2003,0,0,0
1642,M,2014,0,0,1
1643,F,1990,1,0,1
1644,M,1961,0,1,0
1645,F,1944,0,1,1
1646,F,1954,0,1,0
1647,M,1952,0,1,0
1648,F,2001,1,0,1
1649,M,1975,0,0,0
1650,M,1968,1,0,1
1651,F,1966,0,0,1
1652,F,1983,0,1,0
1653,F,1978,1,0,0
1654,F,1930,0,1,0
1655,M,1955,0,0,0
1656,F,1969,0,0,0
1657,F,1963,0,0,0
1658,M,1991,0,0,0
1659,M,1965,0,0,0
1660,M,1978,0,0,0
1661,M,1959,1,0,0
1662,M,1995,1,0,0
1663,F,1961,0,0,1
1664,F,1988,0,0,0
1665,M,1961,0,0,0
1666,M,1975,0,1,0
1667,F,1980,0,0,0
1668,M,1987,0,0,0
1669,F,1982,0,0,0
1670,F,1990,0,0,0
1671,F,1988,0,0,0
1672,F,1969,0,0,0
1673,F,2009,0,0,0
1674,M,1962,0,0,1
1675,F,1961,1,0,0
1676,F,1987,0,1,1
1677,F,1977,0,0,0
1678,M,1999,0,0,0
1679,M,1971,0,0,1
1680,F,1998,0,0,0
1681,M,2019,0,0,0
1682,M,1946,0,0,1
1683,M,2001,1,0,1
1684,M,1983,0,0,0
1685,M,1976,1,1,1
1686,F,1969,0,0,0
1687,F,1981,0,0,1
1688,F,1974,0,0,0
1689,M,1987,0,0,0
1690,M,2007,1,1,0
1691,F,1982,0,0,0
1692,M,1966,0,0,1
1693,M,2000,0,0,0
1694,F,1976,0,0,0
1695,M,1930,0,0,1
1696,F,1983,0,0,0
1697,F,1982,0,0,0
1698,M,2008,0,0,0
1699,F,2002,0,0,0
1700,M,1997,0,0,0
1701,M,1967,0,1,1
1702,M,1999,0,0,1
1703,M,2012,0,0,0
1704,M,1972,0,0,0
1705,M,1996,0,0,0
1706,M,2008,1,0,0
1707,F,1963,0,0,1
1708,M,1989,1,0,0
1709,F,1969,0,0,1
1710,F,2008,0,1,1
1711,F,2015,0,0,0
1712,M,1978,0,0,1
1713,F,2002,0,0,0
1714,M,1979,0,0,0
1715,M,1978,0,0,0
1716,M,1981,1,0,0
1717,F,1952,0,0,0
1718,M,1930,0,0,0
1719,M,1972,0,1,1
1720,M,1930,0,0,1
1721,M,2009,0,0,0
1722,F,1989,1,0,0
1723,M,2005,1,0,0
1724,M,1995,0,0,0
1725,F,1988,0,0,0
1726,F,1930,0,0,1
1727,M,1980,0,0,0
1728,M,1951,0,1,1
1729,F,1990,1,0,0
1730,F,1993,0,0,0
1731,M,2009,0,0,0
1732,M,1930,0,0,1
1733,M,1939,1,0,0
1734,F,1976,0,0,0
1735,M,1987,0,0,0
1736,M,1979,0,0,0
1737,F,2005,0,0,0
1738,F,1969,1,0,1
1739,F,1942,0,0,1
1740,F,1940,0,0,0
1741,F,2008,0,0,0
1742,F,1951,0,1,1
1743,F,2005,0,0,0
1744,F,2015,0,0,0
1745,F,1950,0,1,0
1746,F,1992,1,0,0
1747,M,1955,0,0,1
1748,F,1958,0,0,0
1749,M,1962,1,0,0
1750,M,1979,0,1,1
1751,F,2004,1,0,0
1752,M,1988,0,0,0
1753,M,1939,0,1,1
1754,F,1954,0,0,0
1755,M,1987,1,0,1
1756,F,1987,0,0,1
1757,M,1965,0,1,0
1758,F,1978,0,0,0
1759,F,1986,0,0,0
1760,M,1968,0,0,1
1761,M,1969,0,0,0
1762,F,1994,0,0,0
1763,F,1973,0,0,0
1764,M,1970,0,0,0
1765,F,1981,0,0,0
1766,M,1996,0,0,0
1767,F,1988,0,0,1
1768,F,1999,0,0,0
1769,F,1972,0,0,0
1770,M,2008,0,0,0
1771,M,1935,0,0,1
1772,F,1944,1,0,0
1773,F,1970,0,0,0
1774,M,1956,0,1,0
1775,F,1959,0,0,0
1776,F,1977,0,0,0
1777,F,1985,0,0,0
1778,M,1987,0,0,1
1779,M,1933,0,0,1
1780,M,1997,0,1,0
1781,M,1996,0,0,0
1782,F,1953,0,0,0
1783,F,1957,0,0,1
1784,M,1986,0,1,0
1785,F,1967,0,0,1
1786,M,1963,1,0,1
1787,F,2005,1,0,1
1788,M,1942,0,0,0
1789,M,1963,0,0,1
1790,F,1969,0,0,1
1791,M,1963,0,0,0
1792,F,1973,0,0,1
1793,F,1983,1,0,0
1794,M,2012,0,0,0
1795,F,1977,0,1,1
1796,F,2006,0,0,0
1797,M,1930,1,0,0
1798,M,1983,0,0,0
1799,M,1930,0,0,0
1800,M,1977,1,1,0
1801,M,1993,0,0,1
1802,F,1943,0,0,1
1803,M,1970,0,0,1
1804,F,1930,0,1,0
1805,F,1993,1,0,0
1806,F,1941,1,0,1
1807,M,1939,0,1,1
1808,F,1960,0,0,0
1809,F,1938,0,0,0
1810,M,1982,0,0,0
1811,M,1997,0,0,0
1812,M,1991,1,0,0
1813,F,1978,1,0,0
1814,F,1959,1,0,0
1815,M,1996,0,1,0
1816,M,1987,0,1,0
1817,F,1994,0,0,1
1818,M,1953,0,0,0
1819,F,1930,0,1,1
1820,F,2000,1,0,0
1821,F,1965,1,0,0
1822,F,1948,1,0,1
1823,M,1984,1,0,0
1824,M,2005,0,0,0
1825,M,1943,0,0,0
1826,F,2006,0,0,0
1827,F,1931,0,0,0
1828,F,1995,0,0,0
1829,F,2007,0,0,0
1830,F,1990,1,0,1
1831,F,1980,0,0,0
1832,M,1975,0,0,1
1833,M,1963,0,0,1
1834,M,1973,0,0,1
1835,F,1930,0,0,1
1836,M,1981,0,0,0
1837,M,1972,0,1,0
1838,M,1974,0,0,1
1839,F,2009,0,0,0
1840,F,2002,0,1,0
1841,M,1978,0,0,0
1842,F,1968,0,0,0
1843,F,2013,0,0,0
1844,M,1930,0,0,0
1845,M,1966,0,0,1
1846,F,1980,0,0,0
1847,M,1967,0,0,0
1848,F,1991,1,0,0
1849,M,1975,0,0,0
1850,F,1971,0,0,0
1851,F,1943,0,0,1
1852,F,1983,0,0,0
1853,F,2005,1,0,0
1854,M,1997,0,0,0
1855,M,1985,0,0,0
1856,F,2004,0,0,1
1857,F,1999,0,0,0
1858,F,1997,0,0,1
1859,M,1987,0,0,0
1860,M,1966,0,0,1
1861,M,1988,1,0,0
1862,F,1964,0,0,0
1863,M,1980,0,0,1
1864,F,1998,0,0,0
1865,F,1970,0,0,1
1866,F,1975,0,0,0
1867,F,1963,1,0,1
1868,M,1957,0,1,1
1869,M,1941,0,0,0
1870,M,1965,0,0,1
1871,M,1976,0,0,1
1872,M,1963,0,1,0
1873,F,1990,0,0,0
1874,F,1991,1,0,1
1875,F,1936,0,0,0
1876,F,1992,0,0,0
1877,M,1997,0,0,0
1878,M,1965,0,0,1
1879,M,1989,0,0,1
1880,M,1957,0,0,1
1881,M,1944,0,0,0
1882,F,1994,0,0,1
1883,F,1962,0,0,0
1884,M,1992,0,0,0
1885,F,1985,1,0,0
1886,M,1972,1,1,0
1887,F,1991,0,0,1
1888,F,1974,0,0,1
1889,F,1983,0,1,0
1890,M,1957,0,0,0
1891,F,1957,1,0,0
1892,M,1991,0,0,0
1893,M,1971,0,0,0
1894,F,1951,0,0,0
1895,M,1999,0,0,0
1896,M,1983,0,0,1
1897,F,1972,0,0,0
1898,F,2000,1,0,0
1899,M,1989,1,0,0
1900,M,1930,1,1,1
1901,F,1992,1,1,0
1902,F,1990,0,0,0
1903,F,2007,0,0,1
1904,M,1966,0,0,1
1905,M,2002,1,0,0
1906,F,1983,0,0,1
1907,F,1997,0,0,0
1908,F,1974,0,1,1
1909,F,2018,0,0,0
1910,F,1978,0,0,0
1911,F,1972,0,0,1
1912,F,1988,0,0,0
1913,F,1987,0,0,0
1914,M,1991,0,0,1
1915,F,1983,0,0,0
1916,M,1935,0,0,1
1917,M,1956,0,0,0
1918,M,1983,1,0,0
1919,F,1989,0,0,0
1920,M,1959,1,0,1
1921,F,1976,0,0,0
1922,F,2000,0,0,0
1923,F,1985,0,0,0
1924,M,1940,1,0,1
1925,M,1967,0,0,1
1926,F,1988,0,0,1
1927,F,2006,0,0,1
1928,M,1974,0,0,0
1929,M,1979,1,0,0
1930,M,1984,0,0,0
1931,F,1958,0,0,0
1932,M,1966,0,0,0
1933,M,2006,0,0,0
1934,M,1979,0,0,0
1935,F,2003,0,0,0
1936,F,1990,0,0,0
1937,F,2004,0,0,0
1938,M,2003,0,0,0
1939,F,1971,0,0,0
1940,M,1974,0,0,1
1941,F,1981,0,1,0
1942,F,1992,0,0,1
1943,M,2005,0,0,0
1944,M,1990,0,0,0
1945,F,1974,0,0,0
1946,F,1974,0,0,0
1947,M,1941,0,0,1
1948,F,1947,0,0,0
1949,F,1980,0,0,0
1950,M,1990,0,0,0
1951,M,1996,1,0,1
1952,F,2007,1,0,0
1953,F,2002,0,0,1
1954,M,1974,1,0,0
1955,M,1964,0,0,1
1956,M,1987,0,0,0
1957,F,1930,0,0,1
1958,M,2001,0,0,0
1959,M,2008,0,0,0
1960,M,1930,0,1,0
1961,M,2005,1,0,0
1962,M,1987,0,0,0
1963,M,1995,0,0,1
1964,F,1972,0,0,1
1965,F,1988,0,0,0
1966,M,1964,0,0,1
1967,F,1958,0,1,0
1968,M,2007,0,0,0
1969,M,1997,1,0,1
1970,F,1962,0,0,1
1971,F,1951,0,1,0
1972,M,1977,0,0,0
1973,M,1970,0,0,0
1974,F,1938,0,1,0
1975,M,1988,0,0,0
1976,F,1977,0,1,1
1977,F,1947,0,0,1
1978,M,1944,0,0,0
1979,M,1983,0,0,1
1980,F,1996,0,0,0
1981,F,1983,0,0,1
1982,F,1981,0,0,1
1983,F,1997,0,0,0
1984,M,1994,0,0,0
1985,M,1944,0,0,0
1986,M,1969,0,0,1
1987,M,1987,1,0,1
1988,F,2001,0,0,0
1989,F,1994,0,0,0
1990,M,2009,0,0,0
1991,M,1976,1,1,1
1992,M,1995,0,0,0
1993,M,1974,1,0,0
1994,F,1962,0,0,0
1995,M,1974,0,0,0
1996,M,1989,1,0,0
1997,F,1998,0,0,0
1998,F,2003,0,0,0
1999,F,1948,0,0,1
2000,M,1975,0,1,1
2001,M,1988,0,0,0
2002,M,1966,1,0,0
2003,F,1954,0,0,1
2004,M,1995,0,1,1
2005,M,1975,0,0,0
2006,F,1975,0,0,1
2007,M,1940,0,1,0
2008,F,1988,0,1,0
2009,M,1998,1,0,0
2010,M,1973,0,0,1
2011,M,1964,0,0,0
2012,F,1977,0,0,0
2013,M,1937,0,0,1
2014,F,1988,0,0,0
2015,F,1977,0,0,0
2016,F,2006,0,0,0
2017,M,1999,0,1,0
2018,M,1995,0,0,1
2019,M,1985,0,0,0
2020,F,2004,0,0,0
2021,M,1967,0,0,0
2022,F,1996,0,1,1
2023,M,1930,0,1,1
2024,M,1996,0,0,0
2025,M,1979,0,1,0
2026,M,1982,0,0,0
2027,F,2000,0,0,0
2028,M,1985,0,0,0
2029,F,1985,0,0,0
2030,M,1958,0,0,1
2031,F,1972,0,1,1
2032,F,1967,0,0,0
2033,F,1958,0,1,0
2034,M,1967,0,1,0
2035,F,1976,1,0,0
2036,M,1995,0,0,1
2037,M,1977,0,0,1
2038,F,1998,1,0,1
2039,F,1984,0,0,1
2040,M,1986,0,0,0
2041,M,1985,0,0,0
2042,F,2004,0,0,0
2043,F,2018,0,0,0
2044,F,1990,0,0,0
2045,F,1951,0,0,1
2046,F,1980,1,0,1
2047,M,1953,0,0,0
2048,M,1998,0,0,1
2049,F,1991,0,0,0
2050,F,1930,0,1,0
2051,M,1997,0,0,0
2052,M,1968,0,0,0
2053,M,1968,1,0,0
2054,M,1971,0,0,0
2055,M,1967,1,0,1
2056,F,1997,0,0,0
2057,M,1989,0,0,0
2058,M,2017,0,0,0
2059,F,1938,0,0,0
2060,F,1967,0,0,1
2061,M,1995,0,0,0
2062,M,1998,0,0,1
2063,M,1950,0,0,1
2064,F,1996,0,1,0
2065,M,1995,0,0,1
2066,M,2001,0,0,0
2067,F,1962,0,1,0
2068,M,1954,0,0,1
2069,F,1986,0,0,0
2070,M,1954,0,0,0
2071,M,1973,0,0,1
2072,M,2002,0,0,0
2073,M,1941,0,0,1
2074,F,2001,1,0,0
2075,M,1985,0,0,1
2076,F,1986,1,0,0
2077,M,1990,0,0,0
2078,M,2012,0,0,0
2079,F,1930,0,1,0
2080,F,2011,0,0,0
2081,M,1939,0,0,1
2082,M,1998,0,0,0
2083,M,1993,1,0,0
2084,M,1943,0,0,0
2085,M,1970,0,0,0
2086,F,2006,0,0,0
2087,F,2006,0,0,0
2088,F,1974,0,0,0
2089,M,2001,0,1,0
2090,M,1969,0,0,1
2091,M,1966,0,0,0
2092,F,1997,0,0,0
2093,F,1992,0,0,0
2094,M,1973,0,1,1
2095,F,1997,0,0,1
2096,M,1980,0,0,1
2097,M,1930,0,1,0
2098,M,1972,0,0,0
2099,M,1989,0,0,1
2100,M,1930,0,0,0
2101,M,1960,1,0,0
2102,F,2001,0,0,0
2103,M,1998,1,0,0
2104,F,2009,0,0,0
2105,M,1974,1,0,1
2106,M,2013,0,0,0
2107,M,1930,0,0,1
2108,F,1987,0,0,0
2109,M,1958,1,0,0
2110,M,1989,0,0,0
2111,M,1974,0,1,1
2112,F,1984,0,0,1
2113,M,1980,0,0,0
2114,F,1947,1,0,1
2115,M,1930,0,0,1
2116,M,1933,0,0,1
2117,M,1930,0,0,0
2118,F,1996,0,0,1
2119,F,1972,0,0,0
2120,M,1995,0,0,0
2121,M,1949,0,0,1
2122,F,2000,0,0,1
2123,F,1947,0,0,1
2124,F,1977,0,0,1
2125,M,1983,0,0,1
2126,F,1981,0,0,0
2127,F,2003,0,0,1
2128,M,2001,0,0,0
2129,M,1976,0,0,0
2130,M,1976,1,0,1
2131,F,1994,0,0,0
2132,F,1987,0,0,1
2133,M,1969,1,0,0
2134,M,1997,1,0,0
2135,F,2011,0,0,0
2136,M,1937,0,1,1
2137,M,1974,0,0,0
2138,F,1991,1,0,1
2139,M,1995,0,0,0
2140,F,1997,0,0,0
2141,M,1949,0,0,1
2142,M,2005,0,1,0
2143,F,1972,0,0,0
2144,M,1972,0,0,0
2145,F,1961,0,0,1
2146,M,1990,0,0,0
2147,F,1941,1,0,1
2148,M,1961,0,0,0
2149,F,1990,0,0,0
2150,F,1996,0,1,0
2151,F,1984,0,0,0
2152,M,1991,1,1,0
2153,M,1999,0,0,0
2154,F,1980,0,0,0
2155,F,1987,0,0,0
2156,M,1931,0,0,1
2157,F,1991,0,0,1
2158,M,1996,0,0,0
2159,M,1981,0,1,0
2160,F,1975,0,0,0
2161,F,1973,0,0,0
2162,F,1974,0,0,1
2163,F,1980,0,0,0
2164,F,1982,1,0,0
2165,M,1966,0,1,1
2166,F,2000,0,0,0
2167,M,1996,0,0,0
2168,F,2008,0,1,0
2169,F,2000,0,1,1
2170,F,1953,0,1,0
2171,F,1967,0,0,1
2172,F,1930,0,0,1
2173,M,1936,0,0,0
2174,M,1967,0,0,1
2175,M,1978,0,0,0
2176,F,1981,0,0,1
2177,F,2014,0,0,0
2178,F,1983,0,1,0
2179,M,1993,0,0,0
2180,F,1999,0,0,0
2181,M,1971,1,0,0
2182,M,1986,1,0,0
2183,F,1979,0,0,0
2184,M,2001,0,0,0
2185,M,1959,0,0,1
2186,F,1991,0,0,0
2187,F,1973,0,0,0
2188,M,1989,0,0,0
2189,F,2015,0,0,0
2190,M,1970,0,0,0
2191,M,1985,0,0,0
2192,F,2008,0,0,0
2193,F,2003,1,0,1
2194,F,1958,0,0,0
2195,M,2008,0,0,0
2196,M,1991,0,0,0
2197,M,1930,1,0,0
2198,M,1970,0,1,1
2199,M,1963,0,0,1
2200,M,1988,0,0,0
2201,F,2009,0,0,0
2202,F,1977,0,0,0
2203,F,2002,1,0,1
2204,F,2003,0,1,0
2205,M,1980,1,0,0
2206,F,2001,0,0,1
2207,M,1983,1,1,0
2208,F,1995,0,0,1
2209,M,1983,0,0,1
2210,M,1993,0,0,0
2211,F,1983,1,0,1
2212,F,1940,1,0,0
2213,F,1962,0,0,0
2214,M,1985,0,0,0
2215,M,1947,0,1,1
2216,M,1973,0,0,1
2217,M,1949,1,0,1
2218,M,2007,0,0,1
2219,M,2001,0,0,0
2220,M,1977,0,1,0
2221,M,1986,0,0,1
2222,M,1983,0,1,1
2223,M,1968,1,0,1
2224,F,1977,0,0,0
2225,F,1959,1,0,0
2226,M,1960,1,0,0
2227,M,2000,1,0,0
2228,M,2015,0,0,0
2229,M,2001,1,0,1
2230,M,2002,0,0,0
2231,M,1981,1,0,0
2232,F,1981,0,0,1
2233,M,1987,0,1,1
2234,F,1971,1,0,1
2235,M,1930,1,0,0
2236,F,1987,0,0,0
2237,F,1976,0,0,1
2238,F,1983,0,0,1
2239,M,1994,0,0,0
2240,F,1968,0,0,0
2241,F,1988,0,0,0
2242,M,1998,0,0,0
2243,M,1997,0,0,1
2244,F,1958,0,0,1
2245,F,1969,0,0,0
2246,F,1992,0,0,0
2247,F,1972,0,0,0
2248,F,1982,0,0,0
2249,M,1976,0,0,0
2250,M,1995,0,0,0
2251,M,2001,0,0,0
2252,F,1988,0,0,1
2253,M,1999,0,0,0
2254,M,2000,0,0,1
2255,F,2006,0,0,1
2256,F,2015,0,0,0
2257,F,1992,0,0,0
2258,M,1952,1,1,0
2259,F,1961,1,0,1
2260,F,1933,0,0,0
2261,F,2001,0,0,0
2262,M,1966,0,1,1
2263,M,1985,0,0,0
2264,F,1997,0,0,0
2265,M,1956,0,0,0
2266,F,1985,0,0,0
2267,F,2011,0,0,0
2268,F,1961,0,0,0
2269,M,1974,1,0,0
2270,M,1980,1,0,0
2271,M,2004,1,1,1
2272,F,1977,0,0,1
2273,M,1940,0,1,0
2274,F,1974,0,0,1
2275,M,2008,0,0,0
2276,M,1973,0,0,0
2277,M,1974,0,0,0
2278,M,1964,1,0,1
2279,F,1975,0,0,1
2280,M,2000,0,0,0
2281,F,1981,0,1,0
2282,F,1988,0,0,0
2283,M,1978,0,0,0
2284,M,1954,0,0,0
2285,M,1995,0,0,1
2286,M,1930,0,0,0
2287,F,1973,0,0,1
2288,M,1961,0,0,0
2289,M,1965,0,1,0
2290,F,1974,0,0,0
2291,M,1969,0,0,0
2292,F,2021,0,0,0
2293,F,1965,1,0,1
2294,F,1999,0,0,0
2295,F,1984,0,0,0
2296,M,1974,0,0,0
2297,M,1953,1,0,1
2298,M,1999,0,0,0
2299,F,1992,0,0,0
2300,M,1989,0,0,0
2301,M,1978,0,0,1
2302,M,1988,0,0,0
2303,M,1969,0,0,1
2304,M,2010,0,0,0
2305,F,1986,0,0,0
2306,M,1936,0,0,0
2307,F,1988,0,0,0
2308,F,1973,1,1,0
2309,F,1958,0,0,0
2310,F,1973,1,1,0
2311,M,1930,0,0,1
2312,M,1980,1,0,0
2313,M,1967,0,0,0
2314,M,1977,0,0,0
2315,F,1944,0,0,1
2316,F,1991,1,0,1
2317,F,1930,0,0,1
2318,F,1995,0,0,0
2319,M,1931,0,0,1
2320,F,2001,0,0,0
2321,F,1966,0,0,0
2322,F,1982,0,0,0
2323,F,1959,1,0,1
2324,M,1972,0,1,1
2325,F,1961,0,0,0
2326,F,2001,0,0,0
2327,M,2009,0,1,0
2328,M,2003,0,0,0
2329,M,2004,1,0,1
2330,M,2001,0,1,0
2331,F,1994,0,0,0
2332,M,1994,1,1,0
2333,F,1982,0,1,0
2334,F,1998,0,0,0
2335,M,1997,1,0,0
2336,F,1987,0,0,1
2337,F,1955,0,0,0
2338,F,1991,0,0,0
2339,M,1983,1,0,0
2340,F,1980,0,0,0
2341,M,2000,0,0,0
2342,F,1989,0,0,1
2343,F,1996,0,0,0
2344,M,1958,0,0,0
2345,F,1961,0,1,0
2346,F,1997,0,0,0
2347,F,1984,1,0,1
2348,F,1967,0,0,0
2349,M,1975,0,0,1
2350,F,1972,0,0,0
2351,F,2000,0,0,0
2352,F,1933,0,0,1
2353,M,1994,0,0,0
2354,F,1995,0,1,1
2355,M,2005,0,1,0
2356,F,1986,0,0,0
2357,M,1951,0,0,0
2358,M,1975,0,0,0
2359,F,1984,0,0,0
2360,M,1963,0,0,1
2361,F,1952,1,0,0
2362,F,1961,0,0,0
2363,F,2011,0,0,0
2364,M,1963,0,0,0
2365,M,1971,0,0,1
2366,M,1998,0,0,0
2367,F,1971,0,0,1
2368,M,1951,0,1,0
2369,M,1994,1,0,1
2370,M,1958,0,0,0
2371,M,1975,0,0,0
2372,M,2019,0,0,0
2373,F,1983,0,0,0
2374,F,1976,0,0,0
2375,M,1988,0,0,0
2376,M,1974,0,0,0
2377,F,1985,0,0,1
2378,M,1930,0,0,1
2379,F,1990,0,0,0
2380,M,1997,0,0,0
2381,F,1960,0,0,1
2382,M,1987,1,0,1
2383,M,1984,0,0,0
2384,F,1986,0,1,0
2385,M,1962,0,0,0
2386,F,2001,0,0,0
2387,F,1958,0,1,0
2388,M,1969,0,0,0
2389,M,1930,0,1,1
2390,M,1978,0,0,0
2391,F,2001,0,0,0
2392,M,1977,0,0,0
2393,M,1974,0,0,1
2394,M,1948,1,0,1
2395,M,2001,0,0,1
2396,F,2008,0,0,0
2397,F,1977,0,0,0
2398,F,1930,0,0,1
2399,F,1965,0,0,0
2400,F,1963,1,0,1
2401,M,2005,0,0,0
2402,M,1981,0,0,0
2403,M,1947,0,0,0
2404,M,1974,0,0,0
2405,F,2008,0,0,0
2406,F,1981,0,1,1
2407,F,1967,0,0,0
2408,F,2021,0,0,0
2409,M,1984,0,0,0
2410,M,1999,0,0,0
2411,M,1959,0,1,0
2412,M,1991,1,0,0
2413,M,1971,0,0,1
2414,F,1982,0,0,1
2415,M,1991,1,0,0
2416,M,1930,0,0,1
2417,M,1993,1,0,1
2418,F,1980,0,0,0
2419,F,1982,0,0,0
2420,F,1977,0,0,0
2421,F,1930,1,0,0
2422,M,1967,0,0,0
2423,M,1991,0,0,0
2424,M,1938,0,0,1
2425,M,1962,0,1,1
2426,F,1991,0,0,0
2427,M,1945,0,0,1
2428,F,2005,0,1,0
2429,F,2002,1,1,0
2430,F,2009,0,0,1
2431,M,2013,0,0,0
2432,M,1948,1,0,1
2433,F,1977,0,0,0
2434,F,2008,1,0,0
2435,F,1982,0,0,0
2436,F,1957,0,0,1
2437,M,1996,0,0,0
2438,M,1988,0,0,1
2439,F,1930,0,0,1
2440,M,1987,0,0,0
2441,M,2007,0,0,0
2442,F,1993,0,0,0
2443,M,2009,0,0,0
2444,M,1964,0,0,1
2445,F,1999,0,0,1
2446,M,1999,0,0,0
2447,M,1930,0,1,1
2448,M,2004,0,0,1
2449,M,2006,0,1,0
2450,M,2001,1,0,0
2451,M,1956,0,1,0
2452,F,1968,0,0,1
2453,F,1993,0,0,0
2454,F,1994,0,0,0
2455,M,1971,0,0,0
2456,F,1976,0,0,0
2457,F,1985,0,0,1
2458,F,1967,0,1,1
2459,F,2002,0,0,0
2460,M,1998,0,0,0
2461,F,1966,0,0,1
2462,F,1974,0,1,0
2463,F,2014,0,0,0
2464,M,1981,1,0,0
2465,F,1930,0,1,1
2466,M,1961,0,0,0
2467,F,1992,1,0,0
2468,F,1997,0,0,1
2469,F,1973,0,0,0
2470,F,1948,0,1,0
2471,F,2010,0,0,0
2472,M,1975,0,0,0
2473,M,1989,0,1,0
2474,F,1977,0,0,0
2475,M,2007,1,0,1
2476,F,1948,0,0,0
2477,F,1937,0,0,1
2478,F,1964,0,0,0
2479,M,1930,0,0,1
2480,M,1990,1,0,1
2481,F,1975,0,0,0
2482,M,1963,0,0,1
2483,F,1972,0,1,1
2484,F,1987,0,1,0
2485,M,1985,0,0,0
2486,M,1941,0,0,1
2487,F,1982,0,0,0
2488,F,1950,0,1,0
2489,M,1983,0,0,1
2490,F,1950,0,1,0
2491,F,1980,0,1,0
2492,M,1966,1,0,1
2493,M,1995,0,0,0
2494,M,1975,1,0,1
2495,M,1995,1,0,0
2496,M,1990,0,0,0
2497,F,1989,0,0,1
2498,M,1985,0,0,1
2499,M,1955,0,0,0
2500,M,1991,0,0,0
2501,F,1978,0,0,1
2502,M,1950,0,0,1
2503,F,1967,0,0,1
2504,F,2010,0,0,0
2505,F,2007,1,0,0
2506,M,1972,0,0,0
2507,F,1992,1,1,0
2508,M,2008,0,0,0
2509,F,1993,0,0,1
2510,M,1971,0,0,0
2511,F,1989,0,0,1
2512,F,1980,0,1,1
2513,M,1987,0,0,0
2514,M,1996,0,0,0
2515,F,1976,0,0,1
2516,F,2010,0,0,0
2517,M,1998,0,0,1
2518,F,1961,1,0,1
2519,F,2007,0,0,0
2520,M,1982,0,0,1
2521,F,1990,0,0,0
2522,F,1992,0,0,0
2523,F,1958,1,0,1
2524,F,1951,0,0,1
2525,M,2001,0,1,0
2526,F,1985,1,0,0
2527,F,2012,0,0,0
2528,F,1960,0,0,0
2529,F,1983,0,1,1
2530,F,2007,0,1,0
2531,M,1997,0,0,1
2532,F,2003,0,0,0
2533,M,1998,0,1,1
2534,F,2011,0,0,0
2535,M,1942,0,0,0
2536,M,2001,0,0,0
2537,F,1982,0,0,0
2538,F,1971,0,0,0
2539,M,1951,0,0,0
2540,M,1981,0,0,0
2541,F,1987,0,0,1
2542,M,1980,1,0,0
2543,M,2001,0,0,0
2544,F,2000,0,0,1
2545,M,1988,0,0,0
2546,M,2014,0,0,0
2547,M,1995,0,0,0
2548,M,1992,1,0,0
2549,M,1930,1,0,1
2550,M,1946,0,0,1
2551,F,1971,0,1,1
2552,F,1959,1,0,1
2553,M,2000,1,0,0
2554,M,1979,0,1,0
2555,F,1963,0,0,0
2556,F,2000,1,0,1
2557,M,2007,0,1,0
2558,M,1974,0,0,0
2559,F,2006,0,0,0
2560,F,1969,0,0,1
2561,M,1952,0,1,0
2562,F,2000,0,0,0
2563,M,1999,0,0,0
2564,M,1953,0,0,1
2565,F,1981,0,0,0
2566,F,1958,0,0,0
2567,F,1987,1,0,0
2568,F,1986,0,0,0
2569,F,1981,0,1,1
2570,F,1932,0,0,1
2571,M,1960,0,0,0
2572,F,1996,0,1,0
2573,M,1977,0,0,1
2574,F,1989,0,0,1
2575,M,1992,0,0,0
2576,F,1970,1,0,0
2577,F,1975,0,0,0
2578,F,2000,1,1,0
2579,M,1981,0,0,0
2580,M,1993,0,0,0
2581,M,1971,0,0,1
2582,F,1994,0,0,0
2583,M,1986,0,0,0
2584,M,1992,0,0,0
2585,F,2010,0,0,1
2586,M,1934,0,1,1
2587,M,1981,0,0,0
2588,M,1933,0,0,1
2589,M,1980,0,0,1
2590,M,1964,0,0,0
2591,F,1995,1,0,1
2592,M,1994,0,0,1
2593,M,1983,0,0,0
2594,M,1933,0,0,1
2595,M,1999,1,0,1
2596,F,2012,0,0,0
2597,M,1954,1,0,0
2598,F,1963,0,1,0
2599,F,1991,1,0,0
2600,F,1930,0,0,0
2601,M,1930,0,0,1
2602,F,2011,0,1,0
2603,F,1995,0,0,0
2604,F,1983,0,0,0
2605,M,1972,1,0,0
2606,F,1976,0,0,0
2607,F,1982,0,1,0
2608,M,2001,0,0,1
2609,M,1969,0,0,0
2610,F,1967,0,0,0
2611,F,1956,0,0,1
2612,M,2003,0,0,0
2613,M,1986,0,0,0
2614,M,1992,0,0,0
2615,F,2004,0,0,0
2616,F,1987,0,0,1
2617,M,2001,0,0,0
2618,F,2006,0,1,1
2619,M,1962,0,0,1
2620,F,1991,0,0,0
2621,F,1996,0,0,1
2622,F,1948,1,1,1
2623,F,1966,0,0,0
2624,M,2013,0,0,0
2625,M,1972,0,0,0
2626,M,1972,0,0,0
2627,M,1988,1,0,1
2628,F,1988,0,0,0
2629,F,2009,0,0,0
2630,M,1930,0,0,1
2631,F,1987,0,1,1
2632,M,1973,1,1,0
2633,M,1986,1,0,0
2634,F,1996,1,0,1
2635,M,1960,0,1,1
2636,F,1978,0,1,0
2637,M,1987,0,0,0
2638,F,1974,0,0,0
2639,M,1984,0,0,0
2640,F,1930,0,0,1
2641,F,1961,0,1,0
2642,F,1969,0,0,0
2643,F,2008,0,0,0
2644,F,1968,0,0,0
2645,F,1969,0,0,0
2646,F,2000,0,0,0
2647,M,2008,0,1,0
2648,M,1962,0,0,0
2649,M,1958,0,1,1
2650,F,1994,0,0,0
2651,F,1995,0,0,0
2652,F,1979,0,1,0
2653,M,1991,0,0,0
2654,M,2008,0,0,0
2655,F,2001,0,0,0
2656,M,1974,0,0,0
2657,M,2000,0,0,0
2658,F,1957,0,1,0
2659,F,1970,1,0,0
2660,M,1973,0,0,1
2661,F,1979,0,0,0
2662,F,1996,0,0,1
2663,F,1966,0,0,0
2664,F,1997,0,0,0
2665,F,1955,0,1,1
2666,M,1937,0,0,1
2667,M,1978,0,1,0
2668,M,1943,0,1,0
2669,M,2000,1,0,0
2670,F,1969,0,0,0
2671,M,1982,1,0,0
2672,F,1962,0,1,0
2673,M,2013,0,0,0
2674,F,1964,0,0,1
2675,M,1995,1,0,0
2676,M,1981,1,0,0
2677,M,1930,0,1,0
2678,M,1968,0,0,0
2679,F,1972,0,1,0
2680,M,1974,0,0,0
2681,F,1951,0,1,0
2682,M,1961,0,0,0
2683,F,1974,0,0,0
2684,F,1977,0,0,0
2685,M,1979,0,0,0
2686,M,1983,0,0,0
2687,F,2004,0,0,0
2688,M,1969,0,0,1
2689,M,1993,0,0,1
2690,M,1986,0,0,0
2691,M,1958,0,0,0
2692,F,1983,0,0,0
2693,M,1985,0,1,1
2694,M,1978,0,0,1
2695,M,1989,0,1,0
2696,F,1930,0,0,1
2697,M,1930,0,0,1
2698,F,1930,0,1,1
2699,F,1974,0,0,0
2700,F,1994,0,0,0
2701,M,1957,1,0,0
2702,F,1988,0,0,1
2703,F,1955,1,1,1
2704,M,1995,0,0,0
2705,M,1972,0,0,0
2706,F,1950,1,0,0
2707,M,1987,0,0,0
2708,M,1987,0,0,0
2709,M,2007,0,0,0
2710,F,1995,0,1,1
2711,F,1975,0,0,0
2712,F,1971,0,0,0
2713,M,1967,1,0,0
2714,F,2011,0,0,1
2715,M,1988,0,0,0
2716,F,2005,0,0,0
2717,M,1976,0,0,1
2718,M,2009,0,0,1
2719,F,2002,0,0,1
2720,F,1961,0,0,1
2721,M,1993,0,0,1
2722,F,1942,0,1,0
2723,F,1966,0,0,0
2724,M,1987,0,0,0
2725,F,1956,0,0,1
2726,M,1985,1,0,0
2727,F,1963,0,0,1
2728,M,1995,0,0,0
2729,F,1954,0,0,0
2730,M,2008,0,0,0
2731,M,2002,0,0,0
2732,F,2000,0,0,1
2733,F,1994,0,0,1
2734,M,1974,0,0,1
2735,F,1982,1,0,1
2736,F,1963,0,0,1
2737,F,1949,0,0,1
2738,F,2009,0,0,1
2739,F,1944,0,1,1
2740,F,1986,0,0,0
2741,F,1930,0,0,1
2742,F,1996,1,0,1
2743,M,2012,0,0,1
2744,M,1966,0,0,1
2745,M,1967,0,0,0
2746,M,2002,0,0,0
2747,M,2000,1,1,0
2748,M,1960,1,1,1
2749,F,1972,0,0,1
2750,M,1988,1,0,0
2751,M,1970,0,0,1
2752,M,1975,0,0,1
2753,F,1999,0,1,0
2754,F,1958,0,0,1
2755,F,1964,0,0,0
2756,M,1981,0,0,1
2757,F,1960,0,0,0
2758,F,1930,0,0,1
2759,F,2000,0,0,0
2760,M,1987,0,0,0
2761,M,1986,0,0,1
2762,M,1961,0,0,1
2763,F,1994,0,0,0
2764,M,1963,0,0,0
2765,M,1992,0,0,1
2766,F,2002,0,0,0
2767,M,1980,0,0,1
2768,M,1992,0,0,1
2769,M,1977,0,0,0
2770,F,1972,0,0,0
2771,F,2008,0,0,0
2772,M,1990,0,0,0
2773,F,1980,0,1,0
2774,F,1960,1,0,1
2775,M,1964,0,1,0
2776,F,1998,0,1,0
2777,F,1985,1,0,0
2778,F,1970,0,0,0
2779,M,1987,1,0,1
2780,F,1996,0,0,0
2781,M,1982,0,1,0
2782,F,1973,0,0,1
2783,F,1999,1,0,0
2784,F,1967,0,0,0
2785,M,1978,0,1,1
2786,F,1966,0,0,0
2787,M,1983,0,0,0
2788,F,1930,0,0,1
2789,F,1973,0,0,1
2790,F,1963,0,1,0
2791,F,1967,0,0,0
2792,F,1985,0,0,1
2793,F,1976,0,0,0
2794,M,1994,0,0,1
2795,F,1933,0,0,1
2796,M,1970,0,1,1
2797,F,1997,0,0,0
2798,F,1943,0,1,0
2799,F,1984,0,0,1
2800,F,1958,0,0,0
2801,F,2009,0,0,0
2802,M,1950,0,0,1
2803,F,1972,0,0,0
2804,M,1998,0,0,0
2805,F,1972,0,0,1
2806,M,1937,0,0,0
2807,F,1993,0,0,1
2808,F,1993,0,0,1
2809,M,1986,0,0,0
2810,F,1980,0,0,0
2811,F,1956,0,0,0
2812,M,1970,0,0,0
2813,M,1986,0,0,0
2814,M,1975,0,0,0
2815,F,1930,0,0,1
2816,M,1965,0,0,0
2817,F,1983,0,0,0
2818,F,1986,1,0,0
2819,M,1976,0,0,0
2820,F,1957,0,0,0
2821,M,1995,0,0,0
2822,F,1961,0,1,0
2823,M,1984,0,0,0
2824,F,1981,0,0,0
2825,F,1930,0,1,1
2826,F,1964,0,0,0
2827,M,1992,0,0,1
2828,M,1972,0,0,0
2829,M,1955,0,0,0
2830,M,1964,0,0,0
2831,F,2013,0,0,1
2832,F,1982,0,0,1
2833,M,1970,1,0,0
2834,M,1973,1,0,0
2835,M,1990,0,0,0
2836,F,1964,0,1,1
2837,M,1950,0,0,1
2838,F,2008,0,0,1
2839,M,2009,0,0,1
2840,F,1972,0,0,1
2841,M,1961,0,1,0
2842,M,1993,0,0,1
2843,M,2013,0,0,0
2844,M,1981,0,0,0
2845,M,1972,0,0,0
2846,F,1987,0,0,1
2847,F,1954,1,0,1
2848,F,1974,0,0,0
2849,F,1995,0,1,1
2850,F,1993,1,0,0
2851,M,1981,0,1,0
2852,F,1989,0,1,0
2853,F,2010,0,0,0
2854,M,1976,0,0,0
2855,M,1993,0,0,1
2856,M,1990,1,0,0
2857,F,2001,1,1,0
2858,M,1936,0,0,0
2859,M,1966,1,0,1
2860,F,1930,0,0,1
2861,F,1987,1,0,1
2862,F,1965,1,0,1
2863,M,1976,0,0,0
2864,F,1994,0,1,1
2865,F,1988,0,0,0
2866,F,1966,0,0,1
2867,F,2001,0,0,1
2868,M,1954,0,0,1
2869,F,1978,0,0,1
2870,F,1958,0,0,0
2871,F,1972,0,1,1
2872,M,2008,0,0,0
2873,F,1982,0,0,0
2874,F,1953,0,1,1
2875,M,1978,0,0,1
2876,M,1981,1,0,0
2877,F,1978,0,0,1
2878,M,2010,0,0,1
2879,M,1950,0,0,0
2880,F,2015,0,0,0
2881,F,1942,0,0,0
2882,F,1989,0,0,0
2883,F,1970,0,0,0
2884,F,2011,0,0,0
2885,F,1961,0,0,1
2886,F,1967,0,0,1
2887,F,1968,0,0,1
2888,F,2011,0,0,0
2889,F,1996,1,0,1
2890,M,1972,0,0,0
2891,M,1951,1,0,1
2892,F,1999,0,0,0
2893,M,1998,0,0,0
2894,F,1974,1,0,0
2895,M,1930,0,0,1
2896,M,1994,0,0,0
2897,F,1989,0,0,0
2898,F,1992,0,0,1
2899,M,1984,0,0,1
2900,M,1948,0,0,1
2901,F,1983,1,0,0
2902,F,1930,0,0,1
2903,F,1979,0,1,0
2904,F,1944,0,1,0
2905,F,1988,0,0,0
2906,M,2003,0,1,0
2907,M,1983,0,0,1
2908,M,1968,0,0,0
2909,M,1996,0,0,0
2910,F,1950,0,1,0
2911,F,1991,0,0,1
2912,M,2001,0,0,0
2913,M,1930,0,0,1
2914,M,1997,0,0,0
2915,F,1991,0,0,0
2916,F,1963,0,0,0
2917,F,1988,0,0,0
2918,F,2000,0,0,0
2919,M,1993,1,0,0
2920,M,1930,0,0,1
2921,M,1967,0,0,1
2922,M,1961,0,0,1
2923,M,1975,0,1,1
2924,M,1971,0,0,0
2925,F,1990,0,0,0
2926,F,1978,0,0,0
2927,M,2012,0,0,0
2928,M,1955,0,0,1
2929,F,1990,0,0,0
2930,F,2002,0,0,0
2931,M,1977,0,1,1
2932,M,1985,0,0,0
2933,F,1957,1,0,1
2934,F,1982,1,0,1
2935,M,1994,0,0,1
2936,M,1982,0,0,0
2937,M,1939,0,1,1
2938,F,1955,0,0,0
2939,F,1967,0,0,0
2940,M,1954,0,0,1
2941,M,1965,1,1,1
2942,M,1998,0,0,0
2943,M,1961,0,0,0
2944,F,1950,0,0,1
2945,M,1948,1,1,1
2946,F,2001,1,0,0
2947,F,1991,0,1,0
2948,M,1994,0,0,0
2949,F,1988,0,0,0
2950,F,1970,0,0,1
2951,F,1977,0,0,1
2952,M,1977,0,1,1
2953,F,2005,1,1,0
2954,F,1992,1,0,0
2955,F,1945,0,1,0
2956,F,1950,0,1,1
2957,M,1983,0,0,0
2958,F,1961,0,1,1
2959,F,1972,0,0,0
2960,F,1957,1,0,1
2961,M,1960,0,1,0
2962,M,1981,0,0,0
2963,M,1967,0,0,1
2964,M,1971,0,0,1
2965,M,1980,0,1,1
2966,F,1985,0,0,0
2967,M,1930,0,0,1
2968,F,1980,0,0,1
2969,F,1963,0,0,0
2970,F,1933,0,0,0
2971,F,1967,1,0,1
2972,M,1968,0,1,0
2973,F,1980,1,0,1
2974,F,1970,0,0,1
2975,F,1987,0,1,0
2976,M,1930,0,0,0
2977,M,2005,0,0,0
2978,M,1984,1,0,1
2979,F,1966,0,0,0
2980,M,1968,0,0,1
2981,F,1987,1,0,0
2982,F,2009,0,0,0
2983,M,2003,0,0,0
2984,M,1976,0,0,0
2985,F,2012,0,0,0
2986,M,1964,0,0,0
2987,F,1947,0,1,1
2988,F,1959,0,1,0
2989,M,1953,0,0,1
2990,M,2011,0,0,0
2991,F,1986,1,0,0
2992,F,1999,0,0,0
2993,F,2007,1,0,1
2994,F,1990,0,0,0
2995,M,1934,0,0,1
2996,F,1930,0,1,0
2997,M,1997,0,0,0
2998,F,1979,1,0,0
2999,F,1971,0,1,1
3000,M,1986,0,1,0
3001,F,1944,0,0,0
3002,M,1990,0,0,1
3003,F,1993,0,0,0
3004,F,1997,1,1,0
3005,F,1986,0,0,0
3006,F,2017,0,0,1
3007,F,1985,1,0,0
3008,F,1977,0,1,1
3009,M,1976,1,1,1
3010,M,2000,0,0,0
3011,M,1976,0,0,1
3012,F,1977,1,1,1
3013,F,1976,0,0,0
3014,F,1959,0,1,0
3015,M,2001,0,0,0
3016,M,1986,0,0,0
3017,F,2009,0,0,0
3018,M,1962,0,1,0
3019,F,1999,0,0,0
3020,M,1953,0,0,1
3021,F,1952,0,1,1
3022,M,1984,0,0,1
3023,M,1985,0,1,0
3024,M,2006,1,0,0
3025,M,1979,1,0,0
3026,F,1959,0,0,1
3027,F,1973,0,0,0
3028,M,1939,1,0,0
3029,M,1988,0,0,1
3030,M,1988,0,0,1
3031,F,1998,0,0,0
3032,F,1930,0,0,1
3033,F,2006,0,1,0
3034,M,1961,0,0,0
3035,F,1958,0,0,1
3036,F,1960,0,0,1
3037,F,1996,1,0,0
3038,F,2004,0,0,0
3039,F,1984,0,0,0
3040,F,1966,0,0,0
3041,F,1993,0,0,0
3042,F,1987,0,0,0
3043,M,1992,0,0,1
3044,F,1978,0,0,0
3045,F,1979,1,0,1
3046,M,1932,1,0,0
3047,F,1965,0,0,1
3048,F,2003,1,0,0
3049,M,2002,1,0,0
3050,F,1961,0,0,0
3051,F,1980,1,0,0
3052,M,1930,1,0,1
3053,M,1930,0,0,1
3054,F,1998,0,0,0
3055,M,1973,0,0,0
3056,M,2002,0,0,1
3057,M,1961,0,1,1
3058,M,1930,0,1,0
3059,M,1976,0,0,1
3060,F,1989,0,0,0
3061,F,1970,0,1,1
3062,M,1955,0,0,0
3063,M,1954,0,1,1
3064,F,1989,0,0,0
3065,M,1993,0,0,0
3066,M,1974,0,0,0
3067,M,1987,0,0,0
3068,F,1944,0,0,1
3069,M,1987,0,0,0
3070,F,1978,0,0,0
3071,M,1971,1,0,0
3072,F,2005,0,0,1
3073,F,1992,0,0,0
3074,F,1930,0,1,1
3075,M,1956,0,0,0
3076,M,1988,0,0,1
3077,F,1961,0,0,0
3078,F,1945,0,1,0
3079,M,1985,0,0,1
3080,F,1958,1,0,0
3081,M,1962,0,0,0
3082,F,2002,0,1,1
3083,F,1985,0,0,0
3084,M,1931,0,0,1
3085,F,1930,0,0,1
3086,M,1956,0,0,0
3087,M,1992,0,0,0
3088,M,2014,0,0,0
3089,M,1995,0,0,1
3090,M,2003,1,0,0
3091,F,1930,0,0,0
3092,F,2010,0,0,0
3093,M,2001,0,0,0
3094,M,1975,0,0,0
3095,M,1980,0,0,0
3096,M,1933,0,0,1
3097,F,1964,0,0,1
3098,M,1983,0,0,0
3099,F,1943,1,1,1
3100,M,1988,0,0,1
3101,F,1930,0,0,1
3102,M,1997,1,0,1
3103,M,2018,0,0,0
3104,M,1981,0,0,0
3105,M,2013,0,0,0
3106,M,1954,0,0,0
3107,M,1976,0,0,0
3108,F,1930,0,0,0
3109,M,1985,0,0,1
3110,M,2005,0,0,0
3111,M,1968,0,0,0
3112,F,1991,0,0,0
3113,F,1959,1,1,0
3114,F,1997,0,0,0
3115,M,1938,0,1,1
3116,F,1978,0,0,0
3117,F,1983,0,0,0
3118,F,1940,0,0,1
3119,F,1953,0,0,1
3120,M,1994,0,0,0
3121,M,1954,0,0,1
3122,F,1962,0,0,0
3123,M,1982,0,1,0
3124,F,1957,1,0,1
3125,M,1938,0,0,1
3126,F,1981,0,1,1
3127,M,1981,0,0,0
3128,F,1982,0,0,0
3129,F,1995,0,0,0
3130,M,1981,0,0,1
3131,F,1984,0,0,0
3132,F,1985,0,1,1
3133,M,1985,1,0,0
3134,M,2001,0,1,0
3135,M,1950,0,0,0
3136,F,1992,0,1,0
3137,M,1935,0,1,0
3138,F,1998,0,0,0
3139,F,1930,1,0,1
3140,M,1987,0,1,0
3141,M,1954,1,0,0
3142,F,1976,1,0,0
3143,F,2003,0,0,0
3144,M,2002,0,0,1
3145,F,1993,1,1,0
3146,M,1988,1,0,0
3147,F,1980,0,0,0
3148,M,1971,1,0,1
3149,M,1983,0,0,0
3150,M,1972,1,0,0
3151,F,1968,0,0,0
3152,F,1984,0,0,0
3153,F,1962,0,0,0
3154,M,1955,0,0,0
3155,F,1967,0,0,1
3156,M,1966,1,0,0
3157,F,1975,0,0,0
3158,F,1947,0,0,1
3159,F,1980,0,0,0
3160,F,1993,0,0,0
3161,M,1979,0,1,1
3162,F,2003,0,0,0
3163,F,2004,0,0,0
3164,F,1955,0,0,1
3165,M,1935,0,0,0
3166,M,1987,0,0,0
3167,M,1955,0,0,1
3168,M,2009,1,0,0
3169,M,2011,0,0,0
3170,F,1946,0,0,0
3171,F,1967,0,0,1
3172,F,1980,0,0,0
3173,F,1930,0,0,0
3174,F,1983,0,0,0
3175,F,1999,0,0,1
3176,F,2006,0,0,0
3177,F,1979,0,0,0
3178,F,1975,0,0,0
3179,M,1984,0,1,0
3180,M,1954,0,0,0
3181,M,1939,0,0,0
3182,F,1987,0,0,0
3183,M,2009,1,0,1
3184,M,1972,0,1,1
3185,M,1946,0,1,0
3186,F,1987,0,0,0
3187,M,1966,0,1,0
3188,F,2000,1,0,0
3189,F,1973,0,0,0
3190,F,1965,1,0,0
3191,F,1972,0,0,0
3192,F,1930,0,0,0
3193,F,1935,0,0,1
3194,M,1960,1,0,0
3195,M,1950,0,1,0
3196,M,1973,0,0,0
3197,M,1981,1,0,1
3198,F,1989,0,0,0
3199,F,2001,0,0,0
3200,M,1933,0,1,0
3201,M,1930,0,1,1
3202,F,1979,0,0,0
3203,F,1978,0,0,0
3204,M,1964,0,0,0
3205,M,1983,0,0,0
3206,F,1999,0,0,0
3207,F,2003,0,0,1
3208,M,1930,0,0,1
3209,M,2008,0,0,0
3210,M,1971,0,1,1
3211,M,2006,0,0,1
3212,M,1982,1,0,0
3213,F,1987,0,0,0
3214,M,2005,0,0,0
3215,F,1963,0,0,1
3216,F,2000,0,0,1
3217,M,2006,0,0,0
3218,M,1959,1,0,0
3219,F,1987,1,0,1
3220,F,1995,0,0,0
3221,M,1957,0,0,1
3222,F,2001,1,0,0
3223,F,2009,0,0,0
3224,F,1942,0,1,1
3225,F,1930,0,1,1
3226,F,1982,0,0,1
3227,M,2019,0,0,0
3228,M,1983,0,0,0
3229,F,1955,0,1,1
3230,M,1946,1,0,1
3231,M,1999,0,0,0
3232,F,1986,0,0,0
3233,F,1973,0,0,0
3234,M,1957,0,0,0
3235,F,1961,0,0,1
3236,F,1966,0,0,1
3237,M,1946,0,0,1
3238,M,1981,0,0,0
3239,M,1933,0,1,1
3240,M,1991,1,0,0
3241,F,1960,1,1,0
3242,F,1988,1,0,0
3243,F,1982,0,0,0
3244,M,1978,0,0,1
3245,F,1990,1,0,0
3246,F,1945,0,0,1
3247,F,1988,0,0,1
3248,F,1980,0,0,0
3249,F,1964,0,0,1
3250,M,1930,0,0,1
3251,F,1963,0,0,1
3252,F,1978,0,0,0
3253,M,2011,0,0,0
3254,M,1983,1,0,0
3255,F,1993,0,0,0
3256,M,1986,0,0,0
3257,M,1989,0,0,0
3258,M,1964,0,0,1
3259,M,1983,0,0,0
3260,F,1997,0,0,0
3261,F,1954,0,0,1
3262,M,2002,1,0,0
3263,M,1979,0,0,0
3264,F,1982,0,1,0
3265,F,1970,0,1,1
3266,M,1946,0,0,1
3267,M,1930,0,1,1
3268,F,1978,0,0,0
3269,F,1993,0,0,0
3270,M,1995,0,0,0
3271,M,1995,1,0,0
3272,F,1971,0,0,1
3273,F,2013,0,0,1
3274,M,2003,1,0,0
3275,F,1971,0,0,0
3276,M,1952,0,0,1
3277,F,1952,0,0,1
3278,F,1977,1,0,0
3279,M,1957,0,1,0
3280,F,1945,0,0,1
3281,F,1988,0,0,0
3282,M,1949,1,1,0
3283,M,2007,0,0,0
3284,F,2003,0,0,0
3285,F,1987,0,0,0
3286,F,2008,0,0,0
3287,M,1964,0,0,0
3288,M,1991,0,0,0
3289,F,1982,0,1,0
3290,F,1981,1,1,1
3291,F,1987,0,0,0
3292,M,1995,0,1,0
3293,M,1965,0,1,1
3294,F,1991,0,1,1
3295,M,1982,0,1,0
3296,M,1970,0,0,0
3297,F,1946,1,0,0
3298,F,1949,0,0,1
3299,F,1989,1,0,0
3300,M,1996,0,0,0
3301,F,1938,0,0,1
3302,M,1991,0,0,0
3303,M,1967,0,1,0
3304,F,2009,0,0,0
3305,F,2013,0,1,1
3306,F,1978,0,0,1
3307,F,1985,0,0,0
3308,M,1959,0,0,0
3309,M,1995,1,0,1
3310,F,1972,1,0,0
3311,M,1961,0,0,1
3312,F,1994,0,0,0
3313,M,1987,0,0,0
3314,F,2001,0,0,0
3315,M,1958,0,1,0
3316,F,1965,0,0,1
3317,M,1963,0,0,0
3318,F,1985,0,0,0
3319,M,1966,0,0,1
3320,M,2018,0,0,0
3321,F,1983,0,0,0
3322,M,1930,0,0,0
3323,F,1980,0,0,0
3324,F,1951,0,0,0
3325,F,1985,0,0,0
3326,M,1940,1,0,0
3327,M,1996,0,0,1
3328,F,1969,0,0,1
3329,M,1993,1,0,0
3330,F,1973,0,1,0
3331,M,1991,0,0,0
3332,M,1980,0,0,1
3333,M,1988,0,0,0
3334,F,1962,0,0,0
3335,F,1968,0,0,1
3336,M,1993,0,0,0
3337,F,1994,0,0,0
3338,M,1997,0,0,0
3339,F,2000,0,0,1
3340,M,1960,1,1,1
3341,F,1998,0,0,1
3342,F,1971,1,0,0
3343,M,1990,0,0,1
3344,M,1952,0,1,0
3345,M,1930,0,1,1
3346,M,2019,0,0,0
3347,M,1996,0,1,0
3348,M,1990,0,0,1
3349,F,1984,0,0,1
3350,M,1985,1,0,0
3351,F,2003,1,0,0
3352,F,1930,0,1,0
3353,M,1985,0,1,1
3354,M,1968,1,0,0
3355,F,1967,0,0,0
3356,F,2006,1,0,0
3357,F,1987,1,0,1
3358,M,1960,0,0,0
3359,F,1937,0,0,1
3360,M,1987,0,0,0
3361,M,2004,0,1,0
3362,F,1992,0,0,1
3363,M,1988,1,0,0
3364,M,1989,0,1,0
3365,F,1997,0,0,0
3366,M,2005,0,0,0
3367,M,2001,1,0,0
3368,M,1992,0,0,0
3369,F,1960,0,0,0
3370,M,1948,0,0,0
3371,M,1977,0,0,1
3372,M,2001,0,0,1
3373,M,1991,0,1,0
3374,M,2012,0,0,0
3375,M,1937,1,0,1
3376,M,1994,0,0,0
3377,F,1970,0,0,0
3378,M,1951,0,0,0
3379,M,1930,0,0,1
3380,M,1957,0,0,1
3381,F,1989,0,0,1
3382,M,1966,1,0,0
3383,M,1930,0,0,0
3384,M,1994,0,0,0
3385,F,2006,0,0,0
3386,M,1997,0,0,0
3387,F,1968,0,0,0
3388,F,1988,0,0,0
3389,M,1982,1,0,0
3390,M,1963,0,1,0
3391,F,1997,0,0,0
3392,M,1983,0,0,0
3393,F,1991,1,0,1
3394,M,1930,0,0,1
3395,M,1958,0,0,0
3396,M,1988,0,0,0
3397,F,1989,0,1,1
3398,M,1930,0,1,1
3399,M,1930,0,1,1
3400,M,1968,0,0,0
3401,F,1981,1,0,0
3402,M,2003,0,0,0
3403,F,1997,0,0,0
3404,M,2004,0,1,0
3405,F,1949,0,1,1
3406,M,2003,0,0,0
3407,F,1989,0,0,0
3408,M,2011,0,0,0
3409,F,2007,0,0,1
3410,M,1962,0,0,0
3411,M,1973,0,0,0
3412,M,1980,0,0,1
3413,M,1989,1,0,0
3414,M,2009,0,0,0
3415,M,1992,1,0,0
3416,M,1984,0,0,0
3417,F,1964,0,1,1
3418,F,1951,0,0,1
3419,F,1961,0,0,1
3420,F,1973,0,1,0
3421,M,1980,0,0,1
3422,F,1976,0,0,1
3423,F,1993,0,0,0
3424,M,1978,1,0,0
3425,F,1984,0,1,0
3426,F,1930,0,0,1
3427,F,1975,1,0,1
3428,M,2013,0,0,1
3429,M,1990,0,0,0
3430,F,1987,0,0,0
3431,M,1957,0,1,0
3432,M,1972,0,0,1
3433,M,1973,0,0,1
3434,M,1941,0,0,1
3435,M,1930,1,1,0
3436,M,1962,0,0,0
3437,F,1989,0,0,1
3438,F,1988,0,0,1
3439,F,2021,0,0,0
3440,F,1947,0,0,0
3441,M,1988,0,0,0
3442,M,1982,1,1,0
3443,M,1990,0,0,1
3444,M,2001,1,0,0
3445,F,1930,0,0,0
3446,M,1982,1,1,0
3447,M,1936,0,0,1
3448,F,1988,0,0,0
3449,M,1994,0,0,0
3450,F,1965,0,0,0
3451,F,1951,0,1,1
3452,F,1949,0,0,0
3453,F,1985,1,0,0
3454,M,1962,0,1,1
3455,F,1992,0,0,0
3456,M,1979,0,0,1
3457,F,1987,1,0,1
3458,F,1990,0,0,0
3459,M,1978,0,0,0
3460,M,2001,0,0,0
3461,F,1954,0,1,0
3462,M,1990,0,0,1
3463,M,1956,0,0,0
3464,F,1998,0,0,0
3465,F,1990,0,0,0
3466,F,2001,0,1,0
3467,F,2002,1,0,0
3468,M,1996,0,1,1
3469,M,1998,0,0,0
3470,F,2001,0,0,0
3471,M,1980,0,0,0
3472,F,1965,1,0,0
3473,M,1964,0,1,1
3474,M,2009,0,0,0
3475,F,1987,0,0,1
3476,F,1989,1,0,0
3477,M,1941,1,0,1
3478,M,1986,0,0,1
3479,M,1982,0,1,0
3480,F,2006,0,1,0
3481,F,1997,0,0,0
3482,F,2006,0,0,0
3483,F,1979,0,0,1
3484,M,1939,0,0,1
3485,F,1996,0,0,0
3486,M,1986,0,0,0
3487,F,1998,0,0,0
3488,F,1993,0,0,0
3489,M,1978,0,0,1
3490,F,1930,0,0,1
3491,M,1941,1,1,1
3492,M,1930,0,0,1
3493,M,1956,1,1,1
3494,M,1986,0,1,0
3495,F,1989,0,0,0
3496,F,1996,0,0,1
3497,F,2016,0,0,1
3498,M,1986,0,0,0
3499,M,1939,0,0,1
3500,F,1939,0,1,1
3501,M,1930,1,0,0
3502,F,1977,0,0,1
3503,F,2003,1,0,1
3504,F,1967,1,0,0
3505,F,1930,0,0,1
3506,M,1933,0,0,0
3507,F,1991,0,1,0
3508,M,2002,0,0,0
3509,M,2002,1,0,0
3510,F,1995,0,0,0
3511,F,1993,0,0,1
3512,M,1988,1,0,0
3513,M,1963,0,0,1
3514,M,1988,0,0,1
3515,M,1980,0,0,0
3516,F,2007,0,0,0
3517,F,1996,0,0,0
3518,F,1997,0,0,0
3519,M,2009,1,0,0
3520,M,1989,0,0,0
3521,F,2007,0,0,0
3522,F,1990,0,0,0
3523,M,1978,1,0,1
3524,F,1938,0,1,1
3525,F,1998,0,0,0
3526,F,1979,0,0,0
3527,M,1994,0,0,1
3528,M,2008,0,0,1
3529,M,1938,0,0,1
3530,F,1977,0,0,0
3531,F,1969,0,0,0
3532,M,1930,0,0,1
3533,M,1990,1,0,0
3534,M,2004,0,0,0
3535,M,1998,1,0,0
3536,F,2005,0,0,0
3537,F,1949,1,0,0
3538,F,1930,1,1,0
3539,F,1978,0,0,1
3540,M,1963,0,0,0
3541,F,1954,0,0,1
3542,M,1930,0,0,0
3543,F,1930,0,0,0
3544,M,2011,0,0,0
3545,M,1993,0,0,0
3546,F,1981,0,0,0
3547,M,1995,1,0,1
3548,F,1987,0,0,0
3549,M,1971,0,0,0
3550,M,2015,0,0,0
3551,M,1971,0,0,0
3552,F,1956,0,1,1
3553,F,1980,0,1,0
3554,M,2016,0,0,0
3555,M,1989,1,0,0
3556,M,1973,1,0,0
3557,F,1953,1,0,0
3558,M,1958,0,0,1
3559,M,1983,1,0,0
3560,F,1995,0,0,0
3561,M,1982,0,0,1
3562,F,2010,0,0,0
3563,M,1993,0,0,0
3564,M,1946,0,0,0
3565,F,1983,0,0,1
3566,F,1972,0,0,0
3567,F,2006,1,0,0
3568,M,1953,1,0,1
3569,M,1985,0,0,1
3570,M,1973,0,0,0
3571,M,1967,0,0,0
3572,F,1955,0,0,1
3573,F,1977,1,0,0
3574,F,1984,0,0,0
3575,F,2003,0,0,0
3576,M,2007,0,0,0
3577,F,1978,0,0,0
3578,M,1973,0,0,0
3579,F,1969,1,0,1
3580,F,1997,0,0,0
3581,M,1993,1,0,0
3582,F,1978,0,0,0
3583,M,1991,0,0,0
3584,F,1930,0,1,1
3585,M,1993,0,0,1
3586,M,1971,0,0,0
3587,F,1959,1,0,1
3588,F,1957,0,0,1
3589,M,1991,0,1,1
3590,F,1967,0,1,1
3591,F,1971,1,0,1
3592,M,1966,0,0,1
3593,F,1978,0,1,0
3594,F,1959,0,0,0
3595,M,1975,0,0,1
3596,F,2004,0,0,0
3597,F,1976,0,1,0
3598,M,1973,0,0,0
3599,F,1961,1,0,1
3600,M,1978,0,0,0
3601,F,1930,0,0,1
3602,F,1983,0,0,0
3603,M,1992,1,0,0
3604,M,1941,0,1,1
3605,F,1984,0,1,1
3606,M,1980,1,0,0
3607,F,1973,0,1,0
3608,F,1975,1,0,0
3609,M,1966,0,0,1
3610,M,1963,0,0,1
3611,F,1993,0,0,0
3612,F,2002,1,1,0
3613,F,2000,1,0,0
3614,F,1946,0,0,1
3615,F,1986,1,0,0
3616,F,1959,0,0,0
3617,M,1962,0,0,0
3618,M,1980,0,0,0
3619,F,1998,0,0,0
3620,M,1961,0,1,0
3621,F,1981,0,0,0
3622,M,2003,0,0,0
3623,M,1990,0,0,0
3624,M,2007,1,0,0
3625,M,1989,0,0,1
3626,F,1979,0,0,0
3627,M,1983,0,0,0
3628,M,1986,0,0,1
3629,M,1979,0,0,1
3630,F,1968,0,0,0
3631,F,1957,0,0,1
3632,M,1952,0,0,0
3633,M,1995,0,1,1
3634,M,1949,0,0,0
3635,F,1981,0,0,0
3636,F,1988,0,0,1
3637,F,2000,1,0,0
3638,F,2016,0,1,0
3639,F,1970,0,0,0
3640,F,1971,1,0,1
3641,M,1992,0,1,0
3642,F,1992,1,0,1
3643,F,1984,0,0,0
3644,M,1988,0,0,0
3645,M,1996,1,0,0
3646,F,2001,0,0,0
3647,M,1948,1,1,1
3648,F,1990,0,0,0
3649,M,1971,0,0,0
3650,F,1966,0,0,0
3651,F,1970,1,1,0
3652,F,1964,1,0,0
3653,F,1970,0,0,0
3654,F,1994,1,1,0
3655,F,1987,0,0,0
3656,M,1949,0,1,1
3657,F,1991,0,0,0
3658,M,1981,0,0,1
3659,F,1968,0,0,1
3660,F,1936,0,0,1
3661,M,1953,1,1,0
3662,M,1998,0,0,0
3663,M,1972,0,1,0
3664,M,1975,0,0,0
3665,F,1987,1,0,0
3666,F,1980,0,0,0
3667,F,1994,0,0,0
3668,M,1984,0,0,1
3669,M,1991,1,0,0
3670,M,1978,0,0,1
3671,M,1988,0,1,0
3672,M,1932,0,0,0
3673,F,1977,1,0,0
3674,F,1982,0,0,0
3675,M,1985,0,0,0
3676,M,1988,1,0,0
3677,F,2003,0,0,0
3678,F,1960,1,0,1
3679,F,1941,0,1,1
3680,M,1991,0,0,0
3681,M,1950,0,0,1
3682,M,1930,0,1,1
3683,M,1930,0,0,0
3684,M,1943,0,0,1
3685,M,2001,0,0,0
3686,M,2001,0,0,1
3687,M,1964,0,0,0
3688,F,1980,0,0,0
3689,M,2012,0,0,0
3690,M,1989,1,0,0
3691,F,1966,0,0,1
3692,F,1984,0,0,1
3693,M,1980,0,0,0
3694,M,2001,1,0,0
3695,M,1989,1,0,0
3696,F,1964,0,1,0
3697,M,1990,0,0,1
3698,F,1947,0,1,0
3699,M,1980,0,0,1
3700,F,1970,1,0,1
3701,F,1965,0,0,1
3702,F,1966,0,1,0
3703,M,1999,0,0,0
3704,M,1996,1,0,0
3705,F,2012,0,0,0
3706,F,1987,0,0,0
3707,F,1997,1,0,1
3708,M,1991,0,0,1
3709,M,1985,0,1,0
3710,M,1977,0,0,0
3711,F,1984,1,0,0
3712,M,1984,0,1,0
3713,M,1972,1,1,0
3714,M,1981,0,1,0
3715,F,1957,0,0,0
3716,F,1981,1,0,0
3717,F,1936,0,1,1
3718,F,1999,1,0,1
3719,M,1987,0,0,1
3720,F,1994,0,0,0
3721,M,1976,0,0,0
3722,M,1999,0,0,0
3723,M,1957,0,0,0
3724,M,2005,0,0,1
3725,M,1997,1,0,0
3726,M,2005,0,0,0
3727,M,1985,0,1,1
3728,M,1977,0,0,1
3729,F,2007,0,1,0
3730,F,1989,0,1,0
3731,M,1953,0,1,0
3732,F,1943,1,1,1
3733,M,1962,0,1,0
3734,M,2015,0,0,0
3735,M,1979,0,0,0
3736,M,1949,0,0,0
3737,F,1991,0,1,0
3738,F,2002,1,0,0
3739,F,1951,1,1,1
3740,M,1946,0,0,1
3741,F,1981,0,0,0
3742,F,2002,1,0,0
3743,M,2008,0,0,0
3744,F,1973,0,1,0
3745,F,1993,0,0,0
3746,F,1983,0,0,0
3747,F,1985,0,0,0
3748,F,1997,0,0,1
3749,M,2009,0,0,0
3750,F,1990,0,0,1
3751,F,1978,0,0,0
3752,M,1977,0,0,0
3753,F,1994,0,0,0
3754,M,1947,1,0,0
3755,F,2001,0,0,0
3756,M,2017,0,0,0
3757,M,1956,0,1,0
3758,F,1979,0,1,1
3759,M,1990,1,0,1
3760,F,1970,0,0,1
3761,F,1986,0,0,1
3762,M,2006,0,0,0
3763,F,2002,0,0,0
3764,M,1987,0,0,0
3765,M,1992,0,0,0
3766,M,1956,0,1,0
3767,F,1993,0,0,0
3768,F,1994,0,0,0
3769,M,1996,1,0,0
3770,F,1997,0,0,0
3771,M,1997,1,1,0
3772,M,2004,0,0,0
3773,M,1978,0,0,1
3774,M,1984,0,1,0
3775,F,1985,0,0,0
3776,F,2008,0,0,0
3777,M,1972,1,0,0
3778,M,1970,0,0,0
3779,M,1938,0,0,0
3780,M,1971,1,1,0
3781,F,1930,0,0,0
3782,F,1995,0,0,1
3783,F,1935,0,0,0
3784,M,1970,0,0,0
3785,M,1974,1,0,0
3786,F,1986,0,0,0
3787,F,1990,1,0,1
3788,M,1994,0,0,0
3789,F,1934,0,1,1
3790,F,1986,0,0,0
3791,M,1970,0,0,1
3792,M,1964,0,0,1
3793,M,1964,1,0,1
3794,M,1978,0,0,0
3795,M,1936,0,0,1
3796,F,1972,0,0,1
3797,M,1994,0,0,0
3798,M,1989,0,0,1
3799,M,2007,0,0,0
3800,M,1975,1,0,0
3801,F,1967,0,0,0
3802,M,1965,0,1,0
3803,F,1970,0,1,0
3804,F,1986,0,0,0
3805,F,1982,1,0,1
3806,M,1982,0,0,0
3807,M,1956,0,1,1
3808,M,2011,0,0,0
3809,M,1991,0,0,0
3810,F,2000,0,0,0
3811,M,1930,0,1,0
3812,F,1950,0,0,1
3813,F,1990,0,0,0
3814,M,2005,0,0,0
3815,M,2002,0,0,0
3816,M,1957,1,1,1
3817,M,2008,0,0,0
3818,F,1982,1,0,0
3819,F,1962,0,0,1
3820,M,2003,0,0,0
3821,F,1982,1,0,0
3822,F,1990,0,0,0
3823,F,1992,0,0,0
3824,M,1995,0,0,0
3825,M,1959,0,1,1
3826,F,1942,1,1,0
3827,M,1987,0,0,0
3828,F,1973,1,0,1
3829,F,1981,0,0,0
3830,F,2010,0,0,0
3831,F,1988,0,0,0
3832,F,2012,0,0,0
3833,M,1992,0,0,0
3834,M,1982,0,0,0
3835,F,1964,0,0,1
3836,M,1976,0,0,0
3837,M,1959,1,0,1
3838,F,1998,0,0,0
3839,M,1947,1,0,0
3840,M,1942,0,0,1
3841,M,2012,0,0,0
3842,M,2008,1,0,0
3843,F,1983,0,0,1
3844,F,1993,0,0,0
3845,F,1990,0,0,1
3846,F,1976,0,0,0
3847,M,1957,0,0,0
3848,F,1999,0,0,0
3849,F,1952,0,0,1
3850,F,1996,0,0,1
3851,M,1930,0,1,0
3852,F,1947,0,0,1
3853,F,1994,1,0,0
3854,M,2005,1,1,0
3855,F,1994,0,0,0
3856,M,1997,0,0,0
3857,F,1968,0,0,0
3858,M,2012,0,0,0
3859,F,2008,0,0,0
3860,M,1969,0,1,0
3861,M,1997,0,0,0
3862,M,1991,0,1,1
3863,M,1962,1,0,1
3864,M,1956,0,1,1
3865,M,1948,0,0,1
3866,F,1965,0,0,1
3867,M,1986,0,0,1
3868,F,1988,0,0,0
3869,F,1990,0,0,0
3870,F,2003,0,0,0
3871,F,1999,1,0,1
3872,M,1953,1,0,1
3873,M,1996,0,0,0
3874,F,2003,1,0,0
3875,M,1950,0,0,1
3876,M,2006,0,0,0
3877,M,1977,0,1,1
3878,F,2014,0,0,0
3879,F,1933,0,0,1
3880,F,1938,0,0,1
3881,F,2002,0,0,0
3882,M,1984,0,0,0
3883,M,2000,0,1,0
3884,F,2000,1,0,0
3885,M,1991,0,0,0
3886,M,1967,0,0,0
3887,M,1967,0,0,1
3888,M,1971,0,0,0
3889,F,1987,0,0,0
3890,M,1966,0,0,0
3891,F,2003,0,0,1
3892,M,1977,0,1,0
3893,M,1982,1,0,0
3894,F,1988,0,0,0
3895,F,1976,0,0,0
3896,F,2013,0,0,0
3897,M,2000,0,0,0
3898,F,1970,1,1,0
3899,F,1982,0,1,0
3900,M,2007,0,0,0
3901,M,1983,0,0,0
3902,M,1993,0,0,0
3903,F,1952,1,0,0
3904,M,2002,0,0,1
3905,F,2002,0,0,0
3906,M,1973,0,1,0
3907,M,1986,0,0,1
3908,M,1987,0,0,1
3909,F,1930,0,0,1
3910,F,1966,1,0,1
3911,F,1989,1,0,1
3912,M,2008,0,0,0
3913,M,1990,0,0,0
3914,F,2004,0,0,0
3915,F,1999,1,0,0
3916,F,1999,0,0,1
3917,F,1955,1,0,1
3918,F,2006,0,1,0
3919,F,1959,0,0,1
3920,M,1972,0,1,0
3921,F,1972,0,0,0
3922,M,2000,0,0,0
3923,M,1963,0,0,0
3924,M,2001,0,0,0
3925,F,1941,0,0,1
3926,M,1954,0,1,0
3927,F,1934,0,0,1
3928,M,1982,0,0,1
3929,M,1986,0,0,1
3930,F,1991,0,0,0
3931,F,1930,0,1,1
3932,M,1968,0,0,1
3933,F,2004,0,0,0
3934,F,1946,0,0,1
3935,F,1987,1,0,0
3936,M,2017,0,0,0
3937,F,1997,0,0,0
3938,F,1954,0,0,0
3939,M,1972,0,0,1
3940,M,1966,0,0,0
3941,F,1946,1,0,1
3942,F,2010,0,0,0
3943,M,1996,0,0,0
3944,M,1981,0,0,1
3945,F,1953,1,0,0
3946,F,2001,0,0,0
3947,M,1989,0,0,1
3948,F,1983,0,0,0
3949,F,1997,1,0,0
3950,F,1983,0,0,0
3951,M,1986,0,0,0
3952,F,1993,0,0,0
3953,F,1963,0,0,1
3954,M,1968,0,0,0
3955,F,1962,0,0,1
3956,M,1959,0,0,0
3957,M,1936,0,1,1
3958,F,2007,0,0,0
3959,F,2006,0,0,0
3960,F,1966,0,1,0
3961,M,1992,0,0,0
3962,F,1994,0,0,0
3963,M,1996,0,0,0
3964,M,1961,0,0,0
3965,M,1930,0,0,1
3966,M,1959,0,0,0
3967,M,1992,0,0,0
3968,M,1962,0,1,1
3969,M,2007,0,0,0
3970,F,2018,0,0,0
3971,F,1987,0,0,1
3972,F,2010,0,0,0
3973,F,1992,0,0,1
3974,F,1979,0,0,1
3975,M,1930,0,0,1
3976,M,1951,0,0,0
3977,F,2010,0,0,0
3978,M,2009,0,0,0
3979,M,1997,0,0,0
3980,M,1930,1,1,1
3981,F,2009,0,0,0
3982,F,1996,0,0,0
3983,F,1996,0,0,1
3984,M,1973,0,0,1
3985,F,1961,0,0,1
3986,M,1968,0,0,0
3987,F,1977,0,0,1
3988,F,2007,0,0,0
3989,M,1981,0,0,1
3990,M,1945,0,1,1
3991,F,1932,0,0,1
3992,F,1974,0,1,1
3993,M,2010,0,0,0
3994,F,1973,1,0,1
3995,F,1986,0,0,0
3996,F,2008,0,0,0
3997,F,2002,1,0,0
3998,M,2000,0,1,0
3999,F,1966,0,0,1
4000,F,1934,0,0,1
4001,F,1970,0,0,0
4002,M,1965,1,0,0
4003,F,1984,0,0,0
4004,F,1994,0,0,0
4005,M,1969,0,0,0
4006,M,1976,0,0,1
4007,F,1998,0,0,0
4008,F,1978,0,0,1
4009,F,1983,0,0,1
4010,F,1989,0,0,0
4011,M,1995,0,0,0
4012,M,1974,0,1,0
4013,F,1994,1,0,1
4014,M,1930,0,0,0
4015,F,1971,0,0,0
4016,F,1973,0,0,0
4017,F,1987,0,0,0
4018,M,1991,0,0,0
4019,F,2012,0,0,1
4020,F,1997,0,0,0
4021,F,2010,0,0,0
4022,M,2010,0,0,1
4023,F,2004,0,0,0
4024,F,1949,0,0,0
4025,F,1949,0,1,1
4026,F,1997,1,0,0
4027,F,2007,0,0,0
4028,F,1992,0,0,1
4029,F,1966,0,0,0
4030,F,1957,0,0,0
4031,M,1978,0,0,0
4032,F,1974,0,1,0
4033,F,1977,0,1,0
4034,M,2009,0,0,0
4035,M,2006,0,0,1
4036,F,1932,0,0,1
4037,F,1979,0,0,0
4038,F,2014,0,0,0
4039,M,1973,0,0,0
4040,F,2000,0,0,1
4041,F,1954,0,0,0
4042,M,1958,0,1,1
4043,F,1967,0,0,1
4044,F,1979,0,0,1
4045,F,1946,0,0,1
4046,M,1942,0,1,0
4047,F,2000,0,0,0
4048,M,1968,0,0,0
4049,F,1995,0,0,0
4050,M,2002,0,0,1
4051,F,1942,1,0,0
4052,F,1963,0,1,0
4053,F,1977,0,1,1
4054,M,1999,0,0,0
4055,M,1940,0,0,1
4056,M,1930,0,1,0
4057,F,2001,0,0,0
4058,F,2004,1,0,0
4059,M,1983,1,0,0
4060,M,1966,0,0,0
4061,F,1990,0,0,0
4062,M,1930,1,0,1
4063,M,1979,0,0,0
4064,M,1995,1,0,0
4065,M,1993,0,0,1
4066,M,1930,0,0,0
4067,M,1985,0,0,0
4068,M,1943,0,0,0
4069,F,2010,0,0,0
4070,F,1953,0,0,1
4071,M,1998,0,0,0
4072,M,1962,0,1,0
4073,F,1998,0,0,0
4074,M,1991,0,0,0
4075,M,2002,0,0,0
4076,F,1962,0,0,1
4077,M,1957,0,0,1
4078,F,1997,1,0,0
4079,M,2008,0,0,0
4080,F,1944,1,1,0
4081,M,1995,0,0,0
4082,M,1986,0,0,0
4083,F,2000,0,0,1
4084,M,1965,0,0,0
4085,F,1964,0,0,1
4086,M,1937,0,0,0
4087,M,1952,0,0,0
4088,F,1955,0,1,1
4089,M,1984,0,1,0
4090,M,1987,1,0,0
4091,M,1965,0,0,0
4092,F,1985,0,0,1
4093,F,1951,0,0,1
4094,M,2001,0,0,0
4095,M,2011,0,0,0
4096,M,1969,1,0,0
4097,M,1993,0,0,1
4098,M,2003,0,0,0
4099,M,1930,0,0,0
4100,M,1982,0,0,1
4101,F,2006,1,0,0
4102,M,1995,0,0,0
4103,F,1989,0,0,1
4104,F,1969,1,0,1
4105,M,1995,0,0,0
4106,M,1986,0,1,0
4107,M,1976,0,0,0
4108,M,1971,0,0,0
4109,F,1984,0,0,0
4110,M,1930,0,0,1
4111,F,1965,0,0,0
4112,F,1966,0,0,0
4113,F,1967,0,1,1
4114,F,1951,0,1,1
4115,F,1978,1,0,1
4116,M,2001,0,0,1
4117,F,1972,0,0,1
4118,F,1969,0,0,0
4119,M,1945,0,0,1
4120,F,2003,0,0,0
4121,M,1999,0,0,0
4122,F,1981,0,0,0
4123,F,1966,0,1,1
4124,M,2005,0,0,0
4125,F,2002,0,0,0
4126,F,1959,0,1,1
4127,F,2004,0,0,0
4128,M,1999,0,0,0
4129,M,1957,0,0,0
4130,M,1967,0,0,0
4131,M,1995,1,0,0
4132,F,1970,1,0,0
4133,F,1976,0,0,1
4134,M,1985,0,0,0
4135,M,1991,0,0,0
4136,F,1971,0,0,1
4137,M,2003,0,0,0
4138,F,1972,0,0,0
4139,M,1978,1,0,0
4140,F,1976,0,0,0
4141,M,2000,0,0,1
4142,M,1944,0,0,0
4143,M,1995,0,0,0
4144,M,1993,0,0,1
4145,M,1986,0,0,1
4146,M,1967,0,0,0
4147,M,1977,0,1,1
4148,F,2008,1,0,0
4149,F,1983,0,0,1
4150,F,1981,0,0,0
4151,M,1943,0,1,1
4152,M,1989,0,0,1
4153,F,1969,0,0,1
4154,F,1930,1,0,1
4155,F,1950,0,0,1
4156,F,2001,0,0,0
4157,F,1963,0,0,0
4158,M,1972,0,0,0
4159,F,1990,0,0,0
4160,M,1963,0,0,0
4161,M,2001,0,0,0
4162,M,1995,0,0,1
4163,F,1986,0,0,0
4164,F,1990,0,0,0
4165,F,1966,0,0,1
4166,F,1983,0,0,1
4167,F,1992,0,0,0
4168,M,1951,1,0,0
4169,M,1967,0,0,0
4170,M,2006,1,0,1
4171,M,2007,0,0,0
4172,M,1992,0,0,0
4173,M,2005,0,0,0
4174,M,1957,0,0,1
4175,M,1994,0,0,0
4176,F,1970,0,0,1
4177,M,1930,1,0,1
4178,F,1963,1,0,0
4179,M,2012,0,0,0
4180,F,1993,0,0,0
4181,M,1987,0,0,0
4182,F,1976,0,0,0
4183,M,1958,0,0,0
4184,F,1930,0,1,1
4185,M,1932,1,0,0
4186,F,1983,0,0,1
4187,F,1984,0,0,0
4188,F,1937,1,0,1
4189,F,1982,0,0,1
4190,M,1994,0,0,0
4191,F,1956,1,1,1
4192,M,1975,0,0,0
4193,F,2007,0,1,0
4194,M,1989,0,0,1
4195,M,2005,1,0,0
4196,M,2017,0,0,0
4197,M,1930,0,0,1
4198,F,1979,0,0,1
4199,M,1988,0,0,1
4200,F,1992,0,0,1
4201,M,1982,0,0,0
4202,F,1993,0,0,0
4203,M,2000,0,0,0
4204,F,1991,0,0,1
4205,M,1941,1,0,1
4206,M,1957,0,1,0
4207,F,1991,0,0,1
4208,M,1930,1,0,0
4209,M,1984,0,0,0
4210,F,1997,0,0,0
4211,M,1973,0,0,1
4212,M,1935,0,1,0
4213,F,1943,0,0,1
4214,F,1996,0,0,1
4215,F,2003,0,1,0
4216,F,1990,0,0,0
4217,F,1969,1,0,0
4218,F,1961,0,0,1
4219,M,1949,1,0,1
4220,M,1978,0,1,1
4221,F,1977,0,1,0
4222,F,1979,0,1,0
4223,M,1954,0,0,0
4224,M,1961,1,0,0
4225,M,1997,0,0,0
4226,F,1965,1,0,0
4227,M,1956,0,0,0
4228,M,1954,0,0,0
4229,M,1975,0,0,0
4230,F,1976,0,0,0
4231,F,1983,0,0,0
4232,M,1980,0,0,0
4233,F,1930,0,0,0
4234,F,1980,0,0,0
4235,F,1996,0,0,0
4236,F,1974,0,0,0
4237,F,1962,0,0,0
4238,F,1955,1,1,0
4239,F,2001,0,0,0
4240,F,1939,0,1,1
4241,F,1963,0,0,1
4242,M,1941,0,0,1
4243,F,2006,0,0,0
4244,M,1952,0,1,1
4245,F,2001,0,0,0
4246,F,1988,0,0,0
4247,M,1962,0,0,0
4248,F,2002,1,0,0
4249,M,1993,0,0,0
4250,F,2006,0,1,0
4251,F,1963,0,0,0
4252,M,1997,1,0,1
4253,M,1981,0,0,0
4254,F,1972,1,0,0
4255,M,1974,0,0,0
4256,F,1977,0,0,0
4257,M,1977,0,1,0
4258,F,2005,0,0,0
4259,F,1986,1,0,0
4260,F,1977,1,0,0
4261,M,1980,0,1,1
4262,F,1984,0,0,0
4263,F,1995,1,0,0
4264,M,1975,0,0,1
4265,F,1970,0,0,0
4266,F,1990,1,1,0
4267,F,1955,0,1,1
4268,M,1938,1,0,0
4269,F,1981,0,1,0
4270,M,1997,0,0,1
4271,F,2003,0,0,1
4272,F,1988,0,0,1
4273,M,1982,0,0,0
4274,F,2003,0,0,0
4275,F,1988,0,0,0
4276,F,1957,0,1,1
4277,F,2013,0,0,0
4278,M,1979,1,0,0
4279,F,1993,1,0,0
4280,M,1982,0,0,0
4281,M,1935,0,1,1
4282,F,1983,1,0,0
4283,F,1986,0,0,1
4284,F,1965,0,0,0
4285,F,1975,1,0,1
4286,M,1979,1,0,0
4287,F,1974,0,0,1
4288,F,1947,1,0,1
4289,F,1959,1,0,0
4290,F,1987,0,0,1
4291,M,1938,0,0,0
4292,F,1992,0,0,0
4293,M,1979,0,0,0
4294,M,1977,1,0,0
4295,M,1988,1,0,0
4296,F,1942,1,0,1
4297,M,1989,0,1,0
4298,M,1984,0,1,1
4299,F,1954,0,0,0
4300,M,1991,0,0,0
4301,F,2004,0,0,0
4302,F,1979,1,0,0
4303,F,2000,0,0,0
4304,F,2002,0,0,0
4305,F,2013,0,0,0
4306,F,2012,0,0,1
4307,M,2011,0,0,0
4308,F,1932,0,0,1
4309,F,2011,0,0,1
4310,M,2001,0,0,0
4311,F,1984,0,0,0
4312,M,1966,0,0,1
4313,M,1963,0,1,1
4314,M,1997,0,0,0
4315,M,1980,0,0,0
4316,M,1985,1,0,1
4317,M,1981,0,0,1
4318,M,1978,0,0,1
4319,M,1972,0,0,1
4320,M,1993,0,0,0
4321,M,1949,0,0,0
4322,M,1930,0,1,1
4323,M,1989,0,0,1
4324,F,1930,0,0,1
4325,F,1992,0,0,0
4326,F,1979,0,1,0
4327,F,1984,0,0,0
4328,F,1980,0,0,1
4329,M,1953,0,0,1
4330,M,1986,1,0,1
4331,M,2002,0,0,1
4332,F,1993,0,0,0
4333,F,1986,0,0,0
4334,F,1977,0,1,0
4335,F,1997,0,0,1
4336,F,1995,0,0,0
4337,F,1976,0,1,0
4338,F,1975,1,1,1
4339,M,1958,0,0,0
4340,M,1994,0,0,1
4341,M,1969,0,0,0
4342,M,1984,1,1,0
4343,F,1991,0,0,0
4344,F,1984,0,0,0
4345,M,1981,0,1,0
4346,M,2004,0,0,0
4347,F,2003,0,0,0
4348,M,1965,0,0,0
4349,F,1989,1,0,0
4350,F,1977,0,0,0
4351,M,1966,0,1,1
4352,F,1984,0,0,1
4353,M,1968,1,1,1
4354,F,1981,0,0,0
4355,M,1980,0,0,0
4356,F,1950,0,0,0
4357,F,1986,0,0,0
4358,M,1965,0,0,0
4359,M,2006,1,0,1
4360,F,1978,0,0,1
4361,M,1941,0,0,0
4362,M,1930,0,1,1
4363,M,2005,0,1,1
4364,M,1990,0,0,0
4365,M,2000,0,1,1
4366,F,1985,0,0,1
4367,M,1960,1,0,0
4368,F,1949,1,1,1
4369,F,1948,0,0,1
4370,F,2006,0,0,0
4371,F,1981,0,0,0
4372,M,1994,0,0,0
4373,F,1986,0,0,0
4374,F,1992,0,1,0
4375,F,2006,0,0,0
4376,M,1949,0,0,1
4377,F,1996,0,0,0
4378,M,1994,0,1,0
4379,M,1941,0,1,1
4380,M,2008,0,0,1
4381,F,1972,0,1,0
4382,M,1956,0,0,0
4383,M,1944,0,0,0
4384,M,1974,0,0,0
4385,F,1964,0,0,1
4386,F,1956,0,0,0
4387,M,1985,0,0,0
4388,F,1999,0,0,0
4389,F,1938,0,1,0
4390,M,1968,0,0,1
4391,F,1981,0,0,0
4392,M,2005,0,0,0
4393,F,2015,0,0,1
4394,F,1972,0,0,0
4395,F,2015,0,0,1
4396,F,1982,0,0,1
4397,F,1996,0,0,0
4398,F,1992,1,0,1
4399,M,1947,0,1,0
4400,F,1996,1,0,0
4401,M,1980,0,0,0
4402,F,1995,0,0,0
4403,M,1975,0,0,1
4404,M,1978,0,0,0
4405,F,1982,0,0,0
4406,M,1956,0,0,0
4407,F,2008,0,0,0
4408,F,2010,0,0,1
4409,M,2003,0,0,0
4410,F,1978,1,0,0
4411,M,1971,0,0,1
4412,F,2019,0,0,0
4413,M,1971,0,0,0
4414,F,1930,0,1,1
4415,F,1989,0,0,0
4416,M,1937,0,0,0
4417,M,1973,1,0,0
4418,F,1942,0,1,1
4419,F,1949,0,1,1
4420,F,1989,0,1,0
4421,M,1960,0,0,0
4422,M,1989,1,0,0
4423,F,1931,0,0,1
4424,M,1987,0,1,0
4425,M,1969,0,0,0
4426,M,1930,0,0,0
4427,F,1968,0,0,1
4428,F,1991,0,0,0
4429,F,2004,1,0,1
4430,M,2008,0,0,0
4431,F,1971,1,0,0
4432,M,1984,0,1,0
4433,F,2003,0,0,0
4434,F,1963,0,0,0
4435,M,1964,0,0,1
4436,F,1984,1,0,1
4437,M,1940,1,0,1
4438,F,2010,0,0,0
4439,M,1990,0,0,1
4440,F,1968,0,0,0
4441,F,2001,0,0,0
4442,F,1960,0,0,1
4443,M,1951,1,0,0
4444,F,2017,0,0,0
4445,F,1938,0,1,1
4446,M,1970,0,0,0
4447,F,1993,0,0,0
4448,M,2007,0,0,1
4449,F,1956,0,0,0
4450,M,2003,0,0,1
4451,M,1970,1,1,0
4452,M,2003,0,0,0
4453,F,1982,0,0,1
4454,M,1958,0,1,0
4455,M,1992,0,0,0
4456,M,1939,1,0,0
4457,M,1968,0,0,1
4458,F,2001,1,0,0
4459,F,2006,0,0,0
4460,F,1997,0,0,0
4461,M,1983,0,0,1
4462,M,1935,0,0,1
4463,F,1930,0,0,0
4464,M,1993,0,0,0
4465,F,1993,0,0,0
4466,M,1963,0,1,1
4467,F,1963,0,0,1
4468,F,1945,0,0,0
4469,M,1944,0,1,0
4470,M,1998,0,0,0
4471,M,2008,0,0,0
4472,M,1967,0,0,1
4473,F,1977,0,0,0
4474,M,2013,0,0,0
4475,M,2008,0,0,0
4476,M,1969,0,1,0
4477,M,1985,0,0,0
4478,F,1968,0,0,0
4479,F,2002,0,0,0
4480,F,1966,0,0,1
4481,M,1974,0,0,0
4482,M,1964,0,0,0
4483,M,1992,0,0,0
4484,F,1996,0,0,0
4485,F,2007,0,0,1
4486,F,1989,0,0,0
4487,F,1953,0,0,0
4488,M,1943,0,1,1
4489,F,2003,1,0,0
4490,F,1983,0,0,1
4491,F,1934,0,0,1
4492,M,1930,0,0,0
4493,M,1989,0,0,0
4494,M,1949,0,0,1
4495,M,1956,0,0,0
4496,F,1959,1,0,1
4497,M,2010,0,0,0
4498,F,1994,0,0,0
4499,M,1986,0,0,0
4500,F,1986,0,0,0
4501,M,1983,0,0,1
4502,F,1930,0,0,1
4503,M,1989,0,0,0
4504,F,1973,0,0,0
4505,F,1974,0,1,1
4506,M,1983,1,0,0
4507,M,2003,0,0,0
4508,M,1980,0,0,1
4509,M,2013,0,0,1
4510,F,1970,0,1,0
4511,F,2015,0,0,0
4512,F,1973,0,1,0
4513,F,1995,0,0,0
4514,F,2001,0,0,0
4515,F,1962,0,0,0
4516,M,1991,1,0,0
4517,F,1981,0,0,1
4518,F,2009,0,0,0
4519,F,1940,0,0,1
4520,F,1979,0,0,0
4521,M,1979,0,0,0
4522,F,1948,0,0,0
4523,F,1969,0,0,0
4524,M,2018,0,0,0
4525,F,1935,0,0,1
4526,M,1989,0,0,0
4527,F,1938,0,0,1
4528,M,1990,0,0,0
4529,F,1994,1,1,0
4530,F,1971,0,0,0
4531,F,1930,0,0,0
4532,F,1949,0,0,0
4533,M,1968,0,0,1
4534,F,1972,0,0,0
4535,M,1980,0,0,1
4536,F,1940,0,1,1
4537,M,1961,0,0,0
4538,M,2007,0,0,0
4539,M,2001,0,0,0
4540,F,1967,0,0,1
4541,M,2003,0,0,1
4542,M,1979,0,0,0
4543,F,1959,0,0,1
4544,F,1971,1,0,1
4545,M,2005,0,0,0
4546,F,2000,0,0,0
4547,M,1970,0,0,1
4548,F,1930,0,0,0
4549,F,1984,1,0,0
4550,M,1958,0,0,0
4551,F,1971,0,0,0
4552,F,1995,1,0,0
4553,M,1957,1,0,0
4554,M,2010,0,0,0
4555,F,1960,0,0,0
4556,M,1969,0,0,0
4557,F,1993,0,0,1
4558,F,2002,0,1,0
4559,F,1992,0,0,1
4560,F,1996,0,1,0
4561,M,1988,1,0,0
4562,M,1990,0,0,0
4563,F,1993,0,0,0
4564,F,2010,0,0,0
4565,M,2004,0,0,0
4566,F,1952,0,0,1
4567,F,1993,0,0,0
4568,F,1987,0,0,0
4569,F,1991,0,0,0
4570,F,1939,1,0,1
4571,M,1997,0,0,0
4572,F,1998,0,0,0
4573,F,1969,1,1,0
4574,M,1977,0,0,0
4575,M,1968,0,0,0
4576,F,1970,0,0,0
4577,F,1956,1,0,1
4578,M,2005,1,0,0
4579,M,1971,0,1,0
4580,F,1998,0,0,0
4581,F,2013,0,1,0
4582,M,1970,0,0,0
4583,M,1971,0,1,0
4584,F,1982,1,0,0
4585,M,1956,0,0,0
4586,M,1998,0,0,1
4587,F,1965,1,0,1
4588,M,1985,0,0,1
4589,F,1984,1,0,1
4590,F,2012,0,1,0
4591,F,1955,0,0,1
4592,M,1972,0,0,1
4593,M,1966,0,0,0
4594,M,2000,0,0,0
4595,M,1976,0,0,1
4596,M,1986,0,0,0
4597,M,1971,1,0,0
4598,M,1977,0,0,0
4599,F,1931,0,0,1
4600,F,1945,0,1,1
4601,F,1988,0,0,0
4602,F,1970,0,0,1
4603,M,1990,0,0,1
4604,F,1957,0,0,1
4605,F,1985,0,0,0
4606,M,1992,1,0,1
4607,F,1976,0,0,0
4608,M,1948,0,0,0
4609,M,1954,0,0,0
4610,F,1991,0,0,0
4611,M,1935,0,0,0
4612,F,1999,1,0,1
4613,F,1994,0,0,0
4614,M,1958,1,0,1
4615,M,2013,0,0,0
4616,F,1981,1,0,0
4617,F,1988,0,0,1
4618,M,1932,0,0,1
4619,F,2002,1,0,1
4620,F,2000,0,0,0
4621,F,1930,0,0,0
4622,M,1988,1,0,1
4623,F,1950,0,0,0
4624,F,1991,0,1,0
4625,F,1995,0,1,0
4626,F,1948,0,0,0
4627,M,1930,1,0,1
4628,M,1945,0,0,0
4629,F,1992,0,0,0
4630,F,1982,1,0,0
4631,F,1999,0,0,1
4632,M,1997,0,0,0
4633,M,1998,0,0,0
4634,M,1990,0,0,0
4635,M,1979,1,0,0
4636,M,1981,0,1,0
4637,M,1963,0,1,1
4638,F,1977,0,1,1
4639,F,1966,0,0,1
4640,F,1961,1,1,0
4641,M,1992,0,0,0
4642,M,1985,0,0,0
4643,M,1930,0,1,0
4644,F,1993,0,0,1
4645,M,1964,1,1,1
4646,M,2005,1,0,0
4647,M,1960,1,0,0
4648,M,1996,0,1,1
4649,F,1981,0,0,1
4650,M,2007,0,0,0
4651,F,1983,0,0,0
4652,F,1982,0,0,0
4653,F,1986,0,0,1
4654,M,1971,0,0,0
4655,M,1951,0,0,0
4656,F,2000,0,0,0
4657,M,1985,0,0,0
4658,F,2006,0,0,0
4659,F,2011,0,0,0
4660,F,1978,0,0,1
4661,F,2001,0,0,0
4662,F,1982,0,0,1
4663,M,1977,0,0,0
4664,M,2009,0,0,0
4665,M,1973,0,0,1
4666,M,1953,0,1,0
4667,M,1967,1,0,0
4668,F,2000,0,0,1
4669,F,1983,0,0,0
4670,M,1981,0,0,0
4671,M,1985,1,1,1
4672,F,2005,1,0,0
4673,M,1997,1,1,0
4674,F,1987,0,0,0
4675,F,1977,0,0,0
4676,M,1993,1,0,0
4677,F,2017,0,0,0
4678,F,2012,0,0,0
4679,M,1992,1,0,0
4680,F,1931,0,0,0
4681,F,1973,1,0,0
4682,F,1978,0,0,0
4683,M,1998,0,0,0
4684,F,1991,0,0,0
4685,F,2013,0,1,0
4686,F,1999,0,0,0
4687,M,1974,0,0,1
4688,M,1978,1,1,1
4689,F,1995,0,0,1
4690,M,1985,0,0,0
4691,F,1981,0,0,0
4692,M,1994,0,0,0
4693,M,1971,1,0,0
4694,M,1978,1,0,0
4695,F,1991,0,0,1
4696,M,2004,0,0,0
4697,F,1992,0,0,1
4698,F,1993,0,0,0
4699,F,1995,0,1,0
4700,F,2009,0,0,0
4701,F,1943,0,0,0
4702,M,1945,0,0,0
4703,M,1986,0,0,1
4704,M,1977,0,0,0
4705,M,1972,0,0,1
4706,F,1985,0,0,0
4707,M,1975,0,0,0
4708,M,1968,0,1,1
4709,F,1979,0,0,1
4710,M,1963,0,0,1
4711,F,1996,0,0,0
4712,F,1983,0,0,0
4713,M,1930,0,1,1
4714,M,1956,0,0,1
4715,M,1978,0,0,1
4716,F,2000,0,0,0
4717,M,1982,0,0,1
4718,M,1958,0,0,0
4719,M,1965,0,0,0
4720,F,2011,0,0,0
4721,M,2009,0,0,0
4722,M,2008,0,0,0
4723,F,1971,0,1,1
4724,F,2008,0,0,1
4725,M,2001,0,1,0
4726,M,1986,0,0,0
4727,M,1952,0,0,1
4728,M,1970,0,0,1
4729,F,1989,0,0,0
4730,F,1962,0,0,1
4731,M,1930,0,0,1
4732,F,1982,0,0,0
4733,F,2005,1,0,0
4734,F,2000,0,0,0
4735,F,2000,0,0,0
4736,F,1997,0,1,0
4737,F,1990,0,1,0
4738,F,1976,0,0,0
4739,F,2007,1,1,0
4740,M,2005,0,0,1
4741,M,1968,0,0,1
4742,M,1993,0,0,0
4743,F,1999,0,0,0
4744,F,1988,0,1,0
4745,F,1946,1,1,1
4746,F,1964,0,0,0
4747,M,1966,0,0,1
4748,M,1932,0,0,1
4749,M,1975,0,0,0
4750,F,1930,1,0,0
4751,F,1930,0,0,0
4752,F,2007,0,0,1
4753,M,2010,0,0,1
4754,F,2001,1,0,0
4755,M,1950,0,0,1
4756,F,1987,0,0,0
4757,M,1990,0,0,0
4758,F,1961,0,1,0
4759,M,1994,0,0,0
4760,M,1978,0,1,0
4761,M,1968,1,0,0
4762,F,2000,0,0,0
4763,M,2003,0,0,0
4764,F,1982,0,0,0
4765,M,1979,0,0,0
4766,M,1964,0,1,0
4767,M,2002,0,0,1
4768,M,1997,0,0,0
4769,F,1930,0,0,1
4770,M,1956,0,0,1
4771,M,1986,0,0,0
4772,F,1951,0,0,1
4773,F,2002,0,1,1
4774,F,1988,1,0,0
4775,M,2020,0,0,0
4776,M,1979,0,0,0
4777,M,1990,0,0,0
4778,M,1989,0,0,0
4779,F,1965,0,0,0
4780,F,1956,0,0,1
4781,M,1992,0,0,0
4782,M,2006,0,0,0
4783,F,2008,0,0,0
4784,M,2013,0,0,0
4785,F,1933,0,1,0
4786,M,1965,0,0,1
4787,F,1972,1,0,1
4788,F,1994,0,0,0
4789,F,1994,0,0,1
4790,F,1955,1,1,1
4791,M,2010,0,0,0
4792,F,1991,0,0,0
4793,F,1950,0,0,1
4794,F,1991,1,0,1
4795,F,1967,0,0,0
4796,F,1985,1,0,0
4797,F,2018,0,0,0
4798,F,1986,1,0,0
4799,M,1981,1,0,0
4800,M,1987,0,0,0
4801,F,2004,1,0,0
4802,M,1987,0,0,0
4803,F,2013,0,0,0
4804,M,1992,1,0,1
4805,M,1964,0,0,0
4806,M,1936,0,0,1
4807,M,1943,0,1,1
4808,F,2002,1,0,0
4809,F,2008,0,0,0
4810,M,1979,0,0,1
4811,M,1983,0,0,1
4812,F,1969,1,0,0
4813,F,1996,1,0,0
4814,M,1982,0,0,1
4815,F,1983,0,0,0
4816,M,1991,0,0,0
4817,F,2010,0,0,0
4818,F,1965,0,0,0
4819,F,1979,0,0,1
4820,M,1962,0,0,0
4821,F,1955,0,0,0
4822,F,1985,0,0,0
4823,M,1964,0,0,0
4824,M,1935,1,1,1
4825,M,1930,1,1,0
4826,M,1976,0,0,0
4827,F,1974,0,0,0
4828,F,1976,0,0,1
4829,M,1970,0,0,0
4830,F,1956,0,0,0
4831,F,1977,0,0,0
4832,M,1930,1,0,1
4833,F,1930,0,0,0
4834,F,1981,0,0,0
4835,M,1982,0,0,0
4836,F,1992,0,0,0
4837,M,1968,0,0,0
4838,F,1989,0,0,0
4839,M,1993,0,0,0
4840,M,1969,0,0,0
4841,M,2003,0,0,0
4842,F,1956,0,1,1
4843,M,1968,0,0,0
4844,M,1933,0,0,0
4845,M,1976,0,0,0
4846,M,1963,0,0,1
4847,M,2016,0,0,0
4848,M,1959,1,0,1
4849,M,1946,0,0,0
4850,M,1978,0,1,1
4851,F,1992,0,0,0
4852,M,1975,1,1,0
4853,M,1956,1,0,1
4854,F,1951,0,0,0
4855,F,2010,0,1,0
4856,M,1930,0,1,1
4857,M,1993,0,0,0
4858,F,1963,0,0,1
4859,F,1942,0,0,1
4860,F,1984,0,0,0
4861,M,1950,0,1,0
4862,F,2010,0,0,0
4863,M,2014,0,0,1
4864,M,1948,0,0,0
4865,F,1953,0,0,1
4866,F,1972,0,1,0
4867,M,1956,1,0,0
4868,F,1930,0,0,0
4869,F,1941,0,0,1
4870,M,1982,0,0,0
4871,F,1975,1,0,0
4872,F,1986,0,0,0
4873,M,1989,0,0,0
4874,F,1959,0,1,1
4875,M,1986,0,0,0
4876,M,1959,1,0,0
4877,M,1984,1,0,0
4878,F,1980,0,0,0
4879,F,1998,0,1,1
4880,M,1960,0,0,1
4881,F,2011,0,0,0
4882,M,1947,0,0,1
4883,M,1930,0,1,0
4884,F,1979,1,1,1
4885,F,1981,0,0,0
4886,F,2008,0,0,0
4887,M,1992,0,0,0
4888,F,1955,0,0,0
4889,M,1950,1,0,1
4890,M,1976,0,0,0
4891,F,1957,0,1,1
4892,M,1997,0,0,1
4893,M,1970,0,0,1
4894,M,1937,1,0,0
4895,M,1965,1,0,1
4896,M,1930,1,0,1
4897,M,1930,0,0,0
4898,F,1969,0,0,0
4899,F,2021,0,0,0
4900,F,1951,0,0,1
4901,F,2004,0,0,0
4902,M,2018,0,0,0
4903,M,2012,0,0,0
4904,F,1948,1,1,1
4905,F,1968,0,0,0
4906,M,1976,1,0,1
4907,M,1966,1,0,0
4908,F,2012,0,0,0
4909,F,1986,0,0,0
4910,M,1995,1,0,0
4911,F,1978,0,0,0
4912,M,1977,0,0,1
4913,M,1967,0,1,1
4914,M,1962,1,1,0
4915,F,2011,0,0,1
4916,F,1986,0,0,0
4917,F,1981,0,0,0
4918,F,2004,0,0,0
4919,M,2006,0,0,0
4920,F,2012,0,1,0
4921,M,2007,1,0,0
4922,M,1958,0,0,0
4923,M,2010,0,1,0
4924,F,2008,0,0,0
4925,F,1979,1,0,0
4926,M,1971,1,0,1
4927,M,1982,0,0,1
4928,M,2002,0,0,0
4929,F,2005,0,0,0
4930,F,1979,0,0,0
4931,F,1984,0,0,0
4932,M,1990,0,0,0
4933,M,1959,0,0,0
4934,M,1986,0,1,0
4935,F,2006,0,0,0
4936,F,1990,0,0,0
4937,F,1967,0,0,0
4938,M,1987,0,0,0
4939,F,1968,0,0,0
4940,M,1962,0,0,1
4941,F,1986,1,0,1
4942,M,1982,0,0,0
4943,F,1988,0,0,0
4944,M,1967,1,0,1
4945,F,1989,0,1,1
4946,F,1970,0,0,0
4947,M,1976,0,1,0
4948,M,2012,0,0,0
4949,M,1969,0,0,0
4950,M,1979,0,0,1
4951,M,1945,0,1,1
4952,M,2004,0,0,0
4953,F,1976,0,0,0
4954,M,1992,0,1,0
4955,F,2011,0,0,1
4956,M,2014,0,0,0
4957,F,1937,0,1,1
4958,F,1976,0,1,0
4959,F,1986,0,0,1
4960,F,2009,0,0,1
4961,F,1940,0,1,0
4962,M,1997,0,0,0
4963,M,1975,1,0,1
4964,M,1980,0,0,1
4965,M,1930,1,1,0
4966,M,1982,0,1,0
4967,M,1993,0,0,0
4968,F,1975,0,0,0
4969,M,1973,0,1,1
4970,F,1930,0,0,1
4971,F,1983,0,0,0
4972,F,2004,0,0,1
4973,F,1990,0,0,1
4974,M,1976,1,0,1
4975,F,1971,1,0,0
4976,F,2010,0,0,0
4977,M,1992,1,0,0
4978,M,1930,0,0,1
4979,F,2000,1,0,0
4980,M,1958,0,0,0
4981,F,1989,0,1,0
4982,M,1981,0,1,0
4983,F,2008,0,0,0
4984,F,1987,1,0,0
4985,M,1976,0,0,0
4986,M,1983,0,0,0
4987,M,1986,1,1,0
4988,F,1967,0,0,0
4989,F,2005,0,0,0
4990,F,1975,0,0,0
4991,F,2015,0,0,1
4992,M,1949,0,0,1
4993,F,1985,1,1,0
4994,M,1961,1,0,0
4995,F,2019,0,0,0
4996,M,1965,0,0,0
4997,M,1997,1,0,1
4998,M,1981,0,1,0
4999,M,1965,0,0,0
5000,M,1983,0,1,1
5001,F,1968,0,0,0
5002,M,1989,1,0,1
5003,F,1946,1,1,1
5004,M,1985,0,0,0
5005,M,1985,0,0,0
5006,M,1984,0,0,0
5007,M,1982,0,0,0
5008,F,2005,1,1,0
5009,M,2000,0,0,0
5010,F,1956,0,1,1
5011,F,1961,0,0,1
5012,M,1963,0,0,1
5013,M,1971,0,0,0
5014,F,1993,0,0,0
5015,F,1994,0,0,0
5016,M,1983,0,0,0
5017,M,1950,0,1,0
5018,M,1977,0,0,0
5019,M,2001,0,0,0
5020,F,2007,0,0,0
5021,F,1960,0,0,1
5022,M,1938,0,0,1
5023,M,2010,0,0,0
5024,M,1958,0,1,1
5025,M,1972,0,0,1
5026,M,1998,0,0,0
5027,F,1977,0,0,0
5028,M,2003,0,1,0
5029,M,1987,0,0,0
5030,M,1982,0,1,1
5031,F,1946,0,0,0
5032,M,1988,0,1,1
5033,F,1996,0,1,0
5034,M,1974,0,0,1
5035,F,1968,0,0,1
5036,M,1997,0,0,0
5037,F,2001,0,0,0
5038,F,2000,0,0,0
5039,F,1946,0,0,1
5040,F,1969,1,0,1
5041,F,1989,0,0,0
5042,M,1953,0,0,1
5043,F,1997,0,0,0
5044,F,1984,0,1,1
5045,F,2003,1,1,0
5046,F,1954,0,1,0
5047,F,1998,0,0,0
5048,F,1998,0,0,0
5049,F,1973,0,0,0
5050,M,2015,0,0,0
5051,M,2006,0,0,1
5052,F,1964,0,1,1
5053,F,2001,0,0,0
5054,F,1930,0,0,1
5055,F,1978,0,0,1
5056,M,2011,0,1,0
5057,M,2018,0,0,0
5058,F,1936,0,0,0
5059,M,1978,0,0,1
5060,F,1986,1,0,0
5061,F,1978,0,0,1
5062,M,2011,0,0,0
5063,M,1983,0,0,0
5064,F,2000,1,0,0
5065,M,1984,0,0,0
5066,M,1992,0,0,1
5067,F,1980,0,0,0
5068,M,1989,0,0,0
5069,F,1993,1,0,1
5070,F,2001,0,0,1
5071,F,2010,0,0,0
5072,M,2012,0,0,0
5073,M,2006,0,0,0
5074,F,1966,0,0,1
5075,M,2002,1,0,0
5076,F,1996,0,1,1
5077,F,1996,0,0,0
5078,M,1992,0,0,0
5079,M,1971,0,0,1
5080,M,1989,0,0,0
5081,M,1960,0,0,0
5082,M,2006,0,0,0
5083,M,1964,0,1,1
5084,M,1942,1,0,1
5085,F,1983,0,1,0
5086,M,2003,1,0,0
5087,F,1971,0,0,1
5088,M,1983,0,0,0
5089,F,1976,0,0,0
5090,F,1959,1,0,0
5091,F,1991,0,0,0
5092,F,1994,0,0,0
5093,F,1930,0,0,0
5094,M,1970,0,0,1
5095,M,1954,1,0,0
5096,M,1961,0,1,1
5097,F,1953,0,1,1
5098,M,1975,1,0,0
5099,M,1958,0,0,0
5100,M,1996,0,0,0
5101,M,2011,0,0,0
5102,M,2000,0,0,0
5103,F,1986,0,0,0
5104,F,1989,1,0,0
5105,M,1983,0,0,0
5106,F,1997,0,0,0
5107,M,2014,0,0,0
5108,M,1991,0,0,0
5109,M,2007,0,0,0
5110,M,1984,0,0,1
5111,F,1973,1,0,0
5112,F,1992,0,0,1
5113,F,2004,0,0,0
5114,F,1982,0,0,1
5115,F,1930,0,0,1
5116,M,1970,0,0,0
5117,F,1968,0,0,0
5118,F,1994,1,1,0
5119,F,1999,0,0,0
5120,F,1953,0,0,1
5121,M,2017,0,0,0
5122,M,1997,0,0,0
5123,F,1932,0,0,1
5124,M,1985,0,0,0
5125,M,2009,0,0,0
5126,F,1973,0,0,1
5127,F,1992,0,0,1
5128,M,2012,0,0,1
5129,M,1978,0,0,0
5130,F,1981,0,0,0
5131,F,1983,0,1,0
5132,F,1971,1,0,0
5133,M,2005,0,0,0
5134,F,1975,1,0,0
5135,F,1980,0,0,0
5136,M,1954,1,0,0
5137,M,1998,0,0,0
5138,F,1948,0,0,1
5139,M,1962,0,0,1
5140,F,1986,0,0,0
5141,M,1983,0,0,1
5142,M,2016,0,0,0
5143,F,1983,0,0,0
5144,M,1964,0,0,1
5145,M,1989,1,0,0
5146,F,1954,1,0,1
5147,F,1972,0,0,0
5148,M,1930,0,0,0
5149,F,1997,0,1,0
5150,M,1967,0,0,0
5151,F,2007,0,0,0
5152,F,1987,1,1,0
5153,M,1971,0,0,1
5154,F,1965,0,1,0
5155,M,1991,0,0,0
5156,F,1950,0,1,0
5157,M,1942,0,0,1
5158,M,1996,0,0,0
5159,M,1987,0,0,1
5160,F,1989,1,0,0
5161,F,1994,0,0,1
5162,M,1944,0,0,0
5163,F,1945,0,1,0
5164,M,1988,0,1,0
5165,M,1967,0,1,1
5166,F,1954,0,0,1
5167,F,1977,1,0,1
5168,F,1990,0,0,0
5169,M,1998,0,0,0
5170,F,1964,0,0,0
5171,M,2006,0,0,1
5172,M,1989,0,0,0
5173,M,1993,1,0,1
5174,M,2007,0,0,0
5175,F,1985,0,1,0
5176,F,1987,0,0,0
5177,M,2001,0,0,0
5178,M,1946,0,1,1
5179,M,1964,0,0,0
5180,F,1982,0,1,0
5181,F,1959,0,1,1
5182,F,1952,0,0,1
5183,F,1944,1,0,1
5184,M,1997,0,1,0
5185,M,1960,0,0,0
5186,M,1987,1,0,0
5187,M,1978,0,0,0
5188,F,1996,0,0,1
5189,F,1983,0,0,0
5190,M,1959,0,0,0
5191,M,1934,0,0,1
5192,F,1986,0,0,0
5193,M,2000,0,1,0
5194,F,1930,0,0,0
5195,M,1997,1,0,0
5196,F,2010,0,1,0
5197,F,1995,0,0,0
5198,F,2016,0,0,0
5199,F,1953,0,0,1
5200,M,2012,0,1,0
5201,M,1998,0,0,0
5202,F,2004,1,0,0
5203,F,1980,0,0,1
5204,F,1934,0,1,0
5205,M,1972,0,0,1
5206,M,2006,0,0,1
5207,F,1930,0,0,0
5208,F,1975,0,0,0
5209,F,1957,0,0,1
5210,F,2009,1,0,0
5211,F,1930,0,1,1
5212,M,1991,0,0,0
5213,M,2009,0,0,0
5214,F,1978,0,1,0
5215,M,1957,0,1,1
5216,M,1967,0,0,1
5217,M,1968,0,1,0
5218,M,1970,0,0,0
5219,F,1980,0,0,0
5220,M,2009,0,0,1
5221,F,1987,0,0,0
5222,F,1990,0,0,0
5223,M,1944,0,0,1
5224,M,1953,1,1,1
5225,F,1993,1,0,1
5226,M,1963,0,0,1
5227,F,1984,0,0,0
5228,F,2010,0,0,0
5229,F,2016,0,0,0
5230,F,1966,0,0,0
5231,M,2002,0,0,0
5232,F,2002,0,0,0
5233,M,1997,0,0,1
5234,M,1966,0,0,0
5235,F,1953,1,1,0
5236,F,1954,0,1,0
5237,F,2011,0,0,0
5238,M,1998,0,0,1
5239,M,2000,0,0,0
5240,F,1966,0,0,0
5241,M,1997,0,0,0
5242,M,1986,0,0,1
5243,F,1963,0,1,1
5244,M,1982,0,0,0
5245,M,1975,0,0,1
5246,F,1987,0,0,0
5247,M,1957,0,0,0
5248,F,1953,0,1,1
5249,F,1970,0,1,0
5250,M,1953,0,1,1
5251,M,1930,0,0,0
5252,F,1963,0,0,1
5253,F,1984,0,0,0
5254,F,1974,0,1,0
5255,M,1949,0,0,0
5256,M,1991,0,0,1
5257,M,1993,0,0,0
5258,M,1975,0,0,0
5259,M,1984,0,0,0
5260,F,2000,1,0,1
5261,M,1979,0,1,0
5262,F,1941,0,0,0
5263,F,1971,0,0,1
5264,M,2003,0,0,1
5265,F,1967,0,0,1
5266,F,1989,0,0,0
5267,F,1930,0,1,0
5268,M,1969,0,0,0
5269,F,1995,0,0,0
5270,M,1964,0,0,1
5271,M,1977,0,0,0
5272,M,1945,0,0,0
5273,M,1993,0,1,0
5274,F,1969,0,0,0
5275,F,2009,0,0,0
5276,M,1980,0,0,0
5277,F,2003,0,0,0
5278,M,1978,0,0,0
5279,M,1972,0,0,0
5280,F,1970,0,1,1
5281,F,1993,0,0,0
5282,M,1979,0,0,0
5283,M,1950,0,0,0
5284,M,1930,1,0,0
5285,F,1978,0,0,0
5286,F,1949,0,0,0
5287,F,1999,0,0,0
5288,M,1990,0,0,0
5289,F,1976,0,1,1
5290,F,1984,0,1,0
5291,F,1986,0,0,0
5292,M,1953,0,0,1
5293,F,2001,0,0,1
5294,M,2000,0,0,0
5295,F,2005,0,0,0
5296,F,1975,0,0,1
5297,F,1989,0,0,0
5298,F,1957,0,1,1
5299,M,1977,0,1,0
5300,M,1993,0,0,0
5301,M,1996,0,0,0
5302,F,2016,0,1,1
5303,F,1985,0,0,0
5304,F,2003,0,0,0
5305,F,1952,0,0,1
5306,M,1990,0,0,0
5307,F,2008,0,0,0
5308,M,1945,0,1,1
5309,F,1985,0,0,0
5310,M,1967,0,0,0
5311,M,1993,0,0,1
5312,F,1944,0,0,0
5313,F,1998,0,0,0
5314,F,1989,0,0,0
5315,M,2011,0,0,0
5316,F,1945,0,1,1
5317,M,1995,1,0,0
5318,M,1974,1,0,0
5319,M,1971,0,1,0
5320,M,1951,0,0,1
5321,F,1976,0,1,0
5322,F,1984,1,0,1
5323,M,1955,1,0,0
5324,M,1971,0,0,0
5325,F,1987,0,1,1
5326,M,1943,1,0,0
5327,F,1969,0,0,1
5328,F,2004,1,1,0
5329,M,1936,0,0,1
5330,F,1994,0,0,0
5331,M,1952,0,0,0
5332,F,2007,0,0,0
5333,M,1955,0,0,1
5334,M,2004,0,0,0
5335,M,1977,0,0,0
5336,F,1970,1,0,0
5337,M,1987,0,0,0
5338,F,1981,0,0,1
5339,M,2001,0,0,0
5340,M,1959,1,0,1
5341,F,1976,0,0,1
5342,M,1998,0,0,0
5343,M,1975,0,0,0
5344,M,1974,0,0,0
5345,F,1980,0,0,0
5346,F,2016,0,0,0
5347,M,1990,1,1,0
5348,M,1960,0,0,0
5349,M,1968,0,0,0
5350,M,1969,0,0,0
5351,M,1976,0,0,0
5352,F,1956,1,0,1
5353,F,1994,0,0,0
5354,M,1997,0,0,0
5355,F,1930,0,0,0
5356,F,1995,0,0,1
5357,F,2005,0,0,0
5358,M,1987,0,0,0
5359,M,1979,0,0,1
5360,M,1955,0,0,0
5361,F,1990,0,1,1
5362,M,1990,0,0,1
5363,F,1981,0,0,1
5364,M,1993,0,1,0
5365,M,2007,0,0,0
5366,F,2004,0,0,0
5367,M,1946,0,1,0
5368,M,1963,0,0,1
5369,M,1982,0,0,1
5370,M,1968,0,0,0
5371,M,1962,0,0,1
5372,F,1995,0,0,1
5373,F,2001,0,0,1
5374,F,1950,0,0,1
5375,M,2015,0,0,0
5376,F,1968,0,0,1
5377,F,1977,0,0,1
5378,F,1954,1,0,1
5379,F,1967,0,1,0
5380,M,1968,0,1,1
5381,F,2000,0,0,0
5382,M,1961,0,0,0
5383,F,1971,0,1,1
5384,M,1998,0,0,0
5385,F,1977,0,0,0
5386,M,2003,0,0,0
5387,F,1985,1,0,1
5388,F,1930,0,1,0
5389,F,2000,0,0,0
5390,F,2007,0,0,0
5391,F,2004,0,0,0
5392,M,1986,0,0,0
5393,F,1964,1,0,0
5394,M,1981,0,0,1
5395,M,2006,1,0,0
5396,F,1965,0,0,0
5397,F,2012,0,0,0
5398,F,2004,0,0,0
5399,F,1994,0,0,0
5400,M,1951,0,0,0
5401,M,1980,0,0,0
5402,M,1979,0,0,1
5403,M,2006,0,1,0
5404,F,1992,1,0,0
5405,M,1957,0,1,1
5406,F,1973,0,0,0
5407,M,1964,1,0,0
5408,F,1982,0,0,1
5409,F,1956,0,0,0
5410,F,2006,0,0,0
5411,F,1986,0,0,0
5412,F,1969,0,0,0
5413,F,2009,0,0,0
5414,M,2018,0,0,0
5415,F,1930,0,0,0
5416,M,1979,0,1,1
5417,F,2010,0,0,0
5418,M,1980,0,0,0
5419,F,2004,1,0,0
5420,F,2000,0,0,0
5421,M,1950,0,0,1
5422,F,1993,0,0,0
5423,M,1993,0,0,0
5424,M,2005,0,0,0
5425,F,1989,0,0,0
5426,F,1978,1,1,0
5427,M,1993,1,1,0
5428,M,1930,1,0,1
5429,M,2002,1,0,0
5430,F,2002,1,0,0
5431,M,1990,1,0,0
5432,F,1930,0,0,1
5433,F,1963,0,0,1
5434,F,1994,0,0,0
5435,F,1994,0,0,0
5436,M,2002,0,0,0
5437,F,1991,1,0,0
5438,F,1987,0,1,0
5439,F,1965,1,0,1
5440,M,1971,0,0,0
5441,M,1991,0,0,1
5442,F,1938,0,0,0
5443,F,1996,0,0,0
5444,F,2008,0,0,0
5445,M,1977,0,0,0
5446,F,1953,0,1,1
5447,F,1983,1,0,1
5448,M,2005,0,0,0
5449,F,1979,0,1,1
5450,M,1976,0,1,0
5451,F,1973,0,0,1
5452,M,1978,0,0,0
5453,M,1948,0,0,0
5454,F,2002,0,0,0
5455,M,2020,0,0,1
5456,M,2012,0,0,0
5457,M,2005,0,0,1
5458,M,1959,0,0,0
5459,F,1989,0,0,1
5460,M,1934,0,0,1
5461,F,2003,1,0,0
5462,F,1935,0,0,1
5463,F,1999,1,1,1
5464,M,1987,0,0,0
5465,M,2010,0,0,0
5466,F,1941,0,0,0
5467,F,1984,0,0,1
5468,F,1930,0,0,1
5469,M,1951,1,0,0
5470,F,1987,1,0,0
5471,F,1997,0,0,0
5472,M,1958,0,0,0
5473,F,1981,0,0,0
5474,M,1998,0,0,0
5475,M,1980,0,0,0
5476,M,2013,0,0,0
5477,M,1972,0,0,1
5478,F,1967,0,0,1
5479,M,2004,0,1,0
5480,F,1947,1,0,0
5481,F,1955,0,1,0
5482,F,1975,0,0,1
5483,F,2000,0,0,0
5484,F,1965,0,0,1
5485,F,1990,0,1,0
5486,F,1978,0,0,1
5487,M,1962,0,1,1
5488,M,2007,0,0,0
5489,M,2011,0,0,0
5490,M,1992,0,0,1
5491,F,1930,0,0,1
5492,F,1930,0,1,1
5493,M,1973,1,0,1
5494,F,1954,1,0,1
5495,M,1983,0,0,0
5496,F,1980,0,0,0
5497,M,1987,0,0,0
5498,M,1950,0,0,1
5499,F,1934,1,1,0
5500,M,1980,0,0,0
5501,M,1980,0,0,0
5502,F,1986,0,0,0
5503,M,1933,1,0,1
5504,M,1959,0,0,0
5505,M,2001,0,1,0
5506,F,1930,0,1,1
5507,M,2016,0,0,0
5508,M,1937,1,0,1
5509,F,1953,0,1,1
5510,M,1980,0,1,0
5511,F,1981,1,1,1
5512,M,1985,0,0,0
5513,M,2000,0,0,0
5514,F,1930,0,0,1
5515,F,1982,0,0,1
5516,F,2000,0,0,0
5517,F,1930,0,0,0
5518,F,1970,0,0,1
5519,F,1968,0,0,0
5520,M,1930,0,0,1
5521,F,1964,0,0,0
5522,F,1994,0,0,0
5523,F,1964,0,0,0
5524,M,1999,1,0,0
5525,F,1991,0,0,0
5526,F,1974,0,0,0
5527,M,1955,1,0,0
5528,F,1993,1,0,0
5529,F,1985,0,0,1
5530,M,1985,1,0,1
5531,M,1949,0,1,0
5532,F,1981,0,1,0
5533,F,1930,0,0,1
5534,F,1991,0,1,0
5535,M,1993,0,0,0
5536,F,1938,0,0,1
5537,M,1967,1,0,1
5538,M,1930,1,0,1
5539,F,1940,0,0,0
5540,M,2004,0,0,0
5541,M,1981,0,0,0
5542,F,1974,0,1,1
5543,F,1976,0,0,0
5544,F,1985,0,0,1
5545,F,1976,0,0,0
5546,F,1975,0,0,0
5547,M,1993,1,1,1
5548,M,1950,0,0,1
5549,M,1930,0,0,1
5550,F,1962,0,0,1
5551,F,1971,0,0,0
5552,M,1983,0,0,0
5553,M,1974,0,1,0
5554,F,1971,0,0,1
5555,F,2000,0,0,1
5556,F,1952,0,0,0
5557,M,1990,0,0,0
5558,M,1936,1,0,1
5559,M,2021,0,0,1
5560,M,1977,0,0,0
5561,F,1952,0,0,0
5562,F,1962,0,0,0
5563,M,2004,1,0,0
5564,F,1940,0,0,0
5565,M,1996,0,0,0
5566,M,1991,1,0,0
5567,M,1990,0,0,0
5568,F,2009,0,0,0
5569,F,1976,0,0,0
5570,F,1949,0,1,0
5571,F,1937,0,0,0
5572,M,1985,0,1,0
5573,M,1981,0,1,1
5574,F,1960,0,0,1
5575,F,1984,0,0,0
5576,M,1946,0,0,0
5577,M,1982,1,0,0
5578,F,1998,0,0,0
5579,F,1975,0,0,0
5580,M,2007,0,0,0
5581,M,1976,0,0,0
5582,F,1971,0,0,0
5583,M,1996,1,0,0
5584,M,1972,0,0,1
5585,F,1987,0,0,0
5586,M,1997,0,0,0
5587,F,2008,1,0,0
5588,F,2005,0,0,0
5589,F,1931,0,0,1
5590,M,1988,0,0,0
5591,F,1971,0,0,0
5592,F,1985,0,0,0
5593,M,1930,0,1,1
5594,M,1997,1,0,0
5595,M,1979,1,0,0
5596,M,1991,0,0,0
5597,F,1952,0,0,1
5598,F,1972,0,0,0
5599,F,1980,0,0,0
5600,F,2004,0,0,0
5601,F,1930,1,0,1
5602,M,1984,0,0,1
5603,M,1999,1,0,0
5604,F,2008,0,0,0
5605,F,2006,1,0,0
5606,F,1980,0,0,1
5607,M,1951,0,0,1
5608,F,1974,0,0,0
5609,F,2008,0,0,0
5610,F,1980,0,0,1
5611,M,1940,0,0,1
5612,M,1988,1,1,0
5613,M,1973,1,0,0
5614,F,1988,0,0,1
5615,M,1968,1,0,0
5616,M,1997,0,0,0
5617,M,2021,0,0,0
5618,F,2003,0,1,0
5619,F,1991,0,0,1
5620,M,1983,0,0,0
5621,M,1990,0,0,0
5622,F,1991,0,0,1
5623,F,1951,0,0,0
5624,M,2001,0,0,0
5625,M,1980,0,0,1
5626,F,2007,0,0,0
5627,M,1962,0,0,1
5628,M,1974,0,0,0
5629,M,1930,0,0,0
5630,M,2001,0,0,0
5631,M,1930,0,0,1
5632,F,2000,0,0,1
5633,M,1989,0,0,0
5634,F,2005,0,0,0
5635,F,1930,0,0,1
5636,F,1970,0,0,0
5637,F,1970,1,0,0
5638,M,1998,0,0,1
5639,F,2016,0,0,0
5640,M,1989,0,0,0
5641,M,1993,0,1,0
5642,M,2011,0,0,0
5643,M,1988,0,0,0
5644,M,1980,0,0,1
5645,M,1968,1,0,0
5646,M,2015,0,0,0
5647,M,2004,0,0,0
5648,F,1998,0,0,1
5649,M,1949,0,0,1
5650,F,1950,0,0,1
5651,F,1972,0,0,0
5652,F,1988,0,1,0
5653,F,1947,0,0,1
5654,F,1975,1,0,1
5655,F,1949,0,0,1
5656,M,1970,0,0,1
5657,F,2010,0,0,0
5658,F,2016,0,0,1
5659,F,1990,0,0,0
5660,M,1958,0,1,0
5661,F,1993,0,0,0
5662,F,1939,0,0,1
5663,M,1961,0,0,0
5664,M,1943,1,0,1
5665,M,1990,0,0,1
5666,M,2000,0,0,0
5667,M,2003,1,0,0
5668,F,1968,1,0,1
5669,F,2009,0,0,0
5670,M,2009,0,0,0
5671,M,1994,0,0,0
5672,M,1976,0,0,1
5673,M,1997,0,1,0
5674,M,1950,0,0,0
5675,F,1943,0,1,1
5676,M,2019,0,0,0
5677,F,1970,1,0,1
5678,F,1993,0,0,1
5679,F,1956,0,0,1
5680,M,1969,0,0,0
5681,F,1977,0,0,1
5682,M,1984,1,0,0
5683,F,2009,0,0,0
5684,M,1930,0,0,1
5685,M,2004,0,0,0
5686,F,1930,0,0,0
5687,M,1963,0,0,0
5688,F,1992,0,1,0
5689,F,1995,0,0,0
5690,F,2009,1,0,0
5691,M,1981,1,0,1
5692,F,2009,1,0,0
5693,F,1948,0,0,0
5694,F,1975,1,0,0
5695,F,1982,0,0,0
5696,M,1979,1,0,0
5697,F,1974,0,0,0
5698,F,1989,1,0,0
5699,F,1986,0,0,0
5700,F,1930,0,0,1
5701,M,1952,1,0,1
5702,F,1965,0,0,0
5703,F,1992,0,0,0
5704,F,2013,0,0,0
5705,F,1968,0,0,0
5706,F,1979,0,1,0
5707,F,1987,0,0,0
5708,F,1983,0,1,1
5709,M,2004,1,0,0
5710,F,2000,0,0,0
5711,F,1952,1,0,0
5712,M,2015,0,0,1
5713,M,1957,0,1,0
5714,F,1937,1,0,0
5715,M,1969,0,0,1
5716,F,1970,0,0,0
5717,F,2000,1,0,0
5718,F,1998,0,0,0
5719,F,1991,1,0,0
5720,F,2006,0,0,0
5721,M,1999,0,0,1
5722,F,1979,1,0,0
5723,F,1992,0,0,0
5724,F,1977,0,0,0
5725,M,1952,1,0,0
5726,M,1977,0,0,0
5727,M,1970,0,0,0
5728,M,2010,0,0,0
5729,F,1952,0,0,0
5730,F,2010,0,0,0
5731,F,1993,0,0,0
5732,M,2003,0,0,1
5733,F,2013,0,0,0
5734,F,1979,0,0,1
5735,F,1968,0,0,0
5736,F,1936,0,0,1
5737,M,1975,0,1,0
5738,M,1999,0,0,1
5739,F,1992,0,0,0
5740,M,2012,0,0,0
5741,M,1990,0,0,1
5742,F,1983,0,0,0
5743,F,1969,0,0,0
5744,F,1961,0,0,1
5745,F,1970,0,0,0
5746,M,2000,0,0,0
5747,F,2005,0,0,0
5748,F,1963,0,0,0
5749,M,2013,0,1,1
5750,M,1930,1,0,1
5751,M,1997,0,0,0
5752,F,1947,0,1,1
5753,M,1994,0,0,0
5754,M,1967,0,0,1
5755,F,2004,1,0,0
5756,M,1981,0,1,1
5757,M,2011,0,0,0
5758,M,1974,1,1,0
5759,F,2004,0,0,0
5760,F,2002,1,0,0
5761,F,1991,0,0,0
5762,F,1987,0,0,0
5763,M,1969,0,0,0
5764,F,1972,1,1,0
5765,M,1979,0,0,1
5766,F,1957,0,0,0
5767,M,1972,0,0,0
5768,M,1970,0,0,0
5769,F,2002,0,0,0
5770,M,1954,1,1,1
5771,M,1959,0,1,1
5772,M,1977,0,0,0
5773,M,1960,0,0,1
5774,M,1983,0,0,0
5775,F,1934,0,1,0
5776,M,1980,1,0,0
5777,M,1984,0,0,0
5778,M,1972,1,0,0
5779,F,1930,1,0,1
5780,M,1994,0,0,1
5781,M,1974,0,0,0
5782,F,1992,0,1,0
5783,F,1984,0,0,0
5784,F,1999,0,0,0
5785,F,1971,0,1,0
5786,M,1982,0,1,0
5787,F,1961,0,0,1
5788,M,1952,0,0,0
5789,F,1946,0,0,1
5790,F,1992,1,0,0
5791,F,1972,0,0,0
5792,M,1943,1,0,1
5793,M,1999,0,0,0
5794,F,1979,0,0,0
5795,F,1998,1,0,1
5796,F,1930,0,0,0
5797,F,1944,0,1,0
5798,F,1967,0,0,1
5799,M,1968,0,0,1
5800,M,1996,0,0,0
5801,M,1939,0,0,0
5802,M,1988,0,0,1
5803,F,1995,0,0,0
5804,M,1950,0,0,0
5805,M,1990,1,0,1
5806,M,1994,0,0,0
5807,F,1959,0,0,0
5808,M,2003,0,0,0
5809,M,1967,0,0,0
5810,M,1979,0,0,0
5811,F,1962,1,0,1
5812,F,1970,1,0,0
5813,M,1930,0,0,1
5814,M,1977,0,0,0
5815,M,1990,0,0,0
5816,M,1982,0,1,1
5817,F,1971,0,1,1
5818,F,1930,0,0,1
5819,M,1965,0,1,1
5820,M,1997,0,0,0
5821,F,1930,0,1,0
5822,F,1953,1,0,1
5823,M,1998,0,1,0
5824,M,2002,0,0,1
5825,F,2005,0,1,0
5826,F,1983,0,0,1
5827,F,1982,0,0,0
5828,M,1995,0,0,0
5829,M,2007,0,0,0
5830,M,2002,0,1,0
5831,F,1964,1,0,0
5832,M,1988,0,0,0
5833,F,2000,0,0,0
5834,F,1979,0,0,1
5835,M,1974,1,0,0
5836,F,1971,0,0,0
5837,F,1980,0,0,0
5838,M,1984,0,0,0
5839,M,1946,0,0,1
5840,M,2001,0,0,0
5841,F,1986,0,1,0
5842,F,2012,0,0,0
5843,M,1989,0,0,0
5844,F,1977,0,0,1
5845,F,1959,0,0,0
5846,F,2012,0,0,0
5847,F,1978,0,0,1
5848,M,1930,0,0,1
5849,F,2020,0,0,0
5850,M,1969,0,0,0
5851,M,2004,0,0,0
5852,M,1989,0,0,0
5853,F,1968,0,0,1
5854,M,1994,0,0,1
5855,F,1975,0,0,0
5856,M,1977,0,0,0
5857,M,1983,0,1,1
5858,M,2005,0,0,0
5859,M,1996,0,0,0
5860,M,1930,0,0,1
5861,M,1990,0,1,0
5862,F,1988,0,0,0
5863,M,1988,0,0,0
5864,F,1960,0,0,0
5865,F,1987,0,0,0
5866,M,1983,0,0,0
5867,M,1978,0,0,0
5868,F,1956,0,0,0
5869,F,1983,0,0,0
5870,F,1980,0,1,0
5871,M,1994,0,0,0
5872,M,1975,0,0,1
5873,M,1967,0,0,0
5874,M,1965,0,0,0
5875,F,1930,0,0,0
5876,F,1997,0,0,0
5877,M,1982,0,0,0
5878,F,1987,1,0,1
5879,M,1933,0,0,1
5880,M,1964,0,0,0
5881,M,2009,0,0,1
5882,F,1995,1,1,0
5883,F,1989,0,0,0
5884,F,2007,0,1,0
5885,F,1980,0,0,1
5886,F,1993,0,0,1
5887,M,1930,0,1,1
5888,M,1975,1,0,0
5889,M,1990,0,0,0
5890,F,2000,0,0,0
5891,M,1984,1,0,1
5892,M,1937,1,1,0
5893,M,1987,1,0,0
5894,M,1983,0,1,0
5895,F,1930,0,0,1
5896,F,1951,0,1,1
5897,F,1976,0,0,0
5898,F,1961,0,0,1
5899,F,1973,0,0,0
5900,F,1974,0,0,0
5901,F,2009,0,0,0
5902,F,2002,0,0,0
5903,M,1978,0,0,1
5904,F,1999,0,1,0
5905,M,1984,0,1,0
5906,F,2004,0,0,0
5907,M,1951,0,0,0
5908,M,1997,0,0,0
5909,F,2001,0,0,0
5910,F,2006,0,0,0
5911,M,1965,0,1,1
5912,M,1984,1,0,1
5913,F,1953,0,0,0
5914,M,1993,0,0,0
5915,M,2003,1,0,0
5916,M,1985,0,0,0
5917,F,1945,1,1,1
5918,F,2010,0,0,0
5919,F,1976,1,0,0
5920,F,1974,0,1,1
5921,F,1939,1,0,0
5922,M,1999,0,0,0
5923,M,2010,0,0,0
5924,M,1992,0,0,1
5925,F,1961,0,0,0
5926,F,1982,0,0,0
5927,M,1971,1,0,0
5928,M,2002,0,0,1
5929,F,1988,0,0,0
5930,M,1981,1,0,0
5931,M,2008,0,0,0
5932,F,1981,0,0,0
5933,F,1990,0,0,0
5934,M,1930,0,1,0
5935,F,1983,0,0,0
5936,F,1936,0,1,0
5937,F,1971,1,0,1
5938,M,1986,1,0,0
5939,M,1943,0,0,1
5940,M,2004,0,0,0
5941,F,1992,0,0,0
5942,M,1959,1,0,0
5943,M,2015,0,1,0
5944,M,1984,0,0,0
5945,F,1984,0,0,0
5946,M,1977,0,0,1
5947,F,1988,1,1,1
5948,M,1961,1,0,0
5949,M,1998,0,1,1
5950,M,1956,1,0,1
5951,F,2002,0,0,1
5952,F,1975,0,1,0
5953,F,1948,1,1,0
5954,M,1999,0,0,0
5955,F,1995,0,0,0
5956,M,1955,0,0,1
5957,F,1979,0,0,1
5958,M,2010,0,0,0
5959,F,1978,0,0,0
5960,M,1966,0,0,0
5961,M,1953,0,0,0
5962,F,1976,0,1,1
5963,M,1970,1,0,0
5964,F,1932,0,0,1
5965,M,1958,0,0,0
5966,F,2008,0,1,0
5967,F,1988,0,0,0
5968,M,1986,0,0,0
5969,F,1949,0,0,0
5970,M,1945,0,0,1
5971,F,1976,0,0,1
5972,F,1980,0,0,1
5973,M,1989,0,0,0
5974,M,1951,1,0,0
5975,F,1998,0,0,0
5976,M,1992,0,0,0
5977,M,1951,0,0,0
5978,M,1951,1,0,0
5979,F,1930,0,0,0
5980,M,1984,0,0,0
5981,F,1989,0,0,0
5982,M,1987,0,0,1
5983,M,2009,0,0,0
5984,M,2014,0,0,0
5985,F,1976,0,0,0
5986,M,1990,0,1,0
5987,F,1997,0,0,0
5988,M,1980,0,0,0
5989,F,1975,0,1,0
5990,M,1985,0,0,0
5991,F,1985,0,0,0
5992,F,1991,1,0,0
5993,F,1964,1,0,0
5994,F,1993,0,0,0
5995,M,2000,1,0,0
5996,F,1991,0,0,0
5997,M,1977,1,1,0
5998,F,1962,0,1,0
5999,F,1930,0,0,0
6000,F,1980,1,0,0
6001,M,1936,1,1,0
6002,M,1995,0,0,0
6003,M,1998,0,1,1
6004,M,1971,0,0,0
6005,F,1967,0,0,1
6006,F,1978,0,1,1
6007,M,1930,0,0,1
6008,F,1994,0,0,0
6009,M,1944,0,0,0
6010,F,1997,0,0,0
6011,F,1965,1,0,0
6012,F,1981,0,0,0
6013,F,1976,0,1,0
6014,M,1971,0,0,0
6015,F,1980,0,0,0
6016,M,1985,0,0,0
6017,F,2011,0,0,0
6018,M,1957,0,0,0
6019,M,2005,1,0,0
6020,F,1990,0,0,0
6021,F,1974,0,0,0
6022,M,2002,1,0,0
6023,F,1985,0,0,0
6024,F,1961,0,0,0
6025,M,1990,0,0,0
6026,M,1984,0,1,0
6027,M,2000,0,0,0
6028,F,1988,0,0,0
6029,F,2004,0,0,0
6030,F,1977,1,0,1
6031,M,2007,1,0,0
6032,M,1994,0,0,0
6033,F,1981,0,1,1
6034,M,1986,0,0,1
6035,F,1973,0,0,0
6036,M,1984,0,0,1
6037,M,2011,0,0,0
6038,F,2003,0,0,0
6039,F,1982,1,0,0
6040,F,1952,0,0,0
6041,M,1959,0,0,0
6042,M,1930,0,1,0
6043,M,1993,1,0,0
6044,M,1962,0,0,0
6045,M,1964,0,0,1
6046,F,1934,0,0,1
6047,M,1946,1,0,1
6048,M,1975,0,0,0
6049,F,1967,0,0,0
6050,M,1973,0,1,0
6051,M,1983,1,0,1
6052,F,1969,0,0,0
6053,F,1978,0,1,1
6054,F,1979,0,1,0
6055,M,1932,0,0,1
6056,M,1975,0,0,0
6057,M,1980,0,0,0
6058,M,1986,0,0,0
6059,M,1987,0,0,0
6060,F,2003,0,0,0
6061,M,1983,0,0,0
6062,M,1950,0,1,1
6063,F,1993,0,0,0
6064,F,1930,1,0,1
6065,F,2015,0,0,0
6066,F,1970,0,1,1
6067,M,1977,0,0,0
6068,F,1933,1,0,1
6069,F,1995,1,0,0
6070,F,2004,1,0,0
6071,M,1987,0,0,0
6072,F,1990,0,0,0
6073,M,2009,0,0,0
6074,M,1980,0,0,0
6075,M,1991,1,0,0
6076,M,1941,0,0,0
6077,M,1979,0,0,0
6078,M,1997,0,1,0
6079,F,1982,0,0,0
6080,F,1978,0,0,0
6081,F,1967,0,0,0
6082,M,1981,0,0,0
6083,M,1930,0,0,1
6084,M,2003,0,0,0
6085,F,1992,0,0,0
6086,F,1997,0,0,0
6087,F,1989,1,1,0
6088,F,1975,1,0,0
6089,M,1976,0,0,0
6090,M,1968,0,0,0
6091,F,1980,0,0,1
6092,F,1978,0,0,0
6093,M,1979,1,0,1
6094,M,1991,0,1,0
6095,M,1992,0,0,0
6096,F,1997,0,0,0
6097,M,1967,0,0,0
6098,M,2013,0,0,0
6099,M,1979,1,0,1
6100,F,1961,0,0,1
6101,F,1953,0,1,0
6102,M,2016,0,0,0
6103,M,1990,0,0,0
6104,F,1996,0,1,0
6105,M,1992,0,1,0
6106,M,1945,0,1,1
6107,F,1996,0,0,1
6108,F,1961,0,0,1
6109,M,1978,0,0,0
6110,M,1993,1,0,0
6111,F,1994,0,1,1
6112,M,1976,0,0,0
6113,M,1984,0,0,0
6114,F,2010,0,0,0
6115,M,2000,0,0,0
6116,F,1975,0,0,0
6117,M,2004,0,0,0
6118,M,1957,1,0,1
6119,M,2007,0,0,0
6120,M,1988,0,0,1
6121,M,1966,0,0,0
6122,F,2001,0,0,0
6123,F,2005,0,0,1
6124,M,1971,1,0,0
6125,F,1960,0,1,0
6126,M,1986,1,0,1
6127,F,1991,0,0,0
6128,F,2008,0,0,0
6129,F,1980,0,0,0
6130,M,2011,0,0,0
6131,F,1945,0,0,1
6132,F,1985,1,0,1
6133,F,2000,0,1,1
6134,M,1994,0,0,1
6135,M,1979,0,0,0
6136,F,1992,0,0,0
6137,F,1983,0,0,1
6138,M,2002,0,0,0
6139,F,1952,0,0,1
6140,F,1994,0,1,0
6141,M,2014,0,0,1
6142,M,1990,0,0,0
6143,F,1997,0,0,0
6144,M,1955,0,0,1
6145,M,2000,0,0,0
6146,M,1992,0,0,0
6147,M,1978,0,0,0
6148,F,1968,0,0,0
6149,F,1942,0,0,0
6150,F,1998,1,0,0
6151,M,1947,0,0,1
6152,F,1956,0,0,0
6153,F,1997,0,0,0
6154,F,1999,0,0,1
6155,M,1973,1,0,0
6156,M,1983,0,0,0
6157,M,1973,0,0,0
6158,F,1989,0,0,0
6159,F,1981,0,0,1
6160,F,1985,0,0,1
6161,F,1973,1,0,0
6162,F,1999,0,0,0
6163,M,1979,0,0,1
6164,F,1943,0,0,0
6165,M,1945,1,0,0
6166,F,1976,0,0,0
6167,F,1999,0,0,0
6168,M,1930,1,0,1
6169,F,1973,0,0,1
6170,M,1930,1,0,0
6171,F,1972,0,0,0
6172,F,2016,0,0,0
6173,F,1930,0,1,1
6174,F,1961,0,0,1
6175,F,1982,0,0,0
6176,F,2010,0,0,0
6177,F,1957,0,0,1
6178,F,1973,1,0,1
6179,M,1930,0,1,1
6180,F,1933,0,1,1
6181,F,1930,0,0,1
6182,F,1977,1,0,0
6183,F,1978,1,0,0
6184,F,1972,0,0,1
6185,F,1995,0,0,0
6186,M,1981,0,0,0
6187,F,1986,0,0,0
6188,F,1948,0,0,0
6189,F,1940,0,0,1
6190,F,1965,0,0,1
6191,F,1998,1,1,1
6192,F,1930,1,0,1
6193,M,1957,0,0,1
6194,M,1974,0,0,0
6195,F,1968,0,0,0
6196,M,2006,0,1,0
6197,M,1986,0,0,1
6198,F,1944,0,1,0
6199,M,2006,0,1,0
6200,F,2007,1,0,1
6201,M,1957,0,1,1
6202,M,1970,0,0,0
6203,F,2006,0,0,0
6204,M,1987,0,0,0
6205,M,1974,0,1,0
6206,M,1977,1,0,0
6207,M,1972,0,0,0
6208,F,1989,0,0,0
6209,M,1976,1,1,0
6210,M,1965,1,0,1
6211,F,1967,0,0,0
6212,M,1988,0,0,1
6213,F,1962,1,1,1
6214,M,2000,0,0,1
6215,M,1994,0,0,1
6216,F,1957,0,0,1
6217,M,1963,0,0,1
6218,F,1987,0,0,1
6219,M,1995,0,0,1
6220,F,1993,0,0,0
6221,F,1966,0,0,1
6222,F,1972,0,0,1
6223,M,1996,0,0,0
6224,F,1963,0,0,1
6225,M,1987,0,0,1
6226,M,1999,0,1,0
6227,F,1991,0,0,1
6228,M,1979,0,0,0
6229,M,1964,0,0,1
6230,M,1966,1,0,1
6231,M,1984,0,1,1
6232,M,1977,0,1,0
6233,F,1986,0,0,0
6234,M,1996,0,0,0
6235,M,1983,0,0,0
6236,F,2010,0,0,0
6237,F,1939,0,0,0
6238,M,1977,0,0,0
6239,M,1971,0,0,1
6240,M,1995,0,0,0
6241,M,1977,0,0,0
6242,F,1973,0,0,1
6243,M,1987,0,1,1
6244,F,1985,0,0,1
6245,M,2004,0,0,0
6246,M,1930,1,0,1
6247,M,1995,0,0,1
6248,M,1993,0,0,0
6249,M,1936,0,0,0
6250,M,1969,0,1,0
6251,M,1964,0,0,1
6252,M,2005,0,0,0
6253,F,1978,1,1,1
6254,M,2005,0,0,0
6255,M,1998,0,0,1
6256,M,1930,0,1,1
6257,M,2000,0,0,0
6258,M,1965,0,0,0
6259,M,1999,0,0,1
6260,F,1997,0,0,0
6261,M,1930,0,1,1
6262,F,1984,1,0,0
6263,F,2006,0,0,1
6264,F,1964,1,1,0
6265,F,1947,1,0,1
6266,F,1961,0,0,1
6267,F,1985,0,0,1
6268,F,1985,0,0,0
6269,F,1992,0,0,0
6270,M,2002,0,0,0
6271,M,1974,0,0,0
6272,M,1986,1,0,0
6273,F,2005,0,0,0
6274,M,1983,0,0,0
6275,F,1995,0,0,0
6276,M,1975,1,0,0
6277,F,1978,0,0,0
6278,M,1989,1,0,1
6279,F,1982,0,0,0
6280,M,1980,0,1,1
6281,M,1957,1,0,0
6282,F,1983,0,0,1
6283,F,1992,0,0,0
6284,F,1987,0,0,0
6285,M,1930,1,0,1
6286,F,1999,0,0,0
6287,M,1986,0,0,1
6288,F,1986,0,0,1
6289,M,1986,0,0,0
6290,F,2009,1,0,0
6291,F,2002,0,0,0
6292,M,1987,0,0,0
6293,M,1993,0,0,0
6294,M,1975,0,0,0
6295,F,1952,0,0,0
6296,M,1973,0,1,1
6297,M,1979,0,0,0
6298,M,1971,0,0,0
6299,F,1977,0,1,0
6300,M,1982,0,0,0
6301,M,1958,0,0,0
6302,M,2020,0,0,0
6303,F,1988,0,0,0
6304,M,2003,0,0,0
6305,F,1993,0,0,0
6306,M,1995,0,0,0
6307,F,1930,0,0,1
6308,F,1950,1,0,0
6309,F,1979,0,0,0
6310,F,1995,1,0,1
6311,F,1959,0,0,0
6312,F,1980,0,0,1
6313,M,1988,0,0,0
6314,F,1980,0,0,0
6315,F,1987,0,0,0
6316,F,1971,0,0,0
6317,F,2004,0,0,1
6318,M,1971,0,0,1
6319,F,1987,0,0,1
6320,M,1958,0,0,1
6321,F,1949,0,0,1
6322,F,1942,0,0,1
6323,F,1930,0,0,1
6324,M,1930,0,0,1
6325,F,1943,0,0,1
6326,F,1959,0,0,0
6327,F,2002,0,0,0
6328,F,2015,0,0,1
6329,M,1955,0,0,1
6330,F,1998,0,0,1
6331,M,1930,0,1,1
6332,M,2007,0,0,0
6333,M,1960,1,0,0
6334,M,1977,0,0,0
6335,M,2006,0,0,0
6336,F,1977,0,0,0
6337,M,1996,0,0,0
6338,F,1984,1,0,0
6339,F,1983,0,0,1
6340,F,1996,0,0,0
6341,M,1989,0,0,0
6342,M,1997,0,0,0
6343,F,2010,0,0,0
6344,M,1979,0,0,0
6345,F,1943,0,0,0
6346,F,1996,0,0,0
6347,F,1930,0,0,0
6348,M,1930,1,0,1
6349,F,1991,0,0,0
6350,M,1986,0,0,1
6351,M,1990,0,0,0
6352,M,2002,0,0,0
6353,F,1986,1,1,0
6354,M,1989,0,0,0
6355,F,1980,0,0,0
6356,M,1979,1,1,0
6357,M,2003,1,0,0
6358,F,1967,0,1,1
6359,F,1987,0,0,1
6360,F,2000,0,0,0
6361,M,1987,0,0,1
6362,M,1978,1,0,0
6363,M,1936,0,0,1
6364,M,1943,1,0,1
6365,F,1992,1,1,0
6366,M,1985,0,0,1
6367,F,1998,0,0,1
6368,F,1974,1,0,0
6369,F,1991,0,0,1
6370,F,1986,0,0,1
6371,F,1953,0,0,0
6372,F,2003,0,0,0
6373,F,1943,0,0,1
6374,M,1971,0,1,0
6375,F,1944,0,0,1
6376,F,1962,0,0,0
6377,F,1957,0,0,1
6378,M,1981,0,0,1
6379,M,2001,0,0,0
6380,F,1994,0,1,0
6381,M,1997,0,0,0
6382,F,2012,0,0,0
6383,F,1954,0,1,1
6384,M,1983,1,0,0
6385,F,1998,0,0,0
6386,F,1930,0,1,1
6387,M,1930,0,1,1
6388,M,2004,1,0,0
6389,F,1986,0,1,0
6390,M,1988,0,0,0
6391,M,1999,0,0,0
6392,F,1954,0,0,0
6393,M,2012,0,0,0
6394,F,1930,0,0,0
6395,F,1980,0,0,0
6396,M,1930,0,0,0
6397,F,1982,0,0,0
6398,M,1988,0,0,0
6399,M,1952,0,0,0
6400,F,1930,0,0,1
6401,F,1930,0,1,1
6402,F,2009,0,0,0
6403,F,1941,1,0,0
6404,F,1989,0,0,0
6405,M,1984,1,0,0
6406,F,1989,0,0,0
6407,M,1994,0,0,0
6408,F,1986,0,0,0
6409,F,2000,0,0,1
6410,M,1941,0,0,0
6411,F,1963,1,0,0
6412,M,1976,0,0,1
6413,M,1989,1,0,0
6414,M,1992,0,1,0
6415,M,1970,0,0,0
6416,F,1975,0,0,0
6417,F,1949,0,0,1
6418,F,1992,0,0,0
6419,F,1994,0,1,0
6420,M,1964,0,0,0
6421,M,1958,0,0,1
6422,M,1930,0,0,1
6423,M,2009,0,0,0
6424,M,1938,0,1,0
6425,M,1978,0,0,0
6426,F,1991,0,0,0
6427,F,1970,0,0,0
6428,M,1971,1,1,1
6429,M,1991,0,0,0
6430,M,2008,0,0,0
6431,M,1938,0,1,0
6432,M,1995,0,0,1
6433,F,1998,1,0,0
6434,M,1994,0,0,0
6435,M,1959,0,0,0
6436,M,1988,1,0,0
6437,M,1993,0,0,0
6438,M,1972,0,0,0
6439,M,1975,0,0,0
6440,F,1993,0,0,0
6441,F,2009,1,0,0
6442,M,1960,0,1,0
6443,F,1975,0,1,0
6444,F,2012,0,0,0
6445,M,1932,0,0,0
6446,F,2012,0,1,1
6447,M,1997,1,0,0
6448,F,1996,0,0,1
6449,F,1993,0,1,0
6450,M,1993,0,0,1
6451,M,2003,0,0,0
6452,F,1977,0,0,0
6453,M,1955,1,0,1
6454,M,1978,1,0,0
6455,F,1974,0,0,0
6456,M,1988,0,1,0
6457,M,1979,0,0,1
6458,F,1972,0,0,1
6459,M,1963,0,0,1
6460,M,1995,1,0,0
6461,M,1997,0,0,0
6462,M,2015,0,0,0
6463,M,1930,1,0,1
6464,M,1930,0,1,1
6465,F,1983,1,0,0
6466,M,1981,0,0,0
6467,F,1935,0,1,0
6468,M,2003,0,0,0
6469,F,1998,0,0,1
6470,F,1932,0,0,1
6471,M,1988,0,0,0
6472,M,2000,0,0,1
6473,F,1970,0,1,1
6474,F,1995,0,0,0
6475,F,1940,0,0,1
6476,M,1979,0,0,0
6477,F,1994,1,0,1
6478,M,1993,0,0,1
6479,F,1971,0,1,0
6480,F,1986,0,0,1
6481,F,1988,0,1,0
6482,F,1962,0,0,0
6483,F,1935,0,0,1
6484,F,1966,0,1,1
6485,F,1996,0,0,0
6486,M,2001,0,0,1
6487,F,1963,0,0,1
6488,F,1966,1,0,0
6489,F,1990,0,0,0
6490,F,1985,1,0,1
6491,M,1995,1,0,1
6492,F,2001,0,0,0
6493,M,1994,0,0,1
6494,F,2016,0,0,0
6495,M,1948,0,0,0
6496,M,2005,1,0,0
6497,F,1982,0,0,0
6498,F,2013,0,1,0
6499,M,1967,1,0,0
6500,F,1958,0,0,0
6501,F,1980,0,0,0
6502,M,1983,0,0,1
6503,M,1995,0,1,0
6504,F,1949,1,0,0
6505,M,2008,1,0,0
6506,F,1991,0,0,0
6507,M,1997,0,0,0
6508,F,1997,0,0,1
6509,F,1950,0,0,0
6510,M,1985,0,0,0
6511,M,1995,1,0,0
6512,M,1974,0,0,0
6513,M,1976,0,0,0
6514,F,1959,0,1,0
6515,F,1971,0,0,0
6516,M,1984,0,0,0
6517,F,1982,0,0,0
6518,F,2008,0,0,0
6519,M,1972,0,0,0
6520,M,1999,0,0,1
6521,F,1977,0,0,1
6522,F,1936,0,1,1
6523,F,1980,0,1,1
6524,F,1989,1,0,0
6525,F,1990,0,0,1
6526,M,1974,0,0,0
6527,F,1978,0,0,1
6528,F,1966,0,0,0
6529,F,1994,1,0,0
6530,F,1986,0,0,0
6531,F,1961,0,1,1
6532,F,1958,0,0,0
6533,F,1958,1,0,0
6534,F,1964,0,0,0
6535,F,1963,0,1,0
6536,M,1977,0,0,1
6537,M,2006,0,1,1
6538,M,2004,0,0,0
6539,F,1981,0,0,0
6540,F,1980,0,0,1
6541,F,1998,0,0,0
6542,F,1997,0,0,1
6543,F,1984,1,0,0
6544,M,1930,1,0,1
6545,F,2000,0,0,1
6546,F,1990,1,0,0
6547,F,1959,0,0,0
6548,M,1965,0,0,0
6549,F,1975,0,0,0
6550,F,2010,0,0,0
6551,M,1987,0,1,1
6552,M,1930,1,0,0
6553,F,1997,1,0,0
6554,M,1998,0,0,0
6555,M,1938,1,0,1
6556,M,1984,0,0,1
6557,F,2010,0,0,0
6558,F,2002,1,0,0
6559,M,1994,0,0,0
6560,F,1976,0,0,0
6561,F,1986,0,0,0
6562,M,1999,0,0,0
6563,F,1986,0,0,1
6564,F,1997,1,0,0
6565,M,1930,0,0,1
6566,F,2003,0,0,0
6567,F,1991,0,0,0
6568,F,1994,0,0,0
6569,M,1994,0,0,0
6570,F,2001,0,0,0
6571,F,1941,0,0,0
6572,F,1930,1,0,1
6573,M,1973,0,0,1
6574,F,1975,0,0,0
6575,F,2008,0,0,0
6576,F,1942,0,1,1
6577,M,1997,0,0,1
6578,F,2009,0,0,0
6579,F,1968,0,0,0
6580,M,1953,0,0,0
6581,F,1942,0,0,0
6582,M,1991,1,0,0
6583,M,1993,1,0,1
6584,M,1977,0,0,1
6585,M,1986,0,0,0
6586,M,1968,0,0,0
6587,F,1977,1,0,1
6588,M,1999,0,1,0
6589,F,1941,0,1,0
6590,F,1968,0,0,0
6591,M,1954,0,0,1
6592,M,1998,0,0,0
6593,M,1968,1,0,0
6594,F,2019,0,0,0
6595,F,1960,0,0,0
6596,F,1978,0,0,0
6597,F,2002,0,0,0
6598,F,1980,0,0,0
6599,M,1963,0,1,1
6600,F,1951,0,1,0
6601,F,2007,0,0,0
6602,F,1979,0,1,0
6603,F,2005,0,0,0
6604,M,1963,0,0,0
6605,F,1955,0,0,0
6606,F,2000,1,0,0
6607,F,2002,0,0,0
6608,F,1994,0,1,0
6609,F,1986,0,0,1
6610,F,1996,0,1,0
6611,M,1960,0,0,0
6612,F,1951,0,0,0
6613,F,1980,0,0,0
6614,M,1996,1,0,0
6615,F,1986,0,0,0
6616,F,1980,0,0,0
6617,M,1987,0,0,0
6618,F,1984,0,0,0
6619,M,1954,1,0,0
6620,M,1997,0,0,1
6621,F,1930,1,1,0
6622,F,1979,0,1,1
6623,M,1988,0,0,0
6624,F,1997,1,0,0
6625,F,1996,0,0,0
6626,M,1982,1,0,0
6627,F,1979,0,0,0
6628,F,1989,1,0,0
6629,M,2005,0,0,1
6630,M,1982,0,1,0
6631,F,1996,0,1,1
6632,M,2010,0,0,0
6633,M,1967,0,1,1
6634,M,2008,0,0,1
6635,F,1990,0,1,1
6636,F,1984,0,0,0
6637,F,1946,0,0,1
6638,M,2009,1,0,1
6639,M,1963,1,0,1
6640,F,1959,0,0,0
6641,M,1934,0,0,0
6642,F,1952,0,0,1
6643,F,1984,0,0,0
6644,M,2008,1,0,0
6645,F,1962,1,0,0
6646,F,1944,0,0,1
6647,M,2012,0,0,0
6648,M,2005,1,1,0
6649,M,1977,0,0,0
6650,M,1959,0,1,1
6651,F,1968,0,1,0
6652,F,1974,0,0,1
6653,M,1935,1,0,0
6654,M,1989,0,0,1
6655,F,1996,0,0,0
6656,F,1993,0,0,0
6657,M,1976,0,0,0
6658,F,1984,0,0,0
6659,F,1957,1,0,0
6660,M,1995,0,0,0
6661,F,1973,0,0,0
6662,M,1962,0,0,0
6663,M,1944,0,1,0
6664,F,2003,0,0,0
6665,F,1993,0,0,0
6666,F,1986,0,0,0
6667,F,2006,0,0,0
6668,F,1975,0,0,0
6669,M,1975,0,0,0
6670,F,1977,0,1,1
6671,M,1987,0,0,0
6672,M,1949,1,0,1
6673,F,1992,0,1,0
6674,M,1952,1,1,0
6675,M,1993,0,0,0
6676,F,2003,0,0,0
6677,M,1984,0,0,1
6678,M,1979,0,0,1
6679,F,1972,1,0,0
6680,F,2014,0,0,1
6681,F,1989,0,0,0
6682,F,1930,0,0,0
6683,F,1994,0,0,0
6684,M,1959,0,0,1
6685,M,1930,1,0,0
6686,F,1930,0,0,1
6687,M,2001,0,0,0
6688,F,1961,1,0,0
6689,M,1959,0,1,1
6690,F,1966,0,1,0
6691,F,2003,0,0,0
6692,F,1977,0,0,1
6693,M,1977,0,0,0
6694,F,2005,1,0,1
6695,F,1988,0,1,1
6696,M,1976,0,1,0
6697,F,1984,0,0,1
6698,M,1964,1,1,0
6699,F,1989,0,0,0
6700,F,1980,0,0,0
6701,F,1956,0,0,0
6702,M,1930,0,0,1
6703,M,2004,1,0,0
6704,F,1965,1,0,1
6705,F,1992,0,1,0
6706,F,1972,0,0,0
6707,F,2005,0,1,1
6708,M,1948,1,1,1
6709,M,1997,0,1,0
6710,F,1956,0,1,0
6711,M,2003,0,0,1
6712,M,2007,1,0,0
6713,F,1987,0,0,0
6714,F,1977,0,0,0
6715,M,1930,1,1,1
6716,M,1978,0,1,1
6717,F,2001,0,0,0
6718,F,1961,0,1,0
6719,M,1941,0,1,0
6720,F,1998,0,1,0
6721,F,1957,1,0,0
6722,M,1947,1,0,0
6723,F,1961,0,0,0
6724,F,1995,0,0,0
6725,F,1977,0,0,0
6726,F,1972,0,0,0
6727,M,1949,0,0,1
6728,F,1994,0,0,0
6729,M,1956,0,0,0
6730,F,1985,1,0,0
6731,M,1989,0,0,0
6732,F,1981,0,0,0
6733,F,2015,0,0,0
6734,M,2013,0,0,0
6735,F,2011,0,0,0
6736,F,1971,0,0,0
6737,F,1987,1,0,0
6738,F,1995,0,0,1
6739,M,1983,0,0,0
6740,M,1955,0,0,0
6741,M,2012,0,0,0
6742,M,1984,1,0,0
6743,F,2002,0,0,0
6744,F,1930,0,0,1
6745,M,1982,0,0,0
6746,F,1946,0,0,1
6747,F,1960,0,0,1
6748,F,1991,0,0,0
6749,M,1930,1,1,1
6750,F,1994,1,0,0
6751,M,1971,0,0,1
6752,F,1975,0,1,1
6753,F,1973,0,0,0
6754,F,1937,0,0,0
6755,M,1981,0,0,0
6756,M,1930,0,0,1
6757,M,1977,0,0,1
6758,F,1975,0,0,0
6759,F,1930,0,0,1
6760,F,1949,0,0,1
6761,M,2008,0,0,0
6762,F,1993,0,0,1
6763,M,1979,0,0,0
6764,M,1938,0,0,1
6765,F,1934,0,0,0
6766,M,1982,0,0,0
6767,F,1993,0,0,0
6768,M,1985,0,0,1
6769,F,1979,1,0,1
6770,M,1987,0,0,0
6771,M,1945,0,0,1
6772,M,1989,0,0,0
6773,M,1998,0,0,1
6774,M,1986,0,0,0
6775,M,1974,0,0,0
6776,F,1945,0,0,0
6777,F,1999,0,0,1
6778,M,1974,0,0,0
6779,F,1973,1,0,0
6780,M,1968,0,0,1
6781,M,1989,1,0,0
6782,F,1968,1,0,1
6783,F,1961,0,1,0
6784,F,1989,0,0,0
6785,F,1977,0,0,0
6786,M,1985,0,0,1
6787,F,1996,0,0,0
6788,F,2004,1,0,0
6789,F,1994,0,0,0
6790,F,1992,0,0,1
6791,F,2004,0,0,0
6792,F,1970,0,0,1
6793,M,1959,0,0,0
6794,M,1985,0,0,0
6795,F,1982,0,0,1
6796,M,1991,0,0,0
6797,F,1983,0,0,0
6798,M,1968,1,0,1
6799,F,1974,0,0,1
6800,F,1983,0,1,0
6801,F,1992,0,0,0
6802,M,1962,0,1,0
6803,M,1991,0,0,0
6804,M,2003,1,0,0
6805,M,1978,0,0,1
6806,F,2009,1,0,0
6807,M,1975,0,0,0
6808,M,1973,0,0,1
6809,F,1994,1,0,0
6810,F,1991,0,0,0
6811,M,1957,0,0,0
6812,M,1930,0,0,0
6813,F,1981,0,0,0
6814,M,2013,0,0,0
6815,M,1993,1,0,0
6816,M,1972,0,0,0
6817,F,1984,0,0,0
6818,F,1974,0,0,1
6819,F,1978,0,0,0
6820,M,1977,0,0,0
6821,F,2012,0,0,0
6822,F,1991,1,0,1
6823,M,1993,0,0,0
6824,M,1993,0,0,0
6825,F,1966,0,0,1
6826,F,2002,0,1,0
6827,F,2012,0,0,0
6828,F,1994,0,1,0
6829,F,1997,0,0,0
6830,F,1981,1,0,0
6831,M,1997,1,0,0
6832,F,1987,1,0,1
6833,F,1990,0,0,0
6834,F,1947,0,0,1
6835,M,1997,0,0,0
6836,M,1968,0,0,0
6837,F,1984,0,0,0
6838,M,1956,1,0,1
6839,M,1935,0,0,1
6840,M,1984,0,0,0
6841,F,2009,1,0,0
6842,F,2002,1,0,1
6843,F,2005,0,0,0
6844,M,1991,0,0,0
6845,F,1994,0,0,0
6846,F,1977,0,1,0
6847,M,1959,0,0,0
6848,M,2010,0,0,0
6849,M,1982,0,0,1
6850,M,1996,1,0,0
6851,F,1981,1,0,0
6852,F,1991,0,0,0
6853,F,1964,0,0,0
6854,F,2001,0,1,0
6855,M,1995,0,0,0
6856,M,1985,0,0,1
6857,M,1989,0,0,0
6858,F,1986,0,0,0
6859,M,2008,0,0,0
6860,F,1942,0,1,0
6861,F,1993,0,0,0
6862,M,2000,0,0,0
6863,F,1985,0,0,1
6864,F,1982,0,0,0
6865,F,1930,1,0,0
6866,M,1954,0,0,0
6867,M,1990,0,0,0
6868,M,1933,0,0,1
6869,F,1941,0,0,1
6870,F,2000,0,0,0
6871,M,1930,0,0,1
6872,F,1992,0,0,0
6873,F,1979,0,0,0
6874,M,1948,0,0,1
6875,F,2010,0,0,0
6876,F,1985,0,0,0
6877,F,1976,1,0,1
6878,M,1955,0,0,1
6879,F,1983,1,1,0
6880,M,2010,0,0,0
6881,M,1930,0,0,0
6882,F,1982,0,0,1
6883,M,1975,0,0,0
6884,F,2007,0,0,0
6885,F,1943,0,1,0
6886,M,1992,0,0,1
6887,M,1996,1,0,0
6888,M,1952,0,0,1
6889,F,2006,0,0,0
6890,M,1974,0,0,1
6891,M,1997,0,0,0
6892,F,1971,0,0,0
6893,F,1964,0,0,1
6894,M,1993,0,0,1
6895,F,1946,0,1,0
6896,M,1982,0,0,0
6897,F,1930,0,0,0
6898,M,1952,0,0,1
6899,F,1980,0,0,1
6900,F,1980,1,0,0
6901,M,2004,1,0,0
6902,F,1952,0,0,0
6903,F,1994,0,0,0
6904,M,1977,0,0,1
6905,F,1930,0,1,1
6906,F,1946,0,0,1
6907,F,1999,0,0,0
6908,F,1982,1,0,1
6909,F,1974,0,0,0
6910,F,1942,0,0,0
6911,M,1948,0,0,0
6912,M,1968,0,0,0
6913,M,1971,0,0,1
6914,M,1982,0,0,1
6915,F,1975,0,0,0
6916,M,1987,0,0,0
6917,F,1961,0,0,1
6918,F,1969,0,0,1
6919,F,1954,0,0,0
6920,F,1955,1,1,1
6921,M,1930,0,0,1
6922,M,1994,0,0,0
6923,F,2014,0,0,0
6924,M,1996,0,0,0
6925,F,1975,0,0,0
6926,M,1987,0,0,1
6927,F,1988,0,0,0
6928,F,1997,0,0,0
6929,M,1972,1,0,1
6930,M,2010,0,0,0
6931,M,1968,0,0,0
6932,F,1968,0,0,0
6933,M,1954,0,1,0
6934,F,1930,0,0,1
6935,M,2015,0,0,0
6936,M,1969,0,1,1
6937,M,1963,0,1,0
6938,M,1996,0,0,1
6939,F,1986,0,0,0
6940,F,1992,0,0,0
6941,M,1967,0,0,0
6942,M,1951,0,0,1
6943,F,2003,0,0,1
6944,M,1972,0,0,0
6945,M,1943,0,1,1
6946,M,1994,0,0,1
6947,M,2017,0,0,0
6948,M,1998,0,0,0
6949,F,2000,0,0,0
6950,F,1998,0,0,0
6951,F,1930,0,0,0
6952,M,1930,0,1,1
6953,M,1938,0,1,1
6954,M,1988,1,0,0
6955,F,1936,1,0,1
6956,M,2014,0,0,0
6957,M,2001,0,0,0
6958,M,1960,0,0,1
6959,F,1993,0,0,0
6960,F,2003,0,0,0
6961,M,1972,0,0,0
6962,M,1972,0,0,0
6963,M,1969,0,0,1
6964,M,1966,0,0,1
6965,F,1974,1,1,0
6966,M,1984,0,0,0
6967,M,1980,1,0,0
6968,M,1960,1,0,1
6969,F,1975,0,0,1
6970,M,1991,0,0,0
6971,F,1996,0,0,0
6972,M,1980,0,0,0
6973,M,1943,0,0,1
6974,M,1965,0,0,0
6975,M,1941,0,0,1
6976,M,1988,0,0,1
6977,F,1977,0,0,0
6978,M,1973,0,1,0
6979,M,1958,0,0,1
6980,M,1988,0,0,0
6981,M,1965,0,0,0
6982,M,1945,0,0,0
6983,M,1983,0,0,0
6984,F,1998,0,0,1
6985,M,1944,0,0,1
6986,M,1963,0,0,1
6987,F,2006,0,0,0
6988,M,1982,1,0,0
6989,F,1930,1,0,1
6990,F,1968,0,1,0
6991,M,1980,0,1,1
6992,M,2000,0,0,0
6993,F,2000,0,0,0
6994,M,1960,0,0,1
6995,M,1999,0,0,0
6996,F,1973,0,1,0
6997,F,1983,0,0,0
6998,M,1974,1,0,0
6999,M,1985,0,0,0
7000,F,1969,0,0,0
7001,M,1955,0,0,1
7002,F,1984,0,0,0
7003,M,1958,0,0,0
7004,F,1939,0,0,0
7005,F,1973,1,0,0
7006,F,1961,0,0,0
7007,F,2003,0,0,0
7008,M,1984,1,0,0
7009,F,2007,1,1,0
7010,M,1991,0,0,0
7011,F,1984,1,0,0
7012,M,1930,1,1,1
7013,F,1996,0,0,1
7014,M,1981,0,0,0
7015,F,1998,1,0,0
7016,F,1985,1,0,0
7017,F,1969,0,1,0
7018,M,1964,0,0,0
7019,M,1988,0,0,1
7020,M,1993,0,1,1
7021,M,2018,0,0,1
7022,M,1933,1,1,1
7023,M,1990,0,0,0
7024,M,2013,0,0,0
7025,M,1945,0,0,1
7026,M,2011,0,0,1
7027,F,1945,0,0,0
7028,F,2007,0,1,0
7029,F,2004,0,0,1
7030,M,2001,0,0,0
7031,M,1991,0,0,0
7032,F,1945,0,0,0
7033,M,2001,0,0,0
7034,M,1969,0,1,1
7035,M,1975,0,0,0
7036,F,1979,0,0,1
7037,M,1952,0,0,1
7038,F,1977,0,0,0
7039,M,1975,1,0,1
7040,F,1961,0,0,0
7041,F,1990,0,0,1
7042,M,1981,0,0,1
7043,M,1973,1,0,1
7044,F,1956,1,0,1
7045,M,1984,1,0,1
7046,F,1981,0,0,1
7047,F,1969,0,0,0
7048,F,1984,0,0,1
7049,F,1995,0,0,1
7050,F,1962,0,0,1
7051,M,1977,0,0,1
7052,F,1989,0,0,0
7053,M,2001,0,0,0
7054,F,2011,0,0,0
7055,F,1968,0,0,1
7056,M,1996,0,0,0
7057,M,2007,1,0,0
7058,M,1998,0,0,1
7059,F,1973,0,0,0
7060,F,1996,0,0,0
7061,F,1973,0,0,0
7062,M,1992,0,0,0
7063,F,1981,1,0,0
7064,M,1979,0,0,1
7065,M,1963,0,0,0
7066,M,1962,0,0,1
7067,F,1980,1,1,1
7068,M,1999,0,0,1
7069,F,1948,1,0,0
7070,F,1989,0,1,0
7071,M,2016,0,0,0
7072,F,1974,0,0,1
7073,F,1973,0,0,0
7074,M,1989,0,0,0
7075,M,2007,0,1,0
7076,F,2009,0,0,1
7077,M,1987,0,0,0
7078,F,2001,1,0,0
7079,M,1956,0,0,1
7080,M,1988,0,0,0
7081,F,1990,0,0,0
7082,M,1930,0,0,1
7083,F,2015,0,0,0
7084,F,1981,0,0,0
7085,F,2010,0,0,0
7086,F,1944,0,1,1
7087,M,2008,0,0,0
7088,M,1972,0,0,0
7089,M,1976,0,0,1
7090,F,2011,0,0,0
7091,F,1972,0,0,0
7092,F,1992,0,0,0
7093,F,1966,0,1,0
7094,M,1994,0,0,0
7095,M,1972,0,0,0
7096,M,1984,1,1,0
7097,F,1972,0,0,0
7098,M,1967,0,0,0
7099,F,1986,0,0,1
7100,M,1989,0,0,0
7101,F,1968,0,0,0
7102,M,1992,0,0,0
7103,F,1986,0,0,0
7104,F,1936,0,0,1
7105,F,1981,1,0,1
7106,M,1962,0,0,0
7107,M,1995,0,0,0
7108,F,1972,0,0,1
7109,M,1985,0,0,0
7110,M,1989,0,0,0
7111,M,2011,0,0,0
7112,M,2000,1,1,0
7113,M,2013,0,0,0
7114,M,1930,0,1,0
7115,M,1984,0,1,0
7116,M,1981,0,0,0
7117,M,1957,0,0,0
7118,M,1975,0,0,0
7119,M,1989,0,0,0
7120,F,1989,0,0,0
7121,M,2001,0,0,0
7122,F,1970,1,0,0
7123,M,1969,0,0,0
7124,F,1981,0,0,1
7125,M,1984,1,0,0
7126,F,1968,1,1,1
7127,M,2002,0,0,0
7128,M,1973,1,1,0
7129,F,1934,0,0,1
7130,F,1994,0,0,0
7131,F,1987,0,1,0
7132,F,1946,0,0,0
7133,F,1981,1,0,1
7134,M,1960,0,0,0
7135,F,1972,1,0,0
7136,F,1969,0,0,1
7137,F,1995,0,0,0
7138,M,1996,0,0,0
7139,M,1964,1,0,1
7140,M,2006,0,0,0
7141,M,1986,0,0,0
7142,F,1968,0,0,1
7143,F,1987,0,0,1
7144,F,1984,0,0,0
7145,M,1934,1,0,0
7146,M,1958,0,0,1
7147,M,1941,1,1,0
7148,F,1930,0,0,0
7149,M,1945,0,0,1
7150,F,1991,0,0,0
7151,F,1998,0,0,0
7152,M,1991,0,0,0
7153,M,1968,0,0,0
7154,M,1989,0,0,0
7155,M,1995,0,0,0
7156,M,1936,0,0,1
7157,M,1989,0,0,1
7158,M,1970,0,0,1
7159,M,1971,0,1,0
7160,F,2011,0,0,0
7161,M,1939,0,0,1
7162,M,2003,0,0,0
7163,F,2007,0,0,0
7164,F,1991,0,0,0
7165,M,1998,0,0,0
7166,F,1945,0,0,1
7167,F,1975,0,0,1
7168,F,1993,0,0,1
7169,F,2007,0,0,0
7170,F,1972,1,0,1
7171,F,1988,0,0,1
7172,M,1968,0,0,0
7173,M,1975,0,0,0
7174,M,1997,0,0,0
7175,F,1965,0,0,0
7176,M,2004,0,0,1
7177,M,1988,1,0,1
7178,F,1986,1,0,1
7179,M,1983,0,0,0
7180,F,2005,0,0,0
7181,M,1947,0,0,0
7182,M,1997,0,0,1
7183,F,2010,0,0,0
7184,F,1974,0,0,1
7185,F,1930,1,0,0
7186,F,2011,0,0,0
7187,F,2000,0,0,0
7188,F,1958,0,0,1
7189,F,1981,0,0,0
7190,F,2004,0,0,0
7191,M,1986,1,0,0
7192,M,1933,0,0,0
7193,M,1943,0,0,1
7194,F,1930,0,0,1
7195,F,1963,0,0,0
7196,M,1992,0,0,0
7197,M,1958,0,0,1
7198,M,1996,1,0,1
7199,M,1984,0,1,0
7200,F,1996,0,0,0
7201,M,1963,0,0,1
7202,F,1966,0,1,1
7203,M,1994,0,0,0
7204,F,1951,0,0,0
7205,M,1939,0,0,1
7206,M,1992,0,1,0
7207,F,1971,1,1,0
7208,F,1936,1,0,0
7209,F,1974,0,0,0
7210,M,1988,0,1,0
7211,M,1983,1,1,0
7212,M,1992,0,0,0
7213,M,1949,1,0,0
7214,F,1954,0,1,0
7215,M,1930,0,0,1
7216,M,1996,0,0,0
7217,M,1993,0,0,0
7218,F,2007,0,0,1
7219,M,1968,0,0,0
7220,F,2002,0,1,0
7221,M,1930,0,0,1
7222,M,1998,1,0,1
7223,F,1930,0,0,1
7224,M,2019,0,0,0
7225,F,2012,0,0,1
7226,M,2003,0,0,0
7227,F,1975,1,0,1
7228,F,1984,1,0,0
7229,F,1998,1,0,0
7230,M,1985,1,0,1
7231,M,1994,0,0,0
7232,M,1968,0,0,0
7233,F,2002,0,0,0
7234,F,1978,0,0,0
7235,F,1977,1,0,0
7236,M,1983,0,0,1
7237,M,1972,0,0,1
7238,M,1985,0,0,0
7239,M,1964,0,0,0
7240,F,1983,0,0,1
7241,F,1948,0,1,0
7242,M,1978,0,0,0
7243,M,1950,0,1,1
7244,F,1993,0,0,0
7245,M,2000,0,0,0
7246,M,1964,1,0,1
7247,M,1982,0,0,1
7248,M,2015,0,0,0
7249,F,1996,1,0,0
7250,F,1975,0,0,1
7251,M,1984,0,0,1
7252,F,1997,0,0,0
7253,F,1983,0,0,1
7254,M,1979,0,0,0
7255,F,2010,0,0,0
7256,M,1951,0,1,0
7257,F,1943,0,1,0
7258,F,1997,0,0,0
7259,M,1930,0,0,0
7260,F,1984,1,0,0
7261,F,1995,0,0,1
7262,F,1995,0,0,0
7263,F,1930,0,0,1
7264,M,2001,0,0,0
7265,M,1979,0,0,0
7266,F,1976,1,0,0
7267,F,1964,0,0,1
7268,F,1980,0,0,0
7269,F,1930,0,1,1
7270,F,1930,0,1,1
7271,M,1940,0,1,0
7272,M,1973,0,1,0
7273,M,1957,0,0,0
7274,F,1989,0,0,1
7275,M,1950,0,0,1
7276,F,1994,0,1,0
7277,F,1999,0,1,0
7278,F,2000,0,0,0
7279,F,1968,0,0,1
7280,F,1935,0,1,0
7281,F,1931,0,0,0
7282,M,2014,0,0,0
7283,F,1955,0,0,0
7284,F,2000,0,0,1
7285,F,1930,0,0,1
7286,M,2005,0,0,0
7287,M,2009,1,0,0
7288,M,1954,0,1,1
7289,F,1990,0,0,0
7290,M,1991,0,0,0
7291,M,1997,0,0,0
7292,F,1994,0,0,0
7293,M,1953,0,0,1
7294,F,2000,0,0,1
7295,F,1985,1,0,1
7296,F,2001,0,0,1
7297,M,1979,0,0,0
7298,F,1991,1,0,0
7299,M,1970,0,0,1
7300,M,1967,0,0,0
7301,F,1934,0,1,0
7302,F,1930,0,0,1
7303,M,1995,0,0,0
7304,F,1963,0,0,1
7305,M,1992,0,0,0
7306,M,1967,0,0,0
7307,M,1969,0,0,0
7308,F,1970,1,1,0
7309,F,1961,0,1,0
7310,M,1978,0,0,0
7311,F,1990,0,1,1
7312,M,1979,1,0,0
7313,F,1930,0,1,1
7314,F,1993,0,0,1
7315,M,1988,0,0,1
7316,F,1996,0,0,0
7317,F,2011,0,0,0
7318,F,1983,0,0,0
7319,M,1965,0,0,1
7320,M,1999,0,0,0
7321,F,1941,0,0,1
7322,M,1971,1,0,0
7323,M,1953,1,0,1
7324,F,1974,0,0,0
7325,F,1985,0,0,0
7326,F,1989,0,0,1
7327,F,1975,1,0,0
7328,M,1972,0,0,0
7329,F,1992,0,0,1
7330,F,1986,0,0,0
7331,F,1930,0,0,1
7332,M,1979,0,0,0
7333,M,1976,0,0,1
7334,F,1932,0,1,0
7335,F,1972,0,0,1
7336,F,1982,1,0,1
7337,F,1954,1,1,0
7338,F,1962,0,0,1
7339,M,1976,0,0,0
7340,F,1973,1,0,1
7341,M,1988,0,0,0
7342,M,2002,0,0,0
7343,F,1966,0,0,0
7344,M,2007,0,0,0
7345,F,2002,0,0,0
7346,M,1986,0,0,0
7347,M,1988,0,0,0
7348,F,1963,0,0,1
7349,F,1955,0,1,0
7350,M,1930,0,1,1
7351,F,2009,0,0,0
7352,F,1970,0,1,0
7353,F,1971,0,0,1
7354,M,1974,0,0,0
7355,F,1966,0,0,1
7356,F,1960,0,0,0
7357,M,1940,0,0,1
7358,M,1973,0,0,0
7359,M,1930,1,1,1
7360,M,1973,1,0,0
7361,F,1991,1,0,0
7362,M,1976,0,0,1
7363,M,1998,0,0,0
7364,F,1997,0,0,1
7365,M,1984,0,0,1
7366,M,1987,0,0,0
7367,M,1941,0,1,1
7368,F,1984,0,0,1
7369,F,2000,0,0,0
7370,F,1980,0,0,0
7371,M,1974,1,0,0
7372,F,1978,0,1,1
7373,M,2001,0,1,0
7374,M,1936,0,0,1
7375,M,2010,0,0,0
7376,F,1978,0,0,1
7377,F,2001,0,1,0
7378,M,1952,0,0,1
7379,F,1970,0,0,0
7380,M,1974,0,0,0
7381,M,1986,1,0,0
7382,M,1940,0,1,1
7383,F,1986,0,0,1
7384,F,1930,0,1,0
7385,F,1997,0,0,0
7386,F,1980,0,1,0
7387,M,1961,0,0,1
7388,F,1968,0,1,0
7389,M,1982,0,0,1
7390,M,2009,0,0,0
7391,F,1977,1,1,0
7392,F,1989,1,0,1
7393,F,1993,1,0,0
7394,F,1959,0,1,0
7395,F,2011,0,0,0
7396,M,1981,0,0,1
7397,F,2017,0,0,0
7398,F,1967,0,0,0
7399,F,1959,1,0,1
7400,M,1977,0,1,0
7401,F,1990,0,0,0
7402,M,1941,0,0,1
7403,M,1938,0,1,0
7404,F,1972,0,0,0
7405,M,1932,0,0,1
7406,F,1997,0,0,0
7407,M,1983,0,0,0
7408,M,2015,0,0,0
7409,F,2002,0,0,0
7410,F,2003,0,0,1
7411,F,1968,0,0,1
7412,M,2001,0,0,1
7413,M,2011,0,0,0
7414,M,1994,0,1,0
7415,F,1992,0,0,0
7416,M,2005,0,0,1
7417,F,1979,0,0,0
7418,F,1974,0,0,0
7419,M,2007,0,1,0
7420,F,1963,0,0,1
7421,F,1998,0,0,0
7422,M,1993,1,0,0
7423,F,1969,0,0,0
7424,M,1992,1,0,0
7425,F,2002,0,0,1
7426,F,1980,0,0,0
7427,F,1951,0,1,0
7428,F,1956,0,1,1
7429,F,1994,1,0,0
7430,M,2000,1,1,1
7431,F,1997,0,0,0
7432,M,1955,0,1,0
7433,M,1997,0,0,1
7434,M,1934,0,0,1
7435,M,1970,0,0,0
7436,M,1983,0,0,0
7437,F,1994,0,0,0
7438,F,1980,0,0,0
7439,F,2002,0,0,0
7440,M,2007,1,0,0
7441,F,1969,1,0,1
7442,M,1983,0,0,1
7443,M,1962,0,0,0
7444,F,1975,0,0,0
7445,M,1995,1,0,0
7446,F,1956,1,0,0
7447,M,1993,0,0,0
7448,M,1946,0,0,1
7449,M,1993,0,0,1
7450,M,2005,1,0,1
7451,F,1939,0,0,0
7452,M,1994,0,0,1
7453,F,1993,1,0,0
7454,F,2005,0,0,0
7455,F,1985,1,0,1
7456,M,2003,0,0,0
7457,M,1941,1,0,1
7458,F,1990,0,1,0
7459,M,1999,0,0,0
7460,M,1981,0,0,1
7461,F,1930,0,1,1
7462,F,1980,0,0,0
7463,F,1987,1,0,1
7464,F,1982,0,0,1
7465,M,1960,0,0,1
7466,F,1963,0,0,1
7467,F,1976,0,0,0
7468,F,1954,0,0,1
7469,M,1980,0,0,1
7470,F,1986,0,1,0
7471,M,1981,0,1,0
7472,M,1993,0,0,1
7473,F,1960,0,0,1
7474,F,1994,0,0,0
7475,M,2012,0,0,0
7476,F,2007,0,1,0
7477,F,1973,1,0,0
7478,M,1997,0,0,0
7479,F,1963,0,0,1
7480,F,1983,1,0,0
7481,F,1960,0,1,0
7482,F,2012,0,0,0
7483,M,1994,0,0,1
7484,M,2000,1,0,0
7485,M,1930,0,1,1
7486,F,1991,0,0,1
7487,F,2007,1,0,0
7488,F,1974,0,0,0
7489,M,2001,1,0,1
7490,M,1956,0,0,0
7491,M,1951,0,1,0
7492,M,2000,0,0,0
7493,F,1930,0,0,1
7494,M,1996,0,0,0
7495,M,1976,0,0,0
7496,F,1955,0,1,1
7497,F,1973,0,0,1
7498,M,1991,1,0,0
7499,M,2005,0,0,1
7500,F,1930,0,0,1
7501,F,1973,0,1,0
7502,M,1930,0,1,0
7503,F,1969,0,0,1
7504,M,1930,0,0,1
7505,F,1998,1,0,0
7506,F,1997,0,0,0
7507,M,1986,0,0,1
7508,M,1999,0,0,0
7509,M,2009,0,0,0
7510,M,1995,1,0,0
7511,F,1969,0,0,0
7512,M,2004,0,1,0
7513,F,2002,0,0,0
7514,M,1994,1,0,0
7515,F,2001,0,0,0
7516,M,1993,0,0,0
7517,M,1985,0,0,0
7518,M,2003,0,1,0
7519,F,1993,1,0,0
7520,M,1983,0,0,0
7521,M,1998,0,0,0
7522,F,2005,0,0,0
7523,F,1997,1,0,0
7524,M,1990,0,0,0
7525,F,2010,0,0,0
7526,M,1969,0,0,0
7527,M,1989,1,0,0
7528,F,1997,0,0,0
7529,M,2008,0,0,1
7530,F,1973,0,0,0
7531,F,1950,0,0,1
7532,M,1994,0,1,0
7533,M,1930,0,0,1
7534,F,1984,0,1,1
7535,F,1983,0,0,1
7536,F,1961,0,0,0
7537,M,1971,0,0,0
7538,M,2004,0,1,0
7539,F,1995,0,0,0
7540,F,1956,0,0,0
7541,M,1971,0,0,0
7542,F,1930,0,1,1
7543,M,1975,0,1,0
7544,M,1970,1,0,1
7545,F,1997,0,0,0
7546,M,1951,1,1,1
7547,F,2015,0,0,0
7548,F,1979,0,0,1
7549,F,1969,1,0,1
7550,F,1977,0,0,0
7551,F,1984,0,0,0
7552,M,1986,1,0,1
7553,M,1983,0,0,0
7554,F,2002,0,0,0
7555,F,1977,0,0,1
7556,F,1997,0,0,0
7557,F,1994,0,0,1
7558,F,2004,0,0,0
7559,F,1930,0,0,1
7560,M,1978,0,0,0
7561,F,2006,1,0,0
7562,M,1981,0,0,0
7563,M,1951,1,1,0
7564,F,1977,0,0,1
7565,M,1984,0,0,1
7566,M,1998,1,0,0
7567,M,1977,0,0,0
7568,F,1964,0,0,1
7569,F,1964,0,0,0
7570,F,1979,0,0,1
7571,F,1979,0,0,1
7572,F,1945,0,0,0
7573,F,1949,0,0,1
7574,M,1987,0,1,0
7575,F,1930,0,0,1
7576,F,2006,0,0,1
7577,M,1978,0,1,0
7578,F,1976,0,1,0
7579,M,1999,0,0,0
7580,F,2008,0,0,0
7581,M,1999,0,0,1
7582,M,1958,0,0,0
7583,F,1957,0,0,0
7584,F,1966,0,1,0
7585,F,1997,1,0,1
7586,M,1957,0,0,1
7587,M,1996,0,0,0
7588,F,1977,0,0,0
7589,M,1983,0,0,0
7590,F,1991,1,0,0
7591,F,1967,0,0,0
7592,F,1962,1,0,1
7593,F,1998,1,0,0
7594,M,1982,0,0,1
7595,F,1963,0,0,0
7596,M,2018,0,0,0
7597,M,1973,0,1,1
7598,M,1963,0,1,0
7599,F,1972,1,0,1
7600,F,1971,0,0,1
7601,M,1985,1,0,0
7602,F,1965,0,1,0
7603,M,2004,0,1,0
7604,F,1999,0,0,0
7605,F,1971,0,0,1
7606,F,1965,0,0,1
7607,M,1951,1,0,1
7608,F,1935,0,1,1
7609,F,1997,0,0,0
7610,F,2002,0,0,0
7611,M,1959,0,0,1
7612,M,1992,0,0,0
7613,F,1984,0,0,0
7614,M,1962,0,1,1
7615,M,1978,0,1,1
7616,F,1966,0,0,0
7617,M,1998,1,0,1
7618,F,1975,1,0,0
7619,M,1976,0,0,0
7620,M,1952,0,0,0
7621,M,1943,0,0,0
7622,M,1992,0,1,0
7623,F,2001,0,0,0
7624,M,1964,1,1,1
7625,F,2009,1,0,0
7626,F,1962,0,1,0
7627,M,1959,0,0,0
7628,F,1994,0,0,0
7629,M,2017,0,0,0
7630,F,1956,0,0,0
7631,M,1941,1,0,1
7632,M,1944,0,0,1
7633,M,1942,0,0,0
7634,F,2005,0,1,0
7635,M,1981,1,0,0
7636,M,1976,0,0,0
7637,M,1980,0,0,1
7638,F,1965,0,0,1
7639,M,2002,1,0,0
7640,F,2009,0,0,0
7641,M,2012,0,0,0
7642,M,1955,0,1,1
7643,M,2005,0,0,0
7644,M,1980,1,0,0
7645,M,1994,0,0,0
7646,F,1994,1,1,0
7647,F,1987,0,0,0
7648,F,1993,0,0,0
7649,M,2009,0,0,0
7650,F,1987,0,0,1
7651,F,1998,1,0,0
7652,M,1999,0,0,0
7653,F,1930,0,0,0
7654,M,2007,0,0,0
7655,M,1988,0,1,0
7656,F,1978,0,0,0
7657,M,1930,0,1,1
7658,M,2003,0,0,0
7659,F,1946,0,0,0
7660,M,1987,0,0,1
7661,M,1986,0,0,1
7662,M,1967,1,0,0
7663,M,1939,0,1,1
7664,M,1993,0,0,0
7665,M,1976,0,0,0
7666,F,1980,0,0,1
7667,M,1981,0,0,0
7668,M,1962,0,0,0
7669,F,1997,0,0,0
7670,F,1991,1,0,0
7671,M,2009,0,0,0
7672,F,1970,0,1,1
7673,M,1982,1,0,0
7674,F,1940,0,1,1
7675,M,2003,0,0,0
7676,M,1930,0,0,0
7677,M,1965,0,1,0
7678,M,2017,0,0,0
7679,F,1966,0,0,0
7680,M,1995,0,0,0
7681,M,1989,0,0,0
7682,F,1992,0,0,0
7683,M,1948,1,1,1
7684,M,2011,0,0,0
7685,M,1986,0,0,0
7686,F,1984,0,0,1
7687,M,1992,0,0,0
7688,F,2000,0,1,0
7689,F,2015,0,0,0
7690,M,1985,1,1,0
7691,F,1970,0,0,1
7692,M,1982,1,0,0
7693,F,2000,0,0,1
7694,M,1984,0,0,0
7695,F,1940,0,1,0
7696,F,1996,0,1,0
7697,F,1978,0,0,1
7698,M,1975,0,1,0
7699,F,2006,0,0,0
7700,F,1990,0,0,1
7701,F,1989,0,0,0
7702,F,1983,0,0,0
7703,F,1949,0,0,0
7704,F,2004,0,0,0
7705,M,1947,0,0,1
7706,F,1967,1,0,1
7707,F,1930,0,0,1
7708,M,2013,0,0,0
7709,M,2017,0,0,0
7710,M,1930,0,0,0
7711,F,2007,0,0,0
7712,M,1999,1,0,0
7713,F,1999,0,0,0
7714,F,2003,0,0,0
7715,F,1969,0,0,0
7716,M,1988,0,0,0
7717,M,1997,0,0,0
7718,F,1931,0,0,1
7719,M,2015,0,0,0
7720,F,1957,0,1,0
7721,M,1985,0,0,0
7722,M,1997,1,1,0
7723,M,1995,0,0,0
7724,F,1990,1,0,0
7725,F,1999,1,0,0
7726,M,1962,0,0,1
7727,M,1991,0,0,0
7728,M,1967,0,0,1
7729,F,1995,0,0,0
7730,F,1979,0,0,0
7731,F,1979,0,0,0
7732,M,1983,0,0,1
7733,F,1946,0,1,0
7734,M,1942,0,0,1
7735,F,1964,0,0,1
7736,M,1954,0,0,1
7737,M,1965,1,0,0
7738,M,1993,0,0,0
7739,M,1986,1,0,0
7740,M,2013,0,0,1
7741,F,2001,1,0,0
7742,M,2007,1,0,1
7743,F,1997,0,1,1
7744,M,1977,0,1,0
7745,F,1993,0,0,0
7746,F,1960,0,0,0
7747,F,2001,0,0,0
7748,M,1968,0,0,0
7749,M,2002,0,0,0
7750,F,1949,0,1,0
7751,F,2001,0,0,0
7752,F,1972,1,0,0
7753,M,1997,0,0,1
7754,F,1935,0,0,1
7755,M,1937,0,0,1
7756,F,1973,0,1,0
7757,F,1974,0,0,0
7758,M,1963,0,0,0
7759,F,1968,0,0,1
7760,F,1959,0,0,0
7761,M,2001,0,0,0
7762,F,1983,0,0,1
7763,M,1996,0,0,0
7764,M,1938,0,1,1
7765,F,2005,1,0,1
7766,M,1930,1,1,1
7767,F,1982,0,0,0
7768,M,1958,0,0,1
7769,M,1994,0,0,0
7770,M,2006,0,0,1
7771,F,1940,0,0,0
7772,F,1971,0,0,0
7773,M,2004,0,0,0
7774,F,1985,0,0,0
7775,F,1987,0,0,0
7776,F,1972,0,0,0
7777,F,2001,0,0,0
7778,F,2004,0,0,0
7779,M,1980,1,0,0
7780,F,2000,0,0,0
7781,M,1938,0,1,1
7782,M,1961,0,0,1
7783,F,1962,0,0,0
7784,M,2013,0,0,0
7785,M,1993,1,0,0
7786,M,1989,1,1,0
7787,M,2002,1,0,0
7788,F,1968,0,0,0
7789,M,1972,1,0,1
7790,M,1964,0,0,0
7791,M,1954,0,0,1
7792,M,1956,1,1,1
7793,F,1930,0,1,1
7794,M,1984,0,0,0
7795,M,1987,1,1,0
7796,F,1969,0,1,0
7797,M,1948,0,0,0
7798,F,2009,0,0,0
7799,M,1998,0,0,1
7800,M,1995,0,0,0
7801,M,1981,0,0,0
7802,F,1993,1,0,0
7803,M,1954,0,1,1
7804,F,1978,1,0,0
7805,F,1986,1,0,0
7806,F,1972,0,0,1
7807,F,2012,0,0,0
7808,M,1973,0,0,0
7809,M,2000,0,0,0
7810,F,1960,0,0,0
7811,M,2011,0,0,0
7812,F,1970,0,0,1
7813,M,1999,0,0,0
7814,F,1947,0,1,1
7815,M,2009,1,0,0
7816,M,1982,0,0,1
7817,M,1965,0,0,0
7818,M,1975,0,0,0
7819,M,1975,0,0,0
7820,M,2005,0,0,0
7821,F,2006,0,0,0
7822,F,1976,0,1,1
7823,M,1980,0,1,0
7824,M,2002,0,0,0
7825,M,2003,1,0,0
7826,F,1985,0,0,0
7827,M,1991,0,0,1
7828,M,1930,0,0,1
7829,F,1945,1,1,1
7830,F,1961,0,0,1
7831,M,1940,0,0,0
7832,F,1996,0,0,1
7833,M,1993,0,0,0
7834,F,1951,1,1,1
7835,M,1982,0,0,0
7836,M,1981,0,0,0
7837,M,2003,0,0,0
7838,F,1952,0,0,1
7839,M,1969,1,0,1
7840,M,1989,0,0,0
7841,M,1993,0,1,0
7842,M,1947,0,0,0
7843,F,1996,0,0,0
7844,M,2007,0,0,0
7845,M,1944,0,0,1
7846,M,1943,0,0,1
7847,M,1996,0,0,0
7848,F,1930,0,0,1
7849,M,1985,0,0,1
7850,M,1995,0,1,0
7851,M,1970,0,0,1
7852,F,2005,1,0,0
7853,M,2000,0,0,0
7854,M,1976,0,0,0
7855,M,1980,0,0,0
7856,F,1958,0,0,1
7857,F,2004,0,0,0
7858,M,1930,1,0,1
7859,M,1991,0,0,0
7860,F,1981,0,0,0
7861,F,1992,0,1,0
7862,M,2005,0,0,0
7863,M,1984,0,0,0
7864,F,1965,0,0,0
7865,F,1987,0,0,1
7866,F,1999,0,0,0
7867,M,1957,0,0,1
7868,M,1956,0,0,1
7869,F,1988,0,0,1
7870,M,1974,0,0,0
7871,M,1957,1,0,0
7872,F,1966,0,0,0
7873,M,1975,0,1,0
7874,F,1967,1,0,1
7875,F,1972,0,0,0
7876,F,1982,0,1,1
7877,F,2004,0,0,0
7878,M,2001,1,0,0
7879,M,1971,0,0,1
7880,F,1992,0,0,0
7881,F,1972,0,0,1
7882,M,2004,0,0,0
7883,M,1997,0,0,1
7884,F,1987,0,0,0
7885,M,2015,0,0,0
7886,F,1999,1,0,0
7887,M,1995,0,0,0
7888,M,1979,0,0,1
7889,F,1988,0,0,0
7890,F,1977,0,0,0
7891,F,1982,0,0,0
7892,F,1989,0,0,0
7893,M,1995,1,1,0
7894,M,1981,0,0,0
7895,M,1948,1,0,1
7896,F,1995,0,0,1
7897,F,1930,0,1,1
7898,F,1980,0,0,1
7899,F,1960,0,0,0
7900,F,1974,0,1,0
7901,F,1970,1,1,1
7902,F,1999,0,1,0
7903,F,1992,0,0,1
7904,F,2010,0,0,0
7905,M,1987,0,0,1
7906,F,1967,0,0,1
7907,M,1987,0,0,1
7908,F,1958,0,0,1
7909,M,1991,0,0,0
7910,M,1996,0,0,0
7911,M,1993,0,0,0
7912,F,1965,0,0,1
7913,F,1936,0,0,1
7914,M,1930,0,0,0
7915,M,1968,0,0,1
7916,F,1960,0,0,0
7917,M,2007,0,0,0
7918,F,2004,0,0,1
7919,F,1999,0,0,0
7920,M,1946,0,0,0
7921,F,1946,0,0,1
7922,F,1930,1,0,1
7923,F,1999,0,0,0
7924,F,1985,0,0,0
7925,M,2010,0,0,0
7926,M,2006,1,0,0
7927,F,1989,0,0,0
7928,F,1998,0,0,1
7929,F,1998,0,1,0
7930,M,1995,0,0,1
7931,F,1941,0,0,0
7932,M,1953,0,1,1
7933,M,2001,0,0,0
7934,F,1954,1,0,1
7935,F,1997,0,0,0
7936,F,2008,1,0,1
7937,F,1995,0,1,0
7938,M,1976,0,1,0
7939,F,1999,0,0,1
7940,F,1968,1,0,1
7941,F,1994,1,0,0
7942,F,1974,0,0,0
7943,M,2001,0,0,0
7944,F,1983,0,0,0
7945,M,1999,1,0,0
7946,F,1988,0,0,0
7947,M,1930,0,1,0
7948,F,1992,0,0,0
7949,M,2005,0,0,0
7950,M,1981,0,0,0
7951,M,1981,0,0,0
7952,F,1981,0,0,1
7953,F,1970,0,0,0
7954,M,1993,0,0,1
7955,F,1967,1,1,1
7956,F,1984,0,0,0
7957,F,2005,0,0,0
7958,M,1963,0,0,1
7959,F,1979,0,0,0
7960,M,1969,0,1,0
7961,M,2004,0,1,0
7962,M,1961,0,0,0
7963,F,1930,0,0,1
7964,M,2005,0,0,1
7965,F,1957,0,0,1
7966,F,1979,0,0,0
7967,F,1984,0,0,0
7968,F,1961,0,1,0
7969,M,1964,0,1,0
7970,M,1948,0,0,1
7971,F,2004,0,0,0
7972,F,1947,0,1,1
7973,M,1975,0,0,0
7974,F,2009,1,1,0
7975,F,1992,1,0,0
7976,F,1979,0,0,0
7977,F,1992,0,0,0
7978,F,1986,0,1,0
7979,M,1994,0,0,1
7980,F,1930,1,0,1
7981,M,1930,0,0,0
7982,F,1967,0,1,1
7983,M,1982,0,1,0
7984,F,2001,0,1,0
7985,M,1948,0,0,1
7986,F,1971,0,0,0
7987,F,2000,0,1,0
7988,M,2000,0,0,0
7989,F,1986,0,0,0
7990,M,1981,0,0,1
7991,M,1967,1,0,1
7992,F,1984,0,0,0
7993,M,1965,0,1,0
7994,M,1992,0,0,0
7995,F,1984,0,0,0
7996,M,1947,0,0,1
7997,M,1964,1,0,0
7998,F,1983,0,0,0
7999,M,1976,0,0,0
8000,M,1984,0,0,0
8001,M,2006,0,0,0
8002,M,2017,0,0,0
8003,M,1934,0,0,1
8004,F,1999,0,0,0
8005,M,1991,0,0,0
8006,M,1930,0,0,0
8007,M,2002,0,0,0
8008,F,1985,0,1,0
8009,F,1944,1,0,1
8010,F,1930,0,0,1
8011,F,1971,0,0,0
8012,F,1948,0,0,1
8013,F,1987,0,0,0
8014,F,2017,0,0,1
8015,M,1951,0,1,0
8016,F,1983,0,0,0
8017,M,1990,0,0,0
8018,M,1991,1,0,1
8019,M,1966,0,0,1
8020,M,1966,0,0,0
8021,M,1983,0,0,1
8022,M,1972,0,0,1
8023,F,2002,0,0,0
8024,M,1987,0,0,0
8025,M,2002,0,0,0
8026,M,2002,0,0,0
8027,F,1975,1,0,0
8028,F,1982,0,0,0
8029,M,1992,0,0,0
8030,M,1988,1,0,0
8031,M,1973,0,0,0
8032,M,1965,0,0,0
8033,M,1970,0,0,0
8034,M,2010,0,0,1
8035,F,2015,0,0,0
8036,M,1998,1,0,0
8037,M,2015,0,0,0
8038,M,1939,0,0,0
8039,F,1989,0,0,1
8040,F,2005,0,0,0
8041,M,1989,0,0,0
8042,F,2012,0,0,0
8043,M,2005,1,1,1
8044,M,1990,0,0,0
8045,M,1993,0,0,0
8046,F,1991,0,0,0
8047,M,1972,0,0,0
8048,F,1957,0,1,1
8049,F,1980,0,0,0
8050,M,1956,0,0,1
8051,F,1993,0,0,0
8052,F,1951,0,1,1
8053,F,1980,0,0,0
8054,M,1960,0,0,0
8055,F,1993,0,0,0
8056,M,1981,0,0,0
8057,M,1930,0,0,1
8058,M,1981,0,0,0
8059,F,1958,0,1,0
8060,M,1954,0,0,0
8061,F,1968,1,1,0
8062,M,1962,0,0,0
8063,M,1993,0,0,1
8064,F,1998,0,0,0
8065,M,2001,0,0,0
8066,F,1973,1,0,0
8067,F,1982,0,0,0
8068,F,1975,0,0,0
8069,M,2004,0,0,1
8070,M,1996,0,0,0
8071,M,1959,0,0,0
8072,M,1978,0,0,0
8073,F,1980,0,0,0
8074,F,1987,0,0,1
8075,F,1997,0,0,0
8076,M,1950,0,0,1
8077,F,1943,0,1,0
8078,F,1981,0,0,0
8079,M,2011,0,0,1
8080,M,1985,0,0,0
8081,M,1940,0,1,0
8082,M,1995,0,0,1
8083,M,1992,0,0,0
8084,F,1960,0,1,1
8085,F,1992,1,0,0
8086,M,1982,0,0,1
8087,M,2014,0,0,0
8088,F,1942,0,1,0
8089,M,1963,1,0,1
8090,M,1952,1,0,0
8091,F,2000,0,0,0
8092,M,1933,0,0,1
8093,F,1984,0,0,1
8094,F,1949,0,1,1
8095,M,1974,0,0,1
8096,F,1962,0,0,0
8097,M,1972,1,0,1
8098,M,1992,0,0,0
8099,M,2008,0,1,0
8100,M,1946,0,0,1
8101,F,2017,0,0,0
8102,M,1958,1,0,1
8103,M,1946,0,0,1
8104,F,2006,1,0,0
8105,M,1991,0,0,0
8106,M,2007,0,0,1
8107,M,1995,0,0,1
8108,F,1953,0,0,1
8109,M,1962,1,1,0
8110,M,1966,0,0,1
8111,F,1991,0,0,0
8112,M,2016,0,0,0
8113,M,2004,0,0,1
8114,M,1987,0,0,1
8115,M,2002,0,0,0
8116,F,1958,0,0,1
8117,M,1932,0,0,1
8118,F,1974,0,0,1
8119,M,2006,0,0,1
8120,F,1945,0,0,0
8121,F,1980,0,0,1
8122,M,1983,0,0,0
8123,F,1969,0,0,1
8124,M,2004,0,0,0
8125,F,1991,0,0,0
8126,F,1984,0,0,0
8127,M,1976,0,0,0
8128,F,1974,0,0,0
8129,M,1969,0,0,1
8130,M,1994,0,0,0
8131,M,2010,0,0,0
8132,F,1988,1,0,0
8133,F,1985,1,0,0
8134,M,2011,0,0,0
8135,F,1995,0,0,0
8136,F,1979,0,0,1
8137,F,1993,0,0,0
8138,F,1980,0,0,0
8139,F,1993,0,1,0
8140,M,1967,0,0,0
8141,F,2000,0,0,0
8142,F,1983,0,0,1
8143,F,1981,0,0,0
8144,F,1959,0,1,0
8145,F,1990,0,1,0
8146,M,1933,1,0,1
8147,M,1934,0,0,1
8148,F,2000,1,0,0
8149,F,1983,0,0,0
8150,F,2005,0,0,0
8151,F,1971,0,0,1
8152,M,1993,1,0,0
8153,F,1980,0,0,0
8154,F,1988,0,0,0
8155,F,1930,0,0,0
8156,M,1986,1,0,0
8157,M,1988,0,0,0
8158,M,1957,1,0,1
8159,F,1952,0,0,0
8160,M,1977,0,0,1
8161,M,1951,0,1,1
8162,M,1930,1,1,0
8163,M,1989,0,0,0
8164,M,2003,0,0,0
8165,F,1973,0,0,1
8166,M,1954,1,0,0
8167,F,1936,0,0,1
8168,M,1968,0,0,1
8169,M,1982,0,0,1
8170,M,1997,0,0,0
8171,M,1946,0,0,0
8172,F,1975,0,0,0
8173,F,2010,0,1,0
8174,F,1930,0,1,1
8175,F,2003,0,1,0
8176,M,1954,0,0,1
8177,M,1977,0,0,1
8178,F,2009,1,0,0
8179,M,1985,0,0,0
8180,M,1989,0,0,1
8181,M,2007,1,0,0
8182,F,1971,1,1,0
8183,M,1959,0,1,0
8184,M,1983,0,0,0
8185,F,1990,1,0,0
8186,M,1969,1,0,0
8187,F,2018,0,0,1
8188,F,1992,0,0,0
8189,F,1990,0,1,1
8190,M,1982,0,0,1
8191,M,2008,0,0,0
8192,M,2013,0,0,0
8193,F,2001,0,1,1
8194,M,1971,0,1,0
8195,F,1991,0,1,1
8196,F,2002,0,0,0
8197,M,1930,0,0,1
8198,F,1990,0,0,1
8199,M,1982,1,0,0
8200,F,1947,0,0,0
8201,F,1979,0,0,0
8202,F,1969,0,0,1
8203,F,1998,1,0,0
8204,F,1981,0,0,0
8205,M,1932,0,1,1
8206,F,1973,0,1,0
8207,F,1977,0,0,1
8208,F,1988,0,0,1
8209,M,2005,0,0,0
8210,F,1951,0,0,0
8211,F,1984,0,0,1
8212,M,1996,0,0,0
8213,M,2006,0,0,0
8214,M,1975,0,0,1
8215,F,2003,0,0,1
8216,F,1951,0,1,1
8217,F,1995,0,0,0
8218,F,1980,0,0,0
8219,F,1973,0,1,1
8220,F,1976,0,0,0
8221,F,1959,0,0,1
8222,M,1993,1,0,0
8223,M,1982,1,0,0
8224,F,1968,0,0,0
8225,M,1936,0,0,1
8226,M,1961,0,0,1
8227,M,1955,0,0,1
8228,F,1989,0,0,0
8229,M,1973,0,0,0
8230,M,1943,0,0,0
8231,F,1983,1,0,0
8232,F,1973,0,0,0
8233,F,2009,0,0,0
8234,M,1965,0,0,0
8235,M,1977,1,0,1
8236,F,1967,1,0,0
8237,M,1989,0,0,0
8238,F,2011,0,0,0
8239,F,1963,0,0,1
8240,F,1996,1,0,1
8241,M,2008,0,0,0
8242,M,1979,0,1,1
8243,M,1931,0,0,1
8244,M,1999,0,0,0
8245,F,1995,0,0,1
8246,F,1962,0,0,1
8247,F,1987,0,0,0
8248,M,1963,0,0,0
8249,M,1988,0,0,0
8250,F,1991,0,0,1
8251,F,1998,0,1,0
8252,F,1975,1,0,1
8253,F,1998,1,0,0
8254,F,1992,1,1,0
8255,F,1951,1,1,0
8256,M,1930,0,1,1
8257,M,1971,0,0,0
8258,M,1950,0,1,1
8259,M,1990,0,0,0
8260,M,1987,0,1,1
8261,M,1977,0,0,0
8262,F,1996,1,0,1
8263,M,1991,0,0,0
8264,M,1964,0,0,0
8265,F,1982,0,1,0
8266,F,1985,0,1,0
8267,M,1986,0,0,0
8268,M,2001,0,1,0
8269,M,1978,0,0,0
8270,F,1996,0,0,0
8271,F,2009,0,0,0
8272,M,2003,1,0,0
8273,F,1986,0,0,0
8274,F,1967,0,0,0
8275,M,1959,1,0,1
8276,F,2006,0,0,0
8277,F,1970,0,0,0
8278,M,1930,0,1,0
8279,F,1958,0,0,1
8280,M,1979,0,1,1
8281,F,1977,0,0,1
8282,F,1980,0,0,0
8283,M,1993,0,0,0
8284,M,1956,0,1,1
8285,F,2000,0,0,0
8286,M,1978,0,0,1
8287,M,2009,1,0,1
8288,M,1953,0,1,1
8289,M,1979,0,0,0
8290,M,2007,0,0,0
8291,M,1941,1,1,0
8292,F,1984,1,0,0
8293,F,2005,1,0,0
8294,M,1930,0,0,1
8295,F,1988,0,0,0
8296,F,1998,0,0,0
8297,F,1977,0,0,0
8298,F,2003,0,0,0
8299,F,1993,0,0,0
8300,M,1946,1,0,1
8301,M,1930,0,0,1
8302,M,1987,0,0,0
8303,M,1972,0,0,1
8304,M,1944,0,1,1
8305,M,1988,1,0,0
8306,F,1998,0,0,1
8307,F,1966,0,0,1
8308,F,2005,0,0,0
8309,F,2000,0,0,0
8310,M,2007,0,0,0
8311,F,1947,0,1,0
8312,M,1981,0,0,1
8313,M,1965,0,1,1
8314,M,1999,0,0,0
8315,F,1973,0,0,1
8316,F,1972,1,0,1
8317,F,1930,0,0,1
8318,M,1968,0,0,1
8319,F,1959,0,0,1
8320,M,1979,1,1,0
8321,M,2018,0,0,0
8322,M,1975,1,1,0
8323,M,1986,1,0,0
8324,M,1987,1,0,1
8325,F,1992,0,1,0
8326,M,1987,1,0,1
8327,M,1995,0,0,0
8328,F,1962,0,0,0
8329,F,2001,0,0,0
8330,M,1930,0,1,0
8331,M,1965,1,1,0
8332,M,1954,0,1,1
8333,F,2000,0,1,0
8334,F,1993,0,0,0
8335,M,1980,0,0,0
8336,M,1982,0,0,1
8337,M,1965,0,0,1
8338,M,1982,0,0,0
8339,M,1930,1,0,1
8340,F,2000,0,0,1
8341,F,2003,0,0,0
8342,M,1994,0,0,0
8343,M,1987,0,0,1
8344,F,1951,0,0,1
8345,F,1973,1,0,1
8346,F,2016,0,0,1
8347,F,2016,0,0,0
8348,F,1985,0,0,0
8349,F,1991,0,1,0
8350,F,1984,0,0,0
8351,M,1987,0,0,0
8352,F,1935,0,0,1
8353,M,1956,1,0,1
8354,M,1993,0,0,0
8355,F,1982,0,0,1
8356,M,1989,0,1,0
8357,M,2013,0,1,0
8358,M,1992,0,0,1
8359,M,1992,0,0,0
8360,F,1996,0,0,0
8361,F,1993,0,1,0
8362,M,1988,0,0,0
8363,M,1971,0,0,1
8364,F,1995,0,0,0
8365,M,1945,1,0,0
8366,M,2000,0,0,0
8367,F,1952,0,0,0
8368,F,1975,0,0,0
8369,M,2004,0,0,0
8370,F,1989,1,0,0
8371,M,1933,0,1,0
8372,F,2000,0,0,0
8373,F,1932,0,0,1
8374,M,1970,1,0,0
8375,M,1975,0,0,1
8376,M,1972,0,1,0
8377,M,1989,0,0,0
8378,F,2022,0,0,0
8379,F,1999,1,0,0
8380,F,1981,0,0,0
8381,F,1974,0,0,0
8382,M,1969,0,0,0
8383,F,1970,0,0,0
8384,M,1963,0,0,0
8385,M,1930,1,0,1
8386,F,1976,0,1,0
8387,M,1947,0,0,1
8388,M,1968,0,0,1
8389,F,1930,0,1,0
8390,M,1980,0,0,0
8391,F,1982,1,0,0
8392,F,1950,1,0,1
8393,F,1950,0,0,0
8394,F,1988,0,0,0
8395,F,1969,0,0,1
8396,M,1963,0,0,0
8397,F,1964,0,1,0
8398,M,1972,0,0,1
8399,F,2010,0,0,0
8400,M,1964,0,0,0
8401,M,1963,1,0,1
8402,F,1971,0,0,0
8403,F,1990,1,0,0
8404,M,1938,0,0,1
8405,F,1999,0,0,0
8406,M,1949,0,1,0
8407,M,2000,0,0,0
8408,F,1954,0,0,1
8409,M,1999,1,0,0
8410,M,1956,0,0,0
8411,M,1930,0,1,1
8412,M,1930,0,1,0
8413,M,1938,1,1,0
8414,F,1980,0,0,1
8415,M,1993,1,0,0
8416,M,2017,0,0,0
8417,M,1984,0,0,1
8418,M,1952,0,0,1
8419,M,1965,0,0,0
8420,F,1930,0,0,1
8421,M,1991,1,0,1
8422,F,1930,0,0,0
8423,F,1982,1,0,0
8424,M,2000,1,0,0
8425,M,1973,0,1,0
8426,M,1965,1,0,0
8427,F,1942,0,1,1
8428,M,1991,0,0,1
8429,F,1973,0,0,0
8430,M,1980,0,0,0
8431,F,1988,0,0,0
8432,F,1930,0,0,1
8433,F,1965,0,0,1
8434,M,2014,0,0,0
8435,F,1972,0,0,1
8436,M,2008,1,1,0
8437,F,1975,0,0,0
8438,M,2006,1,0,0
8439,M,1965,1,0,1
8440,M,2008,0,1,1
8441,F,1999,0,0,1
8442,F,1958,0,1,1
8443,F,1980,0,0,0
8444,F,2005,1,0,0
8445,F,1933,0,1,1
8446,M,1989,0,0,0
8447,F,1986,0,0,1
8448,M,1984,0,0,1
8449,F,1962,0,0,1
8450,M,1987,0,0,1
8451,M,1983,0,0,0
8452,F,1946,0,1,1
8453,M,1951,1,0,0
8454,F,1984,0,0,0
8455,F,1983,1,0,0
8456,M,2017,0,0,0
8457,F,1976,1,1,0
8458,F,1957,0,0,0
8459,F,1988,0,0,1
8460,F,1940,0,1,0
8461,F,2009,0,0,0
8462,F,1998,0,0,1
8463,M,1943,0,0,0
8464,F,1958,0,0,1
8465,F,2010,0,0,0
8466,F,2008,1,0,0
8467,F,1964,1,0,0
8468,F,1971,1,0,0
8469,F,1986,0,1,0
8470,M,1941,1,0,1
8471,M,1994,0,0,0
8472,M,2014,0,0,0
8473,F,1962,0,1,0
8474,M,1955,0,0,0
8475,M,1993,0,0,0
8476,F,2002,1,0,0
8477,F,2013,0,0,0
8478,M,1980,0,0,0
8479,M,1972,0,0,1
8480,F,1953,0,1,1
8481,F,1970,0,0,1
8482,F,1991,0,1,1
8483,M,1976,0,0,1
8484,M,1951,0,1,1
8485,M,1972,0,0,0
8486,M,1956,1,0,1
8487,M,2001,0,0,0
8488,F,1963,0,0,0
8489,M,1970,0,0,1
8490,F,1988,1,0,1
8491,F,1950,0,0,1
8492,F,1930,0,0,1
8493,F,2006,0,0,0
8494,F,2010,0,1,0
8495,F,1987,0,0,0
8496,F,1982,0,0,0
8497,M,1980,0,0,0
8498,M,1993,0,0,0
8499,M,2008,0,0,0
8500,F,1986,0,0,0
8501,F,1982,0,0,1
8502,M,1987,1,0,0
8503,F,1981,0,0,0
8504,F,1975,1,0,1
8505,F,1985,0,0,1
8506,F,1994,0,0,0
8507,M,1981,0,0,0
8508,F,1973,0,0,0
8509,M,1979,0,0,0
8510,M,1930,0,0,0
8511,M,1971,0,0,0
8512,M,1980,0,0,0
8513,F,1996,0,0,0
8514,F,1996,0,0,0
8515,M,1987,1,0,0
8516,F,1987,0,0,0
8517,F,1987,1,0,0
8518,M,1970,0,0,0
8519,M,1951,0,0,1
8520,M,1962,0,0,0
8521,M,1966,0,0,0
8522,M,1998,0,0,0
8523,F,1946,0,0,1
8524,M,1997,0,0,1
8525,M,1974,0,0,0
8526,F,1968,0,0,0
8527,M,1945,0,1,1
8528,M,1930,0,0,1
8529,M,1988,0,0,0
8530,M,1976,0,1,0
8531,F,1948,1,0,1
8532,F,1930,0,0,0
8533,F,1986,0,0,1
8534,M,1997,0,0,0
8535,F,2005,0,0,0
8536,F,2010,0,0,1
8537,M,1995,0,1,0
8538,F,1956,0,0,0
8539,F,1954,0,0,1
8540,M,1971,0,0,1
8541,F,1987,0,0,1
8542,F,1970,0,0,0
8543,M,1979,1,0,0
8544,M,1986,0,0,1
8545,F,1972,0,0,0
8546,F,1988,0,0,0
8547,M,1972,0,0,0
8548,M,1968,0,0,1
8549,F,1961,0,0,0
8550,F,2008,0,0,0
8551,M,1945,0,0,1
8552,F,1982,1,0,0
8553,F,1930,0,0,0
8554,M,1955,1,0,0
8555,F,1997,0,1,0
8556,F,1965,0,0,1
8557,F,1948,0,1,0
8558,M,1985,0,0,0
8559,M,1998,0,0,0
8560,M,2000,0,0,0
8561,F,2005,1,0,0
8562,F,2013,0,0,0
8563,M,1982,0,1,0
8564,M,2000,1,0,0
8565,F,1993,0,1,0
8566,M,1930,1,0,0
8567,M,1968,0,0,0
8568,M,1997,0,1,1
8569,M,1930,0,0,0
8570,F,1973,0,0,1
8571,F,2019,0,0,0
8572,M,1930,0,1,0
8573,M,1932,0,0,0
8574,M,1972,0,0,1
8575,F,1982,0,0,0
8576,M,1956,0,1,0
8577,F,1974,0,0,0
8578,M,1989,0,0,0
8579,M,1991,0,0,1
8580,M,1951,0,1,1
8581,M,1997,0,0,1
8582,M,1951,0,1,1
8583,F,1978,0,0,0
8584,F,2007,0,0,0
8585,F,1948,0,0,1
8586,F,1997,0,0,0
8587,M,1995,0,0,0
8588,M,1984,0,0,0
8589,M,1980,0,0,0
8590,F,1972,1,0,0
8591,F,1950,0,0,0
8592,F,1951,1,0,1
8593,F,1991,1,0,0
8594,F,1991,1,0,1
8595,F,1954,0,1,1
8596,F,2000,1,0,0
8597,F,1978,1,0,1
8598,M,1935,0,1,1
8599,F,1988,0,0,0
8600,M,2005,0,0,0
8601,M,1997,0,0,0
8602,M,1996,1,0,0
8603,M,1998,0,1,1
8604,F,1985,1,0,1
8605,F,1930,1,0,0
8606,M,1966,0,0,0
8607,M,1983,0,0,1
8608,M,1981,0,0,0
8609,M,1994,0,1,1
8610,F,1981,0,1,1
8611,M,1937,0,0,1
8612,M,1977,1,0,1
8613,M,1952,0,0,1
8614,M,1957,0,1,1
8615,F,1930,0,0,1
8616,M,1957,1,0,1
8617,M,1930,1,0,0
8618,M,1949,0,0,1
8619,F,1972,1,1,0
8620,F,1995,0,0,0
8621,F,1952,0,0,1
8622,F,1949,1,0,1
8623,F,1948,0,0,1
8624,M,2017,0,0,0
8625,M,1989,0,1,1
8626,M,1966,0,0,0
8627,F,1987,0,0,0
8628,M,1991,0,0,0
8629,M,1994,0,0,0
8630,F,2007,0,0,0
8631,F,1968,0,0,0
8632,M,1992,0,0,1
8633,M,1988,0,0,0
8634,F,1983,1,0,0
8635,M,1963,0,0,0
8636,F,1972,1,1,1
8637,F,1974,0,1,1
8638,F,2014,0,0,0
8639,M,1951,0,0,0
8640,M,1930,0,0,1
8641,M,1974,0,0,0
8642,M,2000,0,0,0
8643,F,1990,0,0,0
8644,M,1999,1,0,1
8645,F,1930,1,0,0
8646,F,1989,0,0,0
8647,M,1973,1,0,1
8648,M,1984,0,0,0
8649,M,1965,0,0,0
8650,F,1996,0,0,0
8651,M,1974,0,0,0
8652,F,1988,0,0,1
8653,F,1946,0,0,1
8654,M,2013,0,0,0
8655,M,1986,0,0,0
8656,F,1950,0,0,0
8657,F,1954,1,0,0
8658,F,2006,0,0,0
8659,F,1958,0,0,1
8660,M,1998,1,0,0
8661,M,1993,1,0,1
8662,M,1952,0,0,1
8663,M,1987,1,0,1
8664,F,2007,0,0,0
8665,F,2001,0,0,0
8666,M,1978,0,1,1
8667,M,1987,0,0,0
8668,M,1988,0,0,0
8669,F,1965,0,1,1
8670,M,1971,1,1,0
8671,M,1986,0,0,0
8672,M,1954,0,0,0
8673,F,1965,1,0,1
8674,F,1972,0,0,0
8675,M,1990,0,0,1
8676,M,1948,0,0,1
8677,F,1988,0,1,0
8678,M,1986,1,0,0
8679,F,1930,0,0,0
8680,F,1997,0,0,1
8681,M,1997,1,0,1
8682,M,1985,0,0,0
8683,M,2000,0,0,0
8684,M,2000,0,0,0
8685,M,1930,0,0,1
8686,F,1986,1,1,0
8687,F,1971,0,0,1
8688,M,2005,1,0,0
8689,M,1998,0,0,1
8690,F,1930,0,1,0
8691,F,2000,0,0,0
8692,F,1971,0,0,0
8693,M,2018,0,0,0
8694,F,2006,0,0,1
8695,M,1986,0,0,0
8696,M,1955,1,0,1
8697,F,1979,0,0,1
8698,M,1984,0,0,0
8699,M,1963,1,0,0
8700,M,1974,0,0,0
8701,M,2009,0,0,0
8702,F,1981,0,0,1
8703,M,1990,0,0,0
8704,M,1985,0,0,0
8705,M,1991,0,0,0
8706,M,1981,0,0,0
8707,M,1970,0,0,0
8708,F,2004,0,0,0
8709,M,1994,0,0,1
8710,F,1964,0,0,0
8711,M,1960,0,1,0
8712,F,1937,0,0,0
8713,F,1979,1,0,0
8714,M,1995,1,0,0
8715,F,1994,0,0,1
8716,F,1980,0,0,0
8717,M,1998,0,0,0
8718,M,1940,0,0,1
8719,M,1991,1,0,0
8720,M,1946,0,0,1
8721,F,2000,0,0,0
8722,F,1985,0,0,0
8723,M,1988,0,0,0
8724,M,2005,1,0,0
8725,M,1986,0,0,0
8726,F,1975,1,1,0
8727,M,2014,0,0,0
8728,F,1967,0,0,0
8729,M,1972,0,0,0
8730,F,1981,0,0,0
8731,F,1961,0,0,0
8732,M,1959,0,0,1
8733,M,1930,0,0,1
8734,M,2006,0,0,1
8735,F,1934,0,0,1
8736,F,1953,0,0,1
8737,F,1972,0,0,1
8738,M,2000,0,0,0
8739,F,1989,0,0,0
8740,F,1992,1,1,0
8741,M,1983,0,0,0
8742,M,1962,0,0,0
8743,M,1942,1,0,1
8744,M,1930,0,0,1
8745,M,1989,0,0,0
8746,M,1977,0,0,1
8747,F,1997,0,1,1
8748,M,1951,0,1,1
8749,M,1971,0,0,0
8750,M,1985,0,0,1
8751,M,2007,1,0,0
8752,F,1976,0,0,0
8753,M,1974,0,0,0
8754,F,2010,0,0,0
8755,M,2003,0,1,0
8756,M,1977,0,0,0
8757,M,1930,0,0,0
8758,M,1947,1,0,0
8759,M,1985,0,1,1
8760,M,1988,0,0,0
8761,F,1995,0,0,0
8762,F,1997,1,0,1
8763,M,1987,0,0,0
8764,M,1930,0,0,0
8765,F,1988,1,0,1
8766,M,1981,0,0,1
8767,M,2003,1,0,0
8768,F,1966,0,0,0
8769,M,1981,0,0,1
8770,M,1989,0,0,0
8771,F,1999,0,0,0
8772,M,1996,0,0,1
8773,M,1991,0,1,0
8774,F,1989,1,0,0
8775,M,2000,0,0,0
8776,F,1983,0,0,1
8777,F,1976,0,0,0
8778,F,1961,1,1,1
8779,F,1930,0,0,1
8780,M,2010,0,0,1
8781,F,1972,0,0,1
8782,M,1987,0,0,1
8783,F,2013,0,0,0
8784,F,1994,0,1,1
8785,M,2009,0,1,0
8786,F,1964,0,0,1
8787,M,1968,0,0,0
8788,F,1978,0,0,0
8789,F,1995,0,0,1
8790,M,1941,0,0,1
8791,F,2001,0,0,0
8792,M,1989,0,0,1
8793,M,1986,0,0,0
8794,M,1983,0,1,0
8795,F,1930,0,0,1
8796,M,1932,0,1,1
8797,M,1969,0,0,1
8798,M,1981,0,0,0
8799,F,1981,1,0,1
8800,M,1962,1,0,1
8801,M,1949,0,0,0
8802,M,2002,0,0,0
8803,M,1930,0,1,1
8804,M,1970,1,0,0
8805,M,1992,0,0,0
8806,F,1984,1,1,0
8807,M,1969,0,0,1
8808,F,1967,0,0,0
8809,M,1999,0,0,0
8810,M,1982,0,0,0
8811,M,1976,0,0,1
8812,M,1948,0,0,0
8813,F,1944,1,0,0
8814,F,2003,0,0,0
8815,F,1980,1,0,1
8816,F,1993,0,0,0
8817,M,1969,0,0,0
8818,F,1930,0,0,0
8819,M,1953,1,1,0
8820,M,1967,0,0,0
8821,F,1959,0,0,0
8822,F,1935,0,0,0
8823,F,1956,0,1,0
8824,F,2001,1,0,1
8825,M,1930,0,1,0
8826,M,1977,0,0,0
8827,M,1971,0,0,0
8828,F,1944,0,1,0
8829,F,1930,0,1,1
8830,M,1989,1,1,1
8831,M,1946,1,0,0
8832,F,1990,0,0,0
8833,F,1973,0,0,1
8834,M,2005,1,0,0
8835,M,1990,0,0,0
8836,M,1974,0,0,1
8837,M,1965,1,0,0
8838,F,1967,0,0,0
8839,M,1951,0,1,1
8840,F,1987,0,0,0
8841,F,1982,0,0,1
8842,F,1981,0,0,0
8843,F,1986,0,0,0
8844,F,1997,0,0,0
8845,F,1977,0,0,1
8846,M,1957,0,0,1
8847,M,1971,0,0,0
8848,F,1988,0,0,0
8849,F,1977,1,0,0
8850,F,1990,0,0,1
8851,F,1965,0,1,1
8852,M,1956,0,1,1
8853,F,1955,0,0,1
8854,M,1984,0,0,0
8855,M,1989,0,0,0
8856,F,1951,0,0,1
8857,F,1986,1,0,1
8858,F,1977,0,0,0
8859,M,1971,1,0,1
8860,M,1979,0,0,1
8861,M,1960,0,1,0
8862,F,2004,0,0,1
8863,F,1967,0,1,1
8864,M,1995,0,0,0
8865,F,1988,0,0,0
8866,M,1975,0,1,1
8867,M,2007,0,0,0
8868,M,1983,0,0,0
8869,F,1986,0,0,1
8870,M,1982,0,0,0
8871,M,1987,0,0,1
8872,F,1977,1,0,1
8873,M,1990,0,1,0
8874,F,1980,0,0,1
8875,M,1975,1,0,0
8876,F,1950,0,0,1
8877,M,1942,0,0,1
8878,M,2003,0,0,0
8879,M,1947,0,0,1
8880,F,1997,0,0,1
8881,F,1980,0,0,1
8882,F,2006,0,0,0
8883,M,2011,0,1,0
8884,F,1930,0,0,1
8885,M,1979,0,0,0
8886,M,1984,0,0,0
8887,F,1972,1,0,0
8888,F,1984,0,0,1
8889,F,1957,0,1,1
8890,M,1973,0,0,1
8891,M,1962,0,1,1
8892,F,1995,0,0,0
8893,F,2005,0,0,1
8894,M,1953,0,0,1
8895,M,1971,0,1,1
8896,M,2001,0,0,0
8897,M,2001,0,0,1
8898,F,1976,0,0,0
8899,F,1964,1,0,1
8900,F,1997,0,0,0
8901,M,1933,0,1,1
8902,F,1960,0,1,0
8903,F,1950,0,0,1
8904,F,1977,0,0,0
8905,M,1979,0,0,1
8906,M,2002,0,0,0
8907,M,1994,0,0,1
8908,M,1982,0,0,0
8909,M,1970,0,0,0
8910,F,1975,0,0,0
8911,M,2010,0,1,0
8912,M,1998,0,0,0
8913,F,1973,0,0,0
8914,M,1969,1,1,1
8915,M,1988,1,1,1
8916,M,1963,1,1,1
8917,M,1964,0,0,0
8918,F,1930,0,1,1
8919,M,1979,0,1,1
8920,M,1989,0,0,0
8921,F,1997,0,0,0
8922,F,2004,0,0,0
8923,M,1965,0,0,1
8924,M,1968,0,0,0
8925,M,2002,0,1,0
8926,F,1965,0,0,0
8927,M,1976,0,0,0
8928,M,1986,0,0,0
8929,F,2011,0,0,0
8930,F,1968,0,0,0
8931,F,1930,0,0,1
8932,F,1995,0,0,0
8933,M,1976,1,0,0
8934,F,1966,0,0,1
8935,F,2014,0,0,0
8936,F,1998,1,1,0
8937,F,2006,1,1,0
8938,F,1930,0,0,1
8939,M,2015,0,0,0
8940,M,1986,0,0,0
8941,F,1973,1,1,1
8942,F,1995,0,0,0
8943,F,2013,0,0,0
8944,F,1985,0,0,0
8945,M,1995,0,0,0
8946,M,1970,0,0,1
8947,F,1960,0,1,1
8948,M,2002,0,0,0
8949,F,1994,1,0,0
8950,M,1993,0,0,0
8951,M,1960,0,0,1
8952,M,1978,0,0,1
8953,M,2002,0,0,0
8954,M,1950,1,1,1
8955,F,1995,0,1,0
8956,F,1991,0,0,1
8957,M,1999,0,1,0
8958,F,1977,0,0,0
8959,F,1988,1,0,1
8960,M,1939,0,1,1
8961,F,1978,0,1,0
8962,M,1998,0,0,0
8963,F,1981,1,0,1
8964,M,1933,0,1,0
8965,M,2003,0,1,0
8966,M,1968,1,0,0
8967,M,2011,0,0,0
8968,F,1942,0,0,0
8969,F,1990,0,0,0
8970,M,1998,0,1,1
8971,M,1936,0,1,1
8972,M,1982,0,1,0
8973,F,1981,1,0,0
8974,M,1990,0,0,0
8975,M,1989,0,0,1
8976,F,2011,0,0,0
8977,F,1969,0,0,0
8978,M,2006,0,0,0
8979,M,1955,0,0,1
8980,F,2001,0,0,0
8981,M,1979,0,0,1
8982,M,1993,0,1,0
8983,F,1990,0,1,0
8984,M,1986,0,0,0
8985,F,1973,0,1,0
8986,F,1937,0,0,1
8987,F,1991,0,0,1
8988,F,2013,0,0,1
8989,F,1947,0,1,1
8990,F,1965,0,0,1
8991,F,2001,1,0,0
8992,M,2004,0,0,0
8993,F,1972,0,1,1
8994,F,1977,0,0,1
8995,F,1930,0,0,1
8996,F,1969,0,1,0
8997,M,1994,1,1,1
8998,M,1998,0,0,0
8999,M,1980,0,0,1
9000,F,2011,0,0,0
9001,F,2008,1,0,0
9002,F,2003,0,0,0
9003,M,1995,0,0,1
9004,M,1983,0,0,0
9005,M,1967,0,0,1
9006,M,1944,1,0,1
9007,M,1952,0,0,1
9008,M,1958,0,0,1
9009,F,1991,0,0,0
9010,M,1998,0,0,0
9011,F,1973,1,1,0
9012,M,1971,0,0,0
9013,M,2002,0,0,0
9014,M,1987,1,0,0
9015,F,1999,1,0,0
9016,M,2008,0,0,0
9017,F,1975,0,0,1
9018,F,1958,0,0,1
9019,M,1931,0,1,1
9020,F,1985,0,0,0
9021,M,2010,0,0,0
9022,M,1930,0,1,1
9023,M,1930,1,0,1
9024,F,1930,1,0,0
9025,M,1930,1,0,1
9026,M,1976,0,0,0
9027,M,1981,0,1,0
9028,F,1962,1,0,0
9029,M,2006,0,0,0
9030,M,1996,0,0,1
9031,M,1985,0,0,1
9032,M,1951,0,0,1
9033,M,1949,0,0,1
9034,F,1984,0,0,0
9035,M,2005,1,0,0
9036,F,1959,0,0,0
9037,F,2006,1,0,1
9038,F,1993,0,0,1
9039,M,1976,0,1,1
9040,M,2007,1,0,0
9041,F,1997,1,0,0
9042,F,1954,0,0,1
9043,M,1962,0,0,0
9044,M,2003,0,0,0
9045,M,1973,0,0,0
9046,F,2010,0,0,0
9047,M,1965,0,0,0
9048,M,1995,0,0,0
9049,M,1986,0,0,0
9050,F,1979,0,0,1
9051,F,2003,0,0,0
9052,F,1996,0,0,0
9053,M,1930,0,0,0
9054,M,1988,0,0,1
9055,M,1978,0,0,1
9056,M,1977,0,0,0
9057,F,1943,0,0,1
9058,F,1960,0,0,0
9059,F,2020,0,0,0
9060,M,2002,0,0,0
9061,M,1938,0,0,1
9062,F,1930,0,0,0
9063,M,2002,0,0,0
9064,M,1989,0,0,0
9065,M,1984,0,0,1
9066,M,1988,0,0,0
9067,F,1965,1,0,1
9068,M,1986,0,0,0
9069,F,1992,0,1,0
9070,M,1964,0,0,0
9071,M,2013,0,0,0
9072,M,1976,0,0,1
9073,M,1969,0,0,1
9074,F,1941,0,0,0
9075,F,1980,0,0,0
9076,M,2010,0,0,0
9077,M,1978,0,0,0
9078,F,2010,0,0,0
9079,M,1972,0,0,1
9080,M,1948,1,0,0
9081,F,1983,0,0,0
9082,F,1986,0,0,0
9083,M,1961,0,0,0
9084,M,1973,0,0,1
9085,F,1963,0,1,0
9086,M,1930,0,0,0
9087,F,1991,0,0,0
9088,F,1970,1,1,0
9089,M,1937,0,0,0
9090,F,1937,0,0,0
9091,F,1967,0,0,0
9092,M,1987,0,0,0
9093,F,1963,0,0,0
9094,F,1963,0,0,0
9095,M,1957,0,0,0
9096,M,2001,1,0,0
9097,F,1930,0,0,1
9098,M,1937,1,0,0
9099,F,1982,1,0,0
9100,F,1942,0,0,1
9101,M,1984,0,1,0
9102,F,1932,1,1,0
9103,M,1978,0,0,1
9104,F,1998,0,0,0
9105,F,1930,0,0,0
9106,F,1959,0,0,0
9107,F,1985,0,0,0
9108,F,1930,0,0,0
9109,F,1963,0,0,0
9110,F,1988,1,0,1
9111,M,1930,0,0,0
9112,M,1958,0,1,1
9113,F,1972,0,0,0
9114,F,1980,0,0,1
9115,F,1999,0,0,0
9116,M,2016,0,0,0
9117,M,1961,1,0,0
9118,F,2002,0,0,0
9119,M,1999,0,0,0
9120,M,1984,0,1,1
9121,F,1984,0,0,1
9122,F,1997,0,0,0
9123,M,1961,0,0,0
9124,M,2009,0,0,0
9125,M,1962,0,1,0
9126,M,1987,0,0,1
9127,F,1998,0,0,0
9128,F,2008,1,0,1
9129,M,1976,0,0,1
9130,F,2003,0,1,0
9131,F,2005,0,0,0
9132,M,1938,0,1,0
9133,M,2006,1,0,1
9134,F,2009,0,0,1
9135,M,1964,0,0,0
9136,F,1974,0,0,1
9137,M,1993,0,0,0
9138,M,2000,0,0,0
9139,F,1996,1,0,0
9140,F,1992,0,0,1
9141,F,1968,0,1,0
9142,M,1975,1,1,0
9143,M,1989,1,0,1
9144,F,1989,1,0,1
9145,F,1963,1,0,0
9146,F,1998,0,1,1
9147,M,2008,0,0,0
9148,F,1943,0,0,1
9149,M,1989,0,0,0
9150,F,1930,0,1,1
9151,M,1992,0,0,0
9152,F,1981,0,0,1
9153,F,1999,0,0,1
9154,M,1975,0,0,0
9155,F,1989,0,0,1
9156,M,1986,0,0,0
9157,F,1979,0,0,1
9158,M,1991,0,0,0
9159,F,1976,1,0,0
9160,F,1995,0,0,0
9161,M,1977,0,0,0
9162,M,2010,0,0,0
9163,F,2006,0,0,0
9164,F,1999,1,0,0
9165,F,2004,0,0,0
9166,F,2003,1,0,0
9167,F,1970,0,0,1
9168,F,1988,0,1,0
9169,F,1991,0,0,0
9170,F,1976,0,0,0
9171,F,1974,0,0,0
9172,M,1993,0,0,0
9173,M,1953,0,1,0
9174,M,1987,0,0,1
9175,M,1967,0,0,0
9176,M,1995,0,0,0
9177,M,1977,0,0,0
9178,F,1964,0,0,0
9179,F,1968,1,0,1
9180,F,1970,0,0,0
9181,F,1996,0,0,0
9182,M,2004,0,0,0
9183,M,2006,0,0,0
9184,M,1992,0,0,0
9185,M,1993,0,0,0
9186,M,1973,0,1,0
9187,F,1982,0,0,0
9188,M,2005,0,0,0
9189,F,1959,0,0,0
9190,F,1978,0,0,1
9191,F,1997,0,0,0
9192,M,1995,0,0,0
9193,F,1943,1,1,0
9194,M,2004,0,0,0
9195,F,1941,0,0,0
9196,F,1989,0,0,0
9197,M,1987,1,0,0
9198,F,1975,0,0,0
9199,F,2009,0,0,1
9200,M,1978,1,1,0
9201,M,1965,1,0,1
9202,M,1993,0,0,0
9203,M,1984,1,0,0
9204,M,1930,1,0,0
9205,F,1961,0,0,1
9206,F,2000,0,0,0
9207,F,1994,0,0,0
9208,M,1989,0,0,0
9209,M,1959,0,1,1
9210,M,2000,1,0,0
9211,F,1968,1,0,0
9212,M,1967,1,0,1
9213,F,1983,0,1,0
9214,M,1958,1,0,1
9215,F,1999,0,0,0
9216,M,1951,1,1,0
9217,F,2011,0,0,0
9218,F,2000,0,0,0
9219,F,2010,0,0,0
9220,M,1998,0,0,0
9221,M,1967,0,1,1
9222,M,1974,0,0,0
9223,M,1978,0,0,0
9224,M,1998,0,0,0
9225,F,1984,1,0,1
9226,M,1951,0,0,1
9227,M,1998,0,0,0
9228,F,1997,0,0,0
9229,M,1996,0,0,0
9230,M,1980,0,0,0
9231,M,1969,0,1,0
9232,F,1963,0,0,0
9233,M,1989,0,0,1
9234,M,1991,0,0,0
9235,F,1994,0,0,1
9236,M,1971,1,0,0
9237,M,2008,1,0,1
9238,M,1987,0,1,0
9239,M,1987,1,0,0
9240,M,1967,0,0,1
9241,M,2005,0,0,0
9242,F,1965,1,0,1
9243,M,1973,0,0,0
9244,F,1930,0,0,1
9245,F,1938,0,0,1
9246,M,1954,1,0,0
9247,F,2013,0,0,0
9248,F,2004,0,0,0
9249,M,1958,1,0,0
9250,F,1987,0,0,0
9251,M,1938,0,0,1
9252,M,1982,0,0,1
9253,M,1968,0,0,0
9254,F,1970,0,0,0
9255,F,1983,0,0,0
9256,F,1957,0,1,0
9257,F,1966,0,0,1
9258,M,2003,0,0,0
9259,M,1930,0,0,1
9260,F,2004,1,0,0
9261,M,1997,0,1,0
9262,F,1968,0,0,0
9263,F,1974,0,0,0
9264,M,1963,0,0,1
9265,M,1988,0,0,0
9266,M,1972,0,1,0
9267,M,1996,0,0,0
9268,F,1982,0,0,0
9269,F,1943,1,0,0
9270,F,2004,0,0,0
9271,M,1955,0,0,0
9272,M,1986,0,0,0
9273,F,1999,1,0,0
9274,F,1998,0,0,0
9275,F,1987,0,1,1
9276,M,1954,0,0,0
9277,F,1972,1,0,0
9278,F,2005,0,0,0
9279,F,1957,0,0,1
9280,M,1963,0,0,0
9281,M,2011,0,0,0
9282,F,2000,0,0,0
9283,F,1950,0,0,0
9284,F,1983,0,0,0
9285,F,1957,0,0,1
9286,M,2015,0,0,0
9287,F,2018,0,0,0
9288,M,1966,0,0,1
9289,F,1994,1,0,0
9290,F,1965,0,0,0
9291,M,1957,0,0,1
9292,M,1994,0,0,0
9293,F,1985,0,0,0
9294,F,1989,0,0,0
9295,M,1994,0,0,1
9296,F,1977,0,1,0
9297,F,1960,0,0,0
9298,M,1997,0,0,0
9299,M,1997,0,0,0
9300,M,1994,0,1,0
9301,M,1968,1,1,0
9302,F,1957,0,1,0
9303,F,1990,0,0,0
9304,F,2013,0,0,0
9305,F,2002,0,0,0
9306,M,1991,0,0,0
9307,F,1999,0,0,1
9308,F,2005,0,0,0
9309,F,1982,0,0,1
9310,F,1930,0,0,1
9311,F,2001,0,0,0
9312,M,1977,0,0,1
9313,M,1970,1,0,0
9314,M,1968,0,0,1
9315,M,1984,0,0,0
9316,M,2005,0,0,0
9317,F,1961,0,0,0
9318,F,2009,0,0,0
9319,F,1986,0,0,1
9320,F,1988,0,0,0
9321,F,2004,1,0,0
9322,F,1994,0,0,0
9323,M,1969,0,0,1
9324,F,1986,1,0,1
9325,F,2007,0,0,1
9326,M,1964,0,0,1
9327,M,1930,0,0,1
9328,M,2006,1,0,0
9329,M,1984,0,0,0
9330,F,1984,0,0,0
9331,F,2006,0,0,0
9332,F,1949,0,0,1
9333,M,1983,1,0,0
9334,F,1960,0,1,0
9335,M,1976,0,0,1
9336,F,1950,0,0,1
9337,F,1976,0,0,1
9338,F,1992,0,0,0
9339,F,1971,0,0,1
9340,M,1998,0,0,0
9341,F,1968,0,0,0
9342,M,2001,0,0,0
9343,F,1985,0,1,0
9344,F,1989,0,0,1
9345,M,1978,0,0,1
9346,M,1944,1,1,0
9347,F,1994,1,0,0
9348,M,1962,0,1,1
9349,M,1949,0,0,1
9350,F,1963,0,0,1
9351,F,1978,0,0,0
9352,M,1979,0,0,0
9353,M,1995,0,0,0
9354,F,2009,0,0,0
9355,M,1982,0,0,0
9356,F,1946,0,1,0
9357,F,1940,0,0,1
9358,F,2007,1,1,0
9359,M,1941,1,0,0
9360,M,1969,0,0,1
9361,M,1973,0,0,0
9362,F,1946,1,0,0
9363,M,1957,0,0,0
9364,M,2001,0,0,0
9365,M,1997,0,0,0
9366,M,2010,0,0,0
9367,M,1974,0,0,1
9368,M,2000,1,0,0
9369,F,1993,0,0,0
9370,M,1951,0,0,0
9371,F,1970,0,0,1
9372,M,1970,1,0,0
9373,M,1930,0,1,1
9374,M,2020,0,0,1
9375,M,1999,0,0,0
9376,M,1989,0,0,0
9377,F,1998,1,0,0
9378,F,1960,0,0,0
9379,F,1987,0,0,0
9380,M,2003,0,0,0
9381,F,1976,1,0,0
9382,F,1972,0,0,0
9383,M,2002,0,0,0
9384,M,1986,1,0,0
9385,F,1971,0,0,0
9386,F,1949,0,0,0
9387,F,1996,0,0,0
9388,F,1968,0,0,1
9389,F,1994,0,0,0
9390,F,1981,1,0,0
9391,F,2000,0,0,0
9392,F,1969,1,0,0
9393,M,1955,0,0,0
9394,M,1985,0,0,1
9395,F,1988,0,0,0
9396,F,1990,1,0,1
9397,F,2004,0,0,0
9398,M,1963,0,0,0
9399,M,1950,1,0,0
9400,M,1997,0,1,0
9401,F,1977,0,0,0
9402,M,1970,1,1,0
9403,M,1994,0,0,0
9404,F,1940,0,0,1
9405,M,1977,1,0,1
9406,F,2007,0,0,0
9407,M,1953,0,1,0
9408,F,2016,0,0,0
9409,F,1984,1,0,0
9410,M,1991,0,0,1
9411,F,1966,0,0,0
9412,F,1993,0,0,1
9413,F,1943,0,1,0
9414,F,1952,1,0,1
9415,M,1937,0,0,1
9416,M,1930,1,1,1
9417,F,1970,0,0,1
9418,M,1982,0,0,1
9419,M,1994,0,0,1
9420,F,1967,1,1,1
9421,F,1930,0,0,0
9422,M,2008,0,0,0
9423,F,2004,0,0,0
9424,F,1975,0,1,1
9425,F,2007,0,0,0
9426,M,2008,0,1,0
9427,M,1948,0,1,0
9428,M,1954,0,1,0
9429,M,1995,0,0,0
9430,M,2002,1,0,0
9431,M,1936,0,0,0
9432,M,2001,0,0,1
9433,M,2005,0,0,1
9434,F,2000,0,1,0
9435,M,1972,1,1,0
9436,F,1930,0,0,1
9437,M,1994,1,0,0
9438,M,1949,0,1,1
9439,F,1979,0,0,0
9440,F,2013,0,0,0
9441,M,1993,0,0,0
9442,F,1954,0,0,0
9443,M,1956,0,1,0
9444,F,1996,0,0,1
9445,M,1964,0,1,1
9446,F,1985,0,0,0
9447,F,1973,0,0,1
9448,M,1947,1,1,0
9449,M,1995,0,0,0
9450,F,1990,0,0,0
9451,F,1946,0,0,0
9452,F,1930,0,0,1
9453,M,1958,0,0,0
9454,M,1975,0,1,1
9455,F,1959,0,0,0
9456,F,1993,0,0,0
9457,F,1981,0,0,1
9458,F,2008,0,0,0
9459,F,1993,0,0,0
9460,M,1972,0,1,0
9461,M,1977,1,0,0
9462,M,2015,0,0,0
9463,F,1987,0,0,0
9464,F,1978,0,0,1
9465,M,1977,1,1,1
9466,M,2005,0,0,0
9467,F,1963,0,0,1
9468,M,1930,0,0,0
9469,F,1959,0,0,1
9470,F,1981,0,0,0
9471,F,1935,0,0,1
9472,M,1993,0,0,0
9473,M,1967,0,0,1
9474,M,1983,0,0,1
9475,M,1934,0,0,0
9476,M,2000,0,0,0
9477,M,2000,1,0,0
9478,M,1945,0,0,0
9479,F,1969,0,0,0
9480,M,1942,0,0,0
9481,M,1998,1,0,0
9482,M,1996,0,0,0
9483,F,1974,0,0,0
9484,F,2007,0,0,1
9485,F,1976,0,0,1
9486,M,1991,0,0,0
9487,F,1983,0,0,0
9488,M,1963,0,0,1
9489,M,1961,1,0,0
9490,M,1930,1,0,1
9491,F,1951,0,0,0
9492,F,2012,0,0,0
9493,M,1999,0,0,1
9494,M,1997,0,0,0
9495,F,1955,0,0,0
9496,M,1933,0,0,0
9497,F,2004,0,0,0
9498,M,1954,1,0,1
9499,F,1981,0,1,0
9500,F,2013,0,0,0
9501,M,1984,0,0,0
9502,F,1994,0,0,0
9503,F,1987,0,0,1
9504,M,1976,0,0,0
9505,M,1992,0,0,0
9506,M,1971,0,0,0
9507,F,1984,0,0,1
9508,M,1986,0,0,0
9509,F,1965,0,1,0
9510,F,1973,0,0,1
9511,M,2015,0,0,1
9512,M,1969,0,0,0
9513,F,1975,1,1,0
9514,M,1949,1,0,0
9515,M,1974,1,1,0
9516,M,1988,0,0,0
9517,F,1994,1,0,0
9518,F,2009,0,0,0
9519,M,1981,0,0,0
9520,F,1997,0,0,0
9521,M,1943,0,0,0
9522,F,1980,0,0,1
9523,M,2001,0,0,0
9524,F,2012,0,0,0
9525,M,2009,0,0,0
9526,F,1972,0,0,1
9527,M,1938,0,0,1
9528,M,1966,0,0,0
9529,F,1983,0,0,0
9530,M,1930,0,0,1
9531,M,1959,0,0,0
9532,M,1973,0,0,1
9533,F,1989,0,0,0
9534,F,1936,0,1,0
9535,M,1987,0,0,1
9536,F,1997,0,0,1
9537,M,1983,0,0,0
9538,F,1978,0,0,1
9539,F,1957,0,0,0
9540,F,1998,0,1,1
9541,M,1995,0,0,0
9542,M,1994,1,0,0
9543,F,1984,0,1,1
9544,F,2001,0,0,0
9545,F,1943,0,0,0
9546,M,2008,1,0,0
9547,F,1935,0,1,0
9548,F,1960,0,0,0
9549,F,1998,0,0,0
9550,M,1985,0,0,0
9551,M,1996,0,0,1
9552,M,1959,0,0,1
9553,M,1939,0,1,1
9554,F,1930,0,1,1
9555,F,1968,0,0,0
9556,M,2008,0,0,0
9557,M,2000,0,0,1
9558,M,1969,0,1,0
9559,M,1985,1,0,1
9560,F,1960,1,0,1
9561,F,1973,0,0,1
9562,F,1998,0,0,0
9563,M,1988,0,0,0
9564,F,1959,0,0,0
9565,F,1971,0,0,0
9566,M,1960,0,0,1
9567,M,2005,0,0,0
9568,M,1997,1,0,1
9569,M,1946,0,0,0
9570,F,2004,1,0,1
9571,F,1962,0,0,1
9572,M,2006,0,0,0
9573,F,1978,0,1,1
9574,M,1991,0,1,0
9575,M,1998,0,0,0
9576,M,1976,0,0,1
9577,M,1948,0,0,0
9578,M,1995,0,0,1
9579,F,2013,0,0,0
9580,F,1984,0,0,0
9581,M,1999,0,0,0
9582,F,1958,0,0,0
9583,M,1991,0,0,0
9584,M,1994,0,0,0
9585,F,1989,0,0,0
9586,F,1948,0,0,0
9587,F,1970,1,0,0
9588,M,2001,0,1,0
9589,M,2005,0,0,0
9590,M,1935,0,0,0
9591,M,1995,1,0,0
9592,F,1947,1,0,1
9593,F,1985,0,0,1
9594,M,1997,0,0,0
9595,F,1996,0,0,0
9596,M,1984,1,1,0
9597,M,2014,0,0,0
9598,M,1996,0,0,1
9599,M,1930,0,1,0
9600,M,1930,0,0,1
9601,M,1995,0,0,0
9602,M,1964,0,1,1
9603,M,1971,0,0,1
9604,M,2003,0,1,0
9605,M,1963,0,1,0
9606,M,1989,0,0,1
9607,M,1979,0,0,0
9608,M,1957,0,0,1
9609,F,1988,1,0,0
9610,M,1988,0,0,0
9611,M,1967,0,0,1
9612,M,1946,0,0,1
9613,F,1968,0,1,1
9614,F,1987,0,0,0
9615,M,1950,0,0,1
9616,F,1972,0,0,0
9617,F,1937,1,0,1
9618,F,1930,0,1,0
9619,F,1969,1,0,0
9620,F,1941,1,1,1
9621,M,1939,0,0,1
9622,F,1983,0,0,0
9623,F,1939,1,0,1
9624,M,1978,0,0,0
9625,F,1960,0,0,0
9626,F,1981,0,0,0
9627,M,2007,0,0,1
9628,F,1930,0,1,1
9629,F,1961,0,0,1
9630,F,1959,0,0,1
9631,F,1976,0,0,1
9632,M,1940,0,0,0
9633,F,2019,0,0,0
9634,F,1983,0,0,0
9635,F,1982,0,0,0
9636,F,2001,0,0,0
9637,F,1973,0,0,1
9638,M,1942,0,1,1
9639,F,1983,0,1,0
9640,F,2003,1,0,0
9641,M,1951,0,0,1
9642,M,1966,0,1,0
9643,F,1930,1,0,1
9644,F,1996,0,0,1
9645,M,1961,0,0,1
9646,F,2003,0,0,0
9647,M,1980,0,0,1
9648,F,1975,1,0,0
9649,F,2008,0,0,0
9650,M,1945,0,1,1
9651,M,1956,0,1,0
9652,M,1966,0,0,1
9653,F,2002,0,0,1
9654,M,1994,1,1,0
9655,M,1952,0,0,1
9656,F,1980,0,0,1
9657,M,1985,0,0,0
9658,F,1941,1,0,0
9659,M,1976,1,0,1
9660,M,2001,1,1,1
9661,F,1952,0,0,1
9662,M,2003,1,1,1
9663,F,1980,0,0,0
9664,F,1973,0,0,0
9665,F,1960,1,0,0
9666,M,2006,0,0,0
9667,F,2015,0,1,1
9668,M,2015,0,0,0
9669,F,1935,0,0,1
9670,F,2008,1,0,0
9671,F,1930,1,0,1
9672,F,1948,1,0,0
9673,M,1999,0,0,0
9674,M,2013,0,0,0
9675,M,1978,0,0,1
9676,M,1991,1,0,0
9677,M,1940,0,0,1
9678,F,1973,0,0,0
9679,M,1980,0,0,0
9680,M,1985,1,1,1
9681,M,1960,0,0,0
9682,M,1982,0,0,0
9683,M,1930,0,1,0
9684,M,2008,1,0,0
9685,M,1987,0,0,1
9686,M,1965,0,0,1
9687,M,1969,0,0,0
9688,F,1930,0,0,0
9689,F,1995,0,1,0
9690,F,2018,0,0,0
9691,M,1951,0,0,1
9692,F,1974,0,0,1
9693,F,1951,0,1,1
9694,F,1970,1,0,1
9695,M,2016,0,0,0
9696,F,1969,0,0,1
9697,M,1995,1,0,0
9698,F,1987,0,0,0
9699,M,1983,0,0,0
9700,F,2003,0,0,0
9701,M,1996,1,0,0
9702,M,1958,0,0,0
9703,F,1958,0,0,0
9704,M,2010,0,0,1
9705,M,1974,1,0,0
9706,M,1954,1,0,1
9707,M,1977,0,0,1
9708,F,1972,0,0,0
9709,F,2009,0,0,0
9710,F,1942,0,0,0
9711,M,2002,1,1,1
9712,M,1988,0,0,0
9713,F,1954,0,0,1
9714,M,1930,0,0,1
9715,F,1987,0,0,1
9716,M,1930,0,0,1
9717,F,1976,0,0,0
9718,M,1979,1,1,1
9719,F,2000,1,0,0
9720,F,1988,0,0,0
9721,M,1973,0,0,0
9722,F,1965,1,0,0
9723,F,1966,0,0,0
9724,F,1990,0,1,0
9725,F,1936,0,0,1
9726,F,1978,0,0,1
9727,M,1980,0,0,0
9728,F,2001,0,1,0
9729,M,1961,0,0,0
9730,F,1981,0,1,1
9731,M,1986,0,1,1
9732,M,2005,0,0,1
9733,M,2005,0,0,0
9734,F,1971,1,0,1
9735,F,1930,0,0,1
9736,M,1985,0,0,1
9737,M,1985,0,0,1
9738,F,1961,0,0,1
9739,F,1943,0,0,0
9740,M,1992,0,0,0
9741,M,2001,1,0,0
9742,F,1982,0,0,1
9743,F,1966,0,0,1
9744,F,2015,0,0,0
9745,M,1989,0,0,0
9746,M,1984,0,0,0
9747,M,1987,0,0,1
9748,M,2006,0,0,0
9749,F,1989,0,0,0
9750,F,1984,1,0,0
9751,M,1998,1,0,0
9752,M,1973,0,0,1
9753,F,1956,0,1,0
9754,M,1955,0,1,1
9755,M,1994,0,0,0
9756,M,1967,0,0,1
9757,F,1970,0,0,0
9758,M,1930,0,0,0
9759,F,1967,0,0,0
9760,M,1965,0,0,0
9761,M,1949,0,1,0
9762,F,2004,1,0,0
9763,M,1979,1,1,1
9764,M,1930,0,1,1
9765,F,1930,0,1,1
9766,M,1989,0,0,0
9767,M,1930,1,0,1
9768,M,1986,0,0,0
9769,M,1972,1,0,0
9770,M,2008,0,0,0
9771,M,1938,0,0,1
9772,M,1987,0,0,0
9773,M,2006,0,0,0
9774,F,1983,0,1,0
9775,M,2017,0,0,0
9776,M,1962,0,0,0
9777,M,1946,0,1,1
9778,M,2000,0,0,0
9779,M,2001,0,1,1
9780,F,1965,1,0,0
9781,F,1961,1,1,0
9782,M,1994,0,0,0
9783,F,1998,0,0,0
9784,M,1953,0,1,0
9785,F,2007,0,0,0
9786,M,1990,0,0,0
9787,M,1998,0,0,0
9788,M,1965,0,0,0
9789,F,1997,0,0,0
9790,M,1930,0,1,1
9791,F,1948,0,0,1
9792,M,1991,0,0,0
9793,F,1971,1,0,1
9794,F,1997,0,0,1
9795,F,1976,0,0,0
9796,F,1995,0,0,1
9797,F,2001,0,0,0
9798,M,1961,0,0,0
9799,M,1997,0,0,0
9800,M,1997,0,1,0
9801,M,1978,0,0,0
9802,M,1974,1,0,0
9803,F,2002,0,0,1
9804,F,1968,1,0,1
9805,F,1996,1,0,0
9806,M,2005,1,0,0
9807,M,1988,0,1,0
9808,F,1988,0,0,0
9809,M,1970,1,0,0
9810,M,1930,0,0,1
9811,F,1979,0,0,1
9812,M,1966,0,1,0
9813,F,2009,0,0,0
9814,M,1946,1,1,1
9815,M,1984,0,0,0
9816,M,2004,0,0,0
9817,F,1948,1,0,1
9818,F,1983,0,0,0
9819,M,1954,1,0,0
9820,M,1930,1,0,0
9821,M,2007,0,0,0
9822,M,1997,1,0,0
9823,F,1960,0,1,1
9824,M,1982,1,1,0
9825,M,2016,0,0,0
9826,F,1990,0,0,1
9827,F,1987,0,0,1
9828,F,1983,0,1,0
9829,M,1997,0,0,0
9830,M,1936,0,0,1
9831,M,2009,0,0,0
9832,M,1972,1,1,0
9833,M,1993,0,0,0
9834,F,1995,0,0,0
9835,F,1942,0,0,1
9836,F,1988,1,1,0
9837,M,1972,0,0,1
9838,M,1958,0,0,0
9839,M,1981,0,1,1
9840,M,1941,0,1,1
9841,M,2006,0,0,0
9842,F,1970,0,0,0
9843,F,1930,0,0,1
9844,F,1973,1,0,0
9845,M,2011,0,0,0
9846,M,1969,0,0,1
9847,M,1934,0,1,0
9848,F,1990,0,1,0
9849,M,1990,0,0,0
9850,M,1962,0,1,0
9851,M,1968,1,0,1
9852,M,1980,0,1,1
9853,F,1996,0,0,0
9854,F,1992,0,0,0
9855,M,2001,0,0,0
9856,F,2012,0,0,0
9857,M,1946,0,0,0
9858,M,1960,0,0,1
9859,M,1963,0,0,0
9860,F,1964,0,0,1
9861,F,1986,1,0,0
9862,M,1989,0,0,0
9863,F,2004,0,1,0
9864,M,1957,0,0,0
9865,F,1930,0,0,0
9866,F,1970,0,0,1
9867,F,1952,0,0,1
9868,M,1952,0,0,0
9869,M,1931,0,0,1
9870,F,1998,0,0,1
9871,F,2008,0,0,1
9872,F,1976,0,1,0
9873,M,1984,0,0,1
9874,F,1930,0,0,1
9875,F,2001,0,0,0
9876,M,1930,1,1,1
9877,M,1984,0,0,0
9878,M,2002,0,0,1
9879,F,1930,0,0,1
9880,F,1998,0,0,1
9881,M,1952,0,0,0
9882,M,1975,0,1,0
9883,M,1930,1,0,1
9884,F,1944,0,0,1
9885,F,1984,0,0,1
9886,M,1930,0,0,0
9887,M,1967,0,1,1
9888,F,1979,1,0,0
9889,M,1976,0,0,1
9890,M,1950,0,0,1
9891,F,1985,0,0,0
9892,F,1991,0,1,0
9893,F,1996,1,1,0
9894,M,1971,0,0,1
9895,F,1995,0,0,0
9896,F,1950,0,0,0
9897,M,1986,0,1,0
9898,M,1964,0,0,0
9899,F,1941,0,1,1
9900,F,1930,0,1,0
9901,M,1974,0,0,0
9902,M,2013,0,0,0
9903,F,2013,0,0,0
9904,M,1951,1,0,0
9905,M,1999,0,0,0
9906,M,1987,0,0,0
9907,M,1945,0,0,1
9908,M,1991,0,0,0
9909,F,2004,1,0,0
9910,F,1986,0,0,1
9911,M,1958,1,0,0
9912,F,1992,1,0,0
9913,F,1963,0,1,0
9914,F,2004,0,0,0
9915,M,1996,1,1,0
9916,F,1986,0,0,1
9917,F,1940,1,0,0
9918,M,1989,0,0,0
9919,M,1992,0,0,0
9920,M,1992,0,0,1
9921,F,1963,1,0,1
9922,M,1955,0,0,1
9923,F,1942,1,0,0
9924,F,1930,0,0,1
9925,M,1971,1,0,0
9926,F,1994,1,0,1
9927,M,1983,0,0,0
9928,M,1998,1,0,0
9929,F,1976,1,0,0
9930,M,1996,0,0,0
9931,F,1942,0,0,0
9932,M,1973,1,0,0
9933,M,1930,0,1,1
9934,F,1956,0,0,0
9935,M,1959,0,0,1
9936,F,2004,1,0,0
9937,M,1963,0,0,0
9938,F,1930,0,0,1
9939,M,1989,1,0,0
9940,M,1948,0,0,1
9941,M,2008,0,0,0
9942,F,2001,0,1,0
9943,F,1981,0,0,1
9944,F,1992,0,0,0
9945,M,1996,0,0,0
9946,F,1992,0,0,0
9947,F,1967,0,1,1
9948,F,1948,0,1,0
9949,F,1964,1,0,0
9950,M,1962,0,0,0
9951,F,1980,0,0,1
9952,F,2001,0,0,0
9953,M,1982,0,0,0
9954,F,1975,0,0,0
9955,M,1946,0,1,1
9956,M,1930,1,0,1
9957,F,1969,0,0,1
9958,M,1950,0,0,1
9959,F,2015,0,0,0
9960,M,1986,0,0,1
9961,F,1980,0,0,0
9962,F,1965,0,1,0
9963,M,1930,1,1,1
9964,F,1971,1,1,0
9965,F,2009,0,0,0
9966,M,1962,0,0,1
9967,F,1988,0,0,0
9968,M,1965,0,1,0
9969,F,1959,0,0,1
9970,F,2010,0,0,0
9971,M,1982,0,0,0
9972,M,1981,0,0,0
9973,F,1971,1,1,0
9974,M,1995,0,0,0
9975,F,1999,0,0,0
9976,F,1930,0,0,1
9977,M,1974,0,0,1
9978,M,1998,0,0,0
9979,F,1991,0,0,0
9980,M,1930,0,1,1
9981,M,1938,1,0,1
9982,M,1993,0,0,0
9983,F,2001,1,0,0
9984,M,2000,0,0,0
9985,F,1943,0,0,1
9986,M,1989,0,0,0
9987,M,2007,0,0,0
9988,F,1991,1,0,0
9989,F,1972,0,0,1
9990,M,1982,0,1,1
9991,F,1938,0,0,0
9992,M,1971,1,0,0
9993,M,1967,0,0,1
9994,M,1953,0,0,1
9995,M,1955,0,1,1
9996,M,1991,1,0,1
9997,M,2001,1,0,0
9998,M,1973,1,0,0
9999,F,1977,0,0,0
10000,F,1971,1,1,0
10001,M,1969,0,0,0
10002,M,1930,0,0,1
10003,F,1986,0,0,1
10004,F,1967,0,0,1
10005,F,2001,0,1,1
10006,F,1996,0,0,0
10007,F,1979,0,0,0
10008,F,1998,1,1,0
10009,M,1961,0,0,0
10010,M,1966,0,0,1
10011,M,1993,1,0,0
10012,M,1984,1,0,0
10013,F,1943,0,0,0
10014,M,1974,0,1,1
10015,M,1930,0,1,0
10016,F,1984,1,0,0
10017,F,1981,0,0,0
10018,F,1979,0,0,0
10019,M,2008,1,0,0
10020,F,1982,1,0,1
10021,F,1983,0,0,1
10022,M,1958,0,0,0
10023,F,1941,0,0,0
10024,F,1986,0,0,0
10025,F,2013,0,0,1
10026,M,1975,0,0,0
10027,F,1999,0,0,0
10028,M,1973,0,0,0
10029,M,1973,0,0,0
10030,F,1994,1,0,1
10031,F,1975,0,0,0
10032,M,2006,1,0,0
10033,M,1971,0,0,0
10034,F,1955,0,1,0
10035,M,1965,0,0,0
10036,F,1990,0,0,0
10037,M,1958,0,0,1
10038,F,1962,0,0,1
10039,M,1960,0,0,0
10040,M,1936,0,1,0
10041,M,1968,0,0,1
10042,M,2000,0,0,0
10043,F,1998,0,0,0
10044,F,1968,0,1,1
10045,F,2010,0,0,0
10046,M,1983,0,0,1
10047,F,1987,0,1,0
10048,F,1962,0,1,0
10049,F,2003,0,0,0
10050,F,1962,1,0,0
10051,F,1984,1,0,0
10052,F,1970,1,0,1
10053,M,2002,0,0,0
10054,F,1961,0,0,0
10055,M,1949,0,0,1
10056,M,1930,1,1,1
10057,F,1972,0,0,0
10058,M,1950,0,1,0
10059,F,1998,0,0,0
10060,F,1938,0,1,1
10061,F,2005,0,0,0
10062,M,1930,0,0,0
10063,F,1975,0,0,1
10064,F,2004,1,0,1
10065,M,1986,0,0,0
10066,M,1950,0,0,0
10067,F,1982,0,1,0
10068,M,1983,0,0,0
10069,M,1954,0,0,0
10070,M,1980,0,0,1
10071,M,1941,0,0,1
10072,M,1991,0,0,1
10073,M,2009,0,0,0
10074,F,1979,0,0,0
10075,M,1976,0,0,0
10076,M,1992,0,0,0
10077,M,1971,0,0,1
10078,M,2007,0,0,0
10079,M,1970,1,0,0
10080,M,2001,1,0,0
10081,M,2004,0,0,0
10082,M,1977,0,0,1
10083,F,2005,1,0,0
10084,M,2012,0,0,0
10085,M,1966,0,0,1
10086,F,1999,0,0,1
10087,M,1963,1,0,1
10088,M,1985,0,0,0
10089,M,1977,1,0,0
10090,M,1950,0,0,1
10091,F,1968,0,0,0
10092,F,1963,1,0,1
10093,M,1964,0,0,1
10094,F,1993,0,0,0
10095,F,1969,0,0,1
10096,F,1997,0,0,1
10097,M,1969,0,1,0
10098,F,1986,0,0,0
10099,M,1982,0,1,0
10100,M,1930,1,0,1
10101,M,1965,0,0,0
10102,M,1992,1,0,0
10103,F,2007,0,0,0
10104,M,1976,1,0,1
10105,M,2006,0,0,0
10106,F,1930,0,0,1
10107,M,1981,0,0,0
10108,F,1954,1,0,0
10109,F,2003,0,0,0
10110,F,1966,0,0,0
10111,M,1946,0,0,0
10112,F,1963,1,0,0
10113,F,1956,0,0,1
10114,M,1968,0,0,1
10115,F,1988,0,0,0
10116,M,1997,0,1,1
10117,F,1994,0,0,0
10118,F,1930,0,0,0
10119,M,1973,1,0,0
10120,F,1942,0,0,0
10121,F,1991,0,0,0
10122,F,1958,1,0,0
10123,F,1998,0,0,1
10124,M,1984,1,0,0
10125,M,1989,0,0,0
10126,F,1930,0,0,0
10127,F,1995,0,0,0
10128,M,1962,0,0,1
10129,M,1968,0,1,0
10130,M,2002,0,0,1
10131,F,1942,0,0,1
10132,M,1937,0,0,0
10133,M,1973,0,0,1
10134,M,1978,0,0,0
10135,F,2009,0,0,0
10136,M,2004,1,0,0
10137,M,1985,0,1,0
10138,M,1997,0,0,0
10139,M,1954,1,0,1
10140,M,2005,0,0,1
10141,F,2006,0,0,0
10142,F,1965,0,1,1
10143,F,1970,0,0,1
10144,F,1975,0,0,0
10145,M,1958,0,1,0
10146,M,1992,0,0,1
10147,F,1988,0,0,1
10148,F,1971,0,0,1
10149,F,1974,0,0,0
10150,M,1996,1,1,0
10151,M,1948,1,0,1
10152,F,2002,0,0,0
10153,F,1986,0,0,0
10154,F,2001,0,0,0
10155,F,1930,0,1,0
10156,F,1977,0,0,1
10157,F,1998,0,0,0
10158,M,1989,1,0,0
10159,F,1971,0,0,0
10160,M,1954,0,0,1
10161,F,1997,1,0,1
10162,F,1935,0,0,0
10163,M,1978,0,0,0
10164,F,1965,0,0,0
10165,M,1990,1,0,0
10166,M,1943,1,0,1
10167,M,1969,0,0,0
10168,M,1992,0,0,0
10169,F,1988,0,0,1
10170,F,1952,0,0,0
10171,F,1966,0,0,0
10172,M,1986,0,1,0
10173,M,1954,0,0,1
10174,F,1972,1,0,0
10175,M,2011,0,0,0
10176,M,1982,0,0,0
10177,M,1953,0,0,0
10178,M,1930,0,0,1
10179,F,2000,0,1,1
10180,F,1956,0,0,1
10181,M,1978,0,0,0
10182,M,2002,0,0,0
10183,M,2001,0,0,0
10184,F,1999,0,0,0
10185,F,2006,0,0,1
10186,F,2003,0,0,0
10187,M,1977,0,0,0
10188,F,2011,0,0,1
10189,F,1997,0,0,0
10190,M,1987,0,1,0
10191,M,1996,0,0,1
10192,F,2005,1,0,0
10193,F,1979,0,0,0
10194,F,1997,0,0,0
10195,M,1996,0,0,0
10196,F,1983,1,0,0
10197,F,1962,0,0,1
10198,F,1993,0,0,0
10199,F,1992,0,0,0
10200,M,2003,0,0,0
10201,F,1954,0,0,1
10202,F,1979,1,0,1
10203,M,1956,0,0,1
10204,M,1950,0,0,0
10205,F,1993,0,1,0
10206,M,1930,0,1,1
10207,M,1959,0,0,0
10208,M,1976,0,0,0
10209,M,1992,1,0,0
10210,F,1994,1,0,0
10211,M,1979,0,0,1
10212,M,1973,1,0,0
10213,M,2013,0,0,0
10214,F,1989,0,0,0
10215,F,1975,0,0,0
10216,M,1968,0,0,1
10217,M,1983,0,1,1
10218,F,1969,1,0,0
10219,M,1994,0,0,0
10220,M,1970,0,0,0
10221,M,1974,1,0,1
10222,M,1951,0,0,0
10223,M,1932,0,0,1
10224,M,1950,0,0,1
10225,F,1986,0,1,0
10226,F,2002,1,0,0
10227,M,1997,1,0,0
10228,F,1934,0,0,1
10229,M,1978,0,0,1
10230,F,1973,0,1,0
10231,F,1956,0,0,0
10232,M,1979,1,0,1
10233,F,1944,0,0,0
10234,F,2004,0,0,0
10235,F,1967,1,0,0
10236,M,1930,1,0,1
10237,F,1941,0,0,0
10238,F,1939,1,1,1
10239,M,2005,0,0,0
10240,F,1974,0,0,0
10241,M,1982,0,0,0
10242,F,1997,0,0,0
10243,M,1974,1,1,0
10244,M,2002,1,0,0
10245,M,1969,0,0,0
10246,M,1998,0,0,0
10247,M,1971,0,0,0
10248,M,1996,1,0,0
10249,F,1987,1,0,0
10250,M,1989,1,0,0
10251,F,1983,0,1,0
10252,F,1981,1,0,0
10253,F,1989,1,0,1
10254,F,1999,0,0,1
10255,F,1948,0,0,1
10256,M,1980,0,0,0
10257,F,1973,0,0,0
10258,M,1989,0,0,0
10259,F,1930,0,0,1
10260,M,1978,1,1,1
10261,M,1946,0,0,0
10262,M,1986,1,0,1
10263,M,1966,0,1,0
10264,F,1984,0,0,1
10265,F,1953,0,0,1
10266,F,1991,0,0,0
10267,M,2001,0,0,1
10268,F,1973,0,0,0
10269,F,1950,0,0,1
10270,M,1983,1,0,0
10271,M,1991,1,0,0
10272,F,2004,0,0,0
10273,F,1950,1,0,1
10274,F,1997,0,0,0
10275,F,1989,0,0,0
10276,F,1989,0,0,1
10277,F,1981,0,0,1
10278,M,1966,0,0,1
10279,M,1930,0,0,1
10280,F,1972,1,0,1
10281,M,2004,1,0,1
10282,F,1982,0,0,1
10283,F,1972,0,0,1
10284,F,1944,1,0,1
10285,M,1948,0,1,1
10286,F,1983,1,0,0
10287,M,1978,0,0,1
10288,M,1975,0,0,0
10289,F,1978,0,0,0
10290,F,1982,0,0,0
10291,M,1931,0,0,0
10292,F,1994,1,1,0
10293,M,1955,1,1,1
10294,M,1961,1,1,0
10295,M,1983,0,0,0
10296,F,1995,0,0,0
10297,F,1980,0,1,1
10298,M,1965,0,0,1
10299,M,2018,0,0,0
10300,M,2002,0,0,0
10301,F,2015,0,1,0
10302,F,1973,0,0,1
10303,M,1974,0,0,0
10304,F,2000,1,0,0
10305,M,1997,0,0,0
10306,F,1976,1,0,0
10307,F,2008,0,0,0
10308,F,1963,0,0,0
10309,M,1986,0,0,0
10310,M,1981,0,1,1
10311,M,1979,0,1,1
10312,F,2003,0,0,0
10313,M,1979,0,0,0
10314,F,1967,0,0,1
10315,M,1995,1,1,0
10316,M,1997,0,0,1
10317,F,1930,0,0,1
10318,F,1998,1,1,1
10319,F,1990,0,0,1
10320,F,1939,0,0,0
10321,F,2008,1,0,0
10322,F,1984,0,1,0
10323,F,1967,0,0,0
10324,M,1983,1,0,0
10325,F,2010,0,0,0
10326,F,2002,0,1,0
10327,M,2011,0,0,0
10328,F,1985,0,0,1
10329,M,1972,0,0,0
10330,M,1995,0,0,1
10331,F,1988,0,0,0
10332,M,1989,0,0,1
10333,F,1946,0,1,1
10334,F,1976,0,0,1
10335,F,1979,0,0,1
10336,M,1953,1,1,0
10337,M,2006,0,0,0
10338,F,1976,1,0,1
10339,F,1992,0,0,1
10340,M,1941,1,1,0
10341,M,1952,1,0,0
10342,F,1992,0,0,0
10343,F,1987,0,0,1
10344,F,1999,0,0,0
10345,F,1958,0,0,1
10346,F,1965,1,0,1
10347,M,1986,0,1,0
10348,F,1986,1,0,0
10349,F,1991,0,0,1
10350,M,1944,0,0,1
10351,M,1984,0,0,1
10352,F,1990,0,0,0
10353,M,1961,1,0,0
10354,F,2016,0,0,0
10355,F,1988,1,0,0
10356,M,1957,0,0,1
10357,M,1934,0,1,1
10358,F,1994,0,0,0
10359,M,1969,0,0,1
10360,F,1995,0,0,0
10361,M,1930,0,0,1
10362,F,1978,0,0,0
10363,F,1966,0,0,1
10364,F,2014,0,0,0
10365,F,1991,0,0,0
10366,F,1961,0,0,0
10367,M,2006,0,0,0
10368,F,1978,0,0,1
10369,M,1932,0,0,0
10370,M,1960,0,1,0
10371,M,1968,1,0,0
10372,M,1990,0,0,0
10373,M,2003,0,0,0
10374,M,1983,0,0,1
10375,M,1964,0,0,1
10376,M,1999,0,0,0
10377,F,1960,0,0,0
10378,F,1977,0,0,1
10379,M,1997,0,0,0
10380,M,2009,0,0,1
10381,M,2006,0,0,0
10382,M,1984,0,0,1
10383,F,1949,0,0,1
10384,F,1997,1,0,1
10385,M,1944,0,1,0
10386,F,2010,0,1,1
10387,F,1980,0,0,1
10388,F,1982,0,0,0
10389,F,1971,0,0,0
10390,F,1977,1,0,0
10391,F,1990,1,0,0
10392,F,1990,0,0,0
10393,M,1956,0,1,1
10394,M,1979,0,1,0
10395,M,2015,0,0,0
10396,M,1988,0,0,1
10397,F,1987,0,1,1
10398,M,1987,0,0,1
10399,M,1961,0,1,1
10400,M,1993,0,0,0
10401,F,1975,0,0,0
10402,M,1932,0,0,1
10403,F,1949,0,0,1
10404,F,1995,0,0,0
10405,M,1978,0,0,1
10406,M,2018,0,0,0
10407,F,1966,0,0,1
10408,M,2004,0,0,0
10409,F,1981,0,0,0
10410,F,1984,1,0,0
10411,M,1951,0,1,0
10412,M,1975,0,0,0
10413,F,1984,0,0,1
10414,M,1964,1,0,1
10415,M,1945,0,0,0
10416,F,2016,0,0,0
10417,F,1994,0,0,0
10418,F,1930,0,0,1
10419,M,1930,0,1,0
10420,M,1997,1,0,0
10421,M,1957,0,0,1
10422,F,1997,0,0,1
10423,M,2001,0,0,0
10424,F,1984,0,0,0
10425,M,1953,1,0,1
10426,F,1986,0,0,0
10427,F,1953,0,0,1
10428,F,1950,0,0,0
10429,F,1991,0,0,0
10430,F,1992,0,0,0
10431,F,1986,0,0,0
10432,M,1980,0,0,0
10433,M,1983,0,0,0
10434,M,1978,0,1,0
10435,F,1990,0,0,0
10436,F,2003,0,0,1
10437,F,1930,0,0,1
10438,M,1994,0,0,0
10439,F,2009,0,0,1
10440,F,1962,0,1,0
10441,F,2000,0,0,0
10442,F,1965,0,0,0
10443,M,1994,1,0,0
10444,M,1930,0,0,1
10445,M,1938,0,1,0
10446,F,1985,0,0,0
10447,F,1968,0,0,1
10448,M,1974,0,0,0
10449,F,1995,0,0,0
10450,F,1963,1,0,0
10451,F,1978,1,0,1
10452,M,1975,0,1,1
10453,M,1965,0,0,1
10454,F,1983,0,0,0
10455,M,1997,0,0,0
10456,F,1968,0,0,0
10457,F,1960,0,0,1
10458,M,1960,1,0,1
10459,F,1959,1,0,0
10460,M,1971,0,0,0
10461,F,2008,0,0,0
10462,F,1930,1,0,1
10463,M,1960,1,0,0
10464,F,1989,0,0,0
10465,F,1955,0,0,0
10466,M,2002,0,0,0
10467,F,1965,0,0,0
10468,M,1986,1,0,0
10469,F,2001,0,1,0
10470,F,2001,1,0,1
10471,M,1969,0,0,0
10472,F,1966,1,1,0
10473,M,1998,0,0,0
10474,F,1986,0,0,1
10475,M,1972,0,0,0
10476,F,1991,0,0,0
10477,M,1930,0,0,0
10478,F,1969,0,0,1
10479,F,1983,0,0,1
10480,M,1950,0,1,1
10481,F,1967,0,1,0
10482,M,1972,0,0,1
10483,M,1968,0,0,1
10484,M,1959,0,0,1
10485,M,1993,1,0,0
10486,M,2011,0,0,0
10487,F,1947,0,0,0
10488,F,1978,0,0,1
10489,M,1990,0,0,0
10490,F,1997,1,0,0
10491,M,1999,0,0,0
10492,M,1976,0,1,0
10493,F,1981,0,0,0
10494,F,1950,0,0,0
10495,F,1965,0,0,0
10496,M,1960,0,1,1
10497,F,1952,0,0,0
10498,F,1974,0,0,1
10499,F,1933,0,1,0
10500,F,1994,0,0,1
10501,F,1952,0,1,0
10502,F,2011,0,0,0
10503,F,2011,0,0,0
10504,M,2002,1,0,0
10505,F,1982,0,0,0
10506,F,2012,0,0,0
10507,M,1983,0,0,0
10508,F,1989,0,1,1
10509,F,1930,1,0,1
10510,M,2005,0,0,0
10511,M,1977,1,0,1
10512,M,1966,0,0,0
10513,F,2010,0,0,0
10514,F,1936,0,0,1
10515,M,1961,0,0,1
10516,M,1947,0,1,1
10517,F,1973,0,0,0
10518,F,1996,0,0,0
10519,F,2007,1,0,0
10520,M,1958,0,0,1
10521,M,1990,0,0,1
10522,F,2013,0,0,1
10523,M,1988,0,0,0
10524,F,1981,1,0,1
10525,M,1941,1,1,1
10526,F,1986,0,0,0
10527,M,1981,0,0,1
10528,F,1980,1,0,1
10529,F,1953,0,0,0
10530,M,1995,0,0,1
10531,F,1970,0,0,0
10532,F,1991,0,0,0
10533,F,1942,0,0,1
10534,F,1932,0,0,0
10535,M,1977,0,0,0
10536,M,1972,0,1,0
10537,M,1985,0,1,0
10538,F,2011,0,0,0
10539,F,1980,1,1,1
10540,M,1982,0,1,0
10541,M,1988,0,1,0
10542,F,1986,0,0,1
10543,M,1970,0,1,0
10544,M,1972,0,0,1
10545,F,1985,0,1,1
10546,M,1938,0,0,1
10547,F,2012,0,0,0
10548,F,1994,0,0,1
10549,M,1958,1,0,0
10550,F,2009,0,0,0
10551,F,2012,0,0,0
10552,M,1995,1,0,0
10553,M,1982,1,0,0
10554,M,1991,0,0,0
10555,F,1976,0,0,0
10556,M,2011,0,0,0
10557,M,1996,0,0,0
10558,M,1963,1,0,1
10559,M,1970,0,0,0
10560,M,1993,0,0,1
10561,F,1978,0,1,0
10562,F,1982,1,0,1
10563,F,1982,0,1,0
10564,M,1974,1,1,0
10565,M,1930,0,0,1
10566,F,1930,0,0,1
10567,F,2009,0,0,0
10568,M,1986,1,0,1
10569,F,2003,0,0,0
10570,M,1972,0,1,1
10571,M,1985,0,0,0
10572,M,1952,0,0,0
10573,M,1981,1,0,1
10574,F,1936,1,0,0
10575,F,1930,0,0,1
10576,M,1938,0,0,1
10577,F,2014,0,0,0
10578,F,1974,0,0,1
10579,M,1988,0,0,0
10580,M,1985,0,0,0
10581,M,1958,0,0,1
10582,M,1987,0,0,0
10583,M,1979,0,1,0
10584,F,1978,0,0,0
10585,F,2012,0,0,0
10586,F,1990,0,0,0
10587,M,1949,0,1,0
10588,M,2013,0,0,0
10589,F,1966,1,1,0
10590,M,1998,0,0,1
10591,F,1989,0,0,0
10592,M,1961,0,1,0
10593,F,2002,0,0,0
10594,M,1987,0,0,0
10595,F,2009,0,0,1
10596,M,1970,0,1,1
10597,F,1996,0,0,0
10598,F,2006,0,0,0
10599,F,1981,0,0,0
10600,M,2009,0,0,0
10601,M,1989,0,0,1
10602,F,1998,0,0,0
10603,M,1976,0,0,0
10604,M,1975,0,0,1
10605,M,1995,0,1,0
10606,M,1937,0,1,1
10607,F,1951,0,1,1
10608,M,2000,0,0,1
10609,M,1930,0,0,1
10610,M,1962,0,0,0
10611,M,1973,0,0,1
10612,M,1971,0,0,0
10613,F,2004,0,0,0
10614,M,1945,0,0,1
10615,M,2012,0,0,0
10616,M,1971,0,1,0
10617,M,1951,0,0,0
10618,F,1999,0,0,0
10619,M,1960,0,0,1
10620,F,1978,0,0,0
10621,M,1958,0,1,0
10622,M,1952,0,0,0
10623,M,1933,0,0,1
10624,F,1943,0,0,0
10625,M,2011,0,0,0
10626,F,2000,0,0,0
10627,M,1968,0,0,0
10628,F,1952,0,0,0
10629,F,2002,0,0,1
10630,M,1963,0,0,0
10631,F,1940,0,1,1
10632,F,1953,1,1,0
10633,F,1963,1,1,0
10634,F,1982,0,0,0
10635,M,1983,1,0,0
10636,M,1930,0,0,1
10637,F,2022,0,0,0
10638,M,1992,0,0,0
10639,F,2000,0,0,0
10640,F,2006,1,0,1
10641,F,1965,0,1,0
10642,F,1969,0,0,1
10643,F,1980,1,0,1
10644,M,1969,0,0,0
10645,F,1958,0,0,0
10646,M,1986,0,0,0
10647,F,1967,0,0,1
10648,F,1988,1,0,1
10649,F,1966,0,1,1
10650,M,1940,0,0,0
10651,F,1954,0,1,1
10652,M,1930,0,0,1
10653,M,1992,0,0,0
10654,M,1996,0,1,0
10655,M,1970,0,0,0
10656,F,1991,0,1,0
10657,M,1965,0,0,0
10658,M,1976,0,0,0
10659,M,1999,1,0,0
10660,F,1969,0,0,0
10661,M,1998,0,0,0
10662,F,1937,0,1,1
10663,M,1985,0,0,0
10664,M,1996,0,0,0
10665,F,1975,0,1,0
10666,M,1972,0,0,0
10667,F,1992,0,0,1
10668,F,1993,0,0,0
10669,M,2009,0,1,0
10670,M,1956,0,0,0
10671,M,1938,1,0,1
10672,M,1951,0,0,0
10673,M,1996,0,0,0
10674,M,1969,0,0,1
10675,M,1974,0,0,1
10676,F,2007,0,0,0
10677,M,1992,1,0,1
10678,F,1971,1,0,0
10679,F,2013,0,0,0
10680,M,2002,0,0,0
10681,M,1960,1,0,1
10682,M,1997,0,0,0
10683,M,2007,1,0,0
10684,M,1953,0,0,1
10685,M,1997,1,0,0
10686,M,1960,0,0,0
10687,M,1930,0,0,1
10688,M,2002,0,0,0
10689,F,1984,1,1,0
10690,F,1974,0,0,0
10691,F,1953,0,0,0
10692,F,1992,1,0,1
10693,M,2018,0,0,0
10694,F,2002,0,0,0
10695,F,1989,0,0,0
10696,M,1960,0,1,1
10697,F,1984,1,0,1
10698,M,1962,0,0,0
10699,F,1989,0,1,0
10700,M,1977,0,0,0
10701,M,1958,0,0,1
10702,F,1948,0,0,1
10703,M,1930,0,1,0
10704,F,1973,0,0,1
10705,F,2012,0,0,0
10706,F,1968,0,0,0
10707,F,2012,0,0,0
10708,F,1965,0,1,1
10709,F,1978,0,0,0
10710,F,1950,1,1,0
10711,M,1990,0,0,1
10712,F,1976,1,0,1
10713,M,1968,0,0,1
10714,F,2016,0,0,0
10715,M,1969,1,0,0
10716,M,2016,0,0,0
10717,M,1996,1,0,0
10718,F,1972,1,0,0
10719,M,2014,0,0,0
10720,F,1963,0,0,0
10721,M,1966,0,0,1
10722,F,1952,1,1,0
10723,M,2009,1,0,1
10724,M,1930,0,0,1
10725,M,2005,0,0,0
10726,M,1977,0,1,1
10727,F,1988,1,0,1
10728,F,1984,0,0,0
10729,F,1930,0,1,1
10730,F,2003,1,0,0
10731,M,1932,0,1,1
10732,M,1959,0,0,1
10733,M,1981,1,0,0
10734,M,1981,0,0,0
10735,F,1966,0,1,1
10736,M,1990,1,0,1
10737,M,1986,0,0,0
10738,M,1977,1,0,1
10739,M,1938,1,1,0
10740,M,1984,1,0,1
10741,M,2011,0,0,0
10742,M,1976,0,0,0
10743,M,1983,1,1,0
10744,M,1994,1,0,0
10745,M,1972,0,0,0
10746,M,1994,0,0,0
10747,M,1984,0,0,1
10748,F,1977,0,1,1
10749,M,1974,0,1,1
10750,M,1969,0,0,1
10751,M,1965,0,0,0
10752,F,1977,0,0,0
10753,F,2008,1,0,0
10754,F,1973,1,0,0
10755,M,1953,0,0,1
10756,M,2011,0,1,0
10757,M,2008,0,0,0
10758,M,1997,0,1,1
10759,M,1955,0,1,0
10760,M,1998,0,1,0
10761,M,1955,0,0,0
10762,F,1975,0,0,1
10763,M,1993,0,0,0
10764,M,1930,0,0,1
10765,M,2004,0,0,0
10766,M,1980,0,1,1
10767,F,2000,0,0,0
10768,F,1972,0,0,0
10769,F,1999,0,0,1
10770,F,1990,1,0,1
10771,F,1996,0,0,0
10772,M,1987,0,0,0
10773,F,1953,0,0,0
10774,F,2006,1,0,0
10775,M,1997,1,0,0
10776,F,1989,0,0,0
10777,F,1986,0,0,0
10778,M,1941,0,0,0
10779,F,1997,0,0,0
10780,F,1955,1,0,0
10781,M,1935,0,1,0
10782,M,1984,0,0,0
10783,F,2001,0,0,0
10784,M,1946,0,0,1
10785,M,1958,0,0,0
10786,F,2002,0,0,0
10787,F,1930,0,0,1
10788,F,1995,0,1,0
10789,F,1985,0,0,0
10790,M,1964,0,1,1
10791,M,1934,0,0,0
10792,M,1973,0,0,0
10793,M,1987,0,0,0
10794,M,1990,1,0,0
10795,F,1987,0,0,0
10796,M,1930,0,1,1
10797,F,1970,0,0,1
10798,M,1977,0,0,1
10799,F,1958,0,0,0
10800,F,1985,0,1,1
10801,F,1936,0,1,1
10802,F,1967,1,0,1
10803,M,1987,0,0,0
10804,F,1992,0,1,1
10805,M,2010,0,0,0
10806,F,1954,0,0,0
10807,F,2006,0,0,0
10808,F,1939,0,1,1
10809,M,1998,0,0,0
10810,M,1996,0,0,1
10811,F,1930,0,0,1
10812,F,1956,0,1,0
10813,M,1978,0,0,1
10814,F,1930,0,0,1
10815,F,1982,0,0,0
10816,M,1991,1,1,0
10817,F,1975,0,0,1
10818,M,1951,0,1,1
10819,F,2004,0,0,1
10820,F,1996,0,0,0
10821,F,2000,1,0,0
10822,M,2003,0,0,0
10823,M,1985,1,0,0
10824,F,2003,0,0,0
10825,M,2011,0,0,0
10826,F,1996,0,0,0
10827,M,1997,0,0,0
10828,M,1969,0,0,0
10829,F,1954,0,0,1
10830,M,1994,0,1,1
10831,M,2017,0,0,0
10832,M,1996,0,0,0
10833,F,1930,0,0,1
10834,M,1956,1,0,1
10835,M,1972,0,0,0
10836,M,1988,0,0,0
10837,M,1956,0,0,0
10838,M,2001,0,0,1
10839,M,1955,0,0,1
10840,M,1967,0,1,1
10841,M,1962,0,0,0
10842,F,1977,0,0,1
10843,F,2005,0,0,0
10844,F,2001,1,0,0
10845,M,1966,0,0,1
10846,M,1969,0,1,1
10847,M,1992,0,0,1
10848,F,1992,0,0,0
10849,F,1945,1,0,0
10850,M,1981,1,0,0
10851,M,1997,0,0,0
10852,M,1939,0,0,1
10853,M,1943,0,0,1
10854,M,1981,0,0,0
10855,M,1976,0,1,0
10856,F,1956,0,0,0
10857,M,1964,0,1,1
10858,M,2006,0,0,1
10859,F,1937,1,0,0
10860,M,2008,0,0,0
10861,F,1969,0,0,0
10862,M,2003,0,0,0
10863,M,1964,0,0,0
10864,F,1995,0,0,0
10865,M,1994,0,1,0
10866,M,1958,0,0,0
10867,F,2003,0,0,0
10868,M,1992,0,0,1
10869,F,2003,0,0,1
10870,F,1978,0,0,0
10871,M,2003,0,0,0
10872,M,1972,0,0,0
10873,M,1943,0,0,0
10874,F,2013,0,0,0
10875,F,1995,0,0,0
10876,M,2002,0,0,0
10877,M,2006,0,0,0
10878,F,1972,0,0,1
10879,F,1976,1,0,0
10880,F,1938,0,0,0
10881,F,1961,0,1,1
10882,F,1979,0,0,1
10883,M,1974,0,1,0
10884,F,1992,0,0,0
10885,M,1973,0,0,0
10886,M,2008,0,0,0
10887,M,1984,0,1,0
10888,F,1968,0,0,0
10889,F,1985,0,0,0
10890,F,1995,0,0,0
10891,F,1978,0,0,0
10892,M,1997,0,0,1
10893,F,1986,0,0,0
10894,M,1958,0,0,1
10895,F,1956,0,1,0
10896,F,1975,0,0,0
10897,M,2000,0,0,0
10898,F,1988,0,1,0
10899,M,1978,0,0,0
10900,F,1995,0,0,0
10901,M,1930,0,0,1
10902,F,1995,0,0,1
10903,F,1980,0,1,0
10904,M,2010,0,0,1
10905,F,1954,0,1,1
10906,M,1934,0,0,0
10907,M,2001,0,0,0
10908,F,2008,0,0,1
10909,M,1975,1,0,0
10910,M,1930,0,1,1
10911,F,2006,0,0,0
10912,M,1988,1,0,1
10913,F,1973,0,0,0
10914,M,1978,0,0,0
10915,F,1969,0,0,0
10916,M,1940,0,1,0
10917,F,1953,0,0,1
10918,M,1988,1,0,0
10919,F,2006,0,0,1
10920,F,1950,1,0,1
10921,F,1988,0,1,0
10922,F,1979,0,0,0
10923,F,1957,1,0,0
10924,M,1951,0,1,1
10925,F,1959,0,0,0
10926,M,1930,0,0,0
10927,M,1981,0,0,1
10928,F,1994,0,0,1
10929,F,1999,0,0,0
10930,F,1993,0,1,1
10931,F,1992,0,0,1
10932,F,1975,0,0,1
10933,M,1966,0,0,0
10934,M,2001,0,0,0
10935,F,1957,0,0,1
10936,M,1953,0,0,0
10937,M,2016,0,0,0
10938,M,1965,0,1,1
10939,M,1990,0,1,0
10940,F,1942,0,0,1
10941,F,1982,1,0,0
10942,M,1996,0,0,0
10943,M,2001,0,0,0
10944,F,1977,0,0,1
10945,F,1990,0,0,0
10946,F,2005,0,1,0
10947,M,2008,0,0,0
10948,F,1973,0,0,0
10949,M,2007,0,0,0
10950,F,2015,0,1,0
10951,M,1953,1,0,0
10952,F,1999,0,1,1
10953,M,1969,0,0,1
10954,F,1978,0,0,0
10955,M,1994,0,0,1
10956,M,1937,0,0,1
10957,F,1965,0,0,0
10958,F,1983,0,1,0
10959,F,1998,0,0,0
10960,M,1967,0,0,0
10961,M,1962,0,0,1
10962,M,1980,0,0,0
10963,M,1983,0,0,0
10964,F,1965,1,1,0
10965,F,1984,0,1,1
10966,F,1996,1,0,0
10967,M,2006,0,0,0
10968,M,1984,1,0,0
10969,F,2006,0,0,0
10970,F,1962,0,1,0
10971,M,1984,0,0,1
10972,F,1957,0,0,0
10973,M,1976,0,1,1
10974,F,1969,0,0,0
10975,F,1995,0,0,1
10976,M,1985,1,0,0
10977,F,1976,0,0,0
10978,F,1979,0,0,1
10979,M,1980,1,0,0
10980,M,2001,1,1,0
10981,M,2011,0,0,0
10982,F,2002,0,0,1
10983,F,2017,0,0,0
10984,M,2009,0,0,0
10985,F,1974,0,0,0
10986,F,1988,0,0,0
10987,M,1997,0,0,0
10988,M,1988,0,0,1
10989,M,2013,0,0,1
10990,M,1984,0,0,1
10991,F,2005,0,0,0
10992,M,1948,0,0,0
10993,F,1968,0,1,1
10994,M,1970,0,1,0
10995,M,1979,0,1,0
10996,F,1965,0,0,0
10997,F,1984,1,0,1
10998,M,1998,0,0,0
10999,M,1970,0,0,1
11000,M,1955,0,0,1
11001,F,2001,0,0,0
11002,F,2008,1,0,0
11003,F,1930,0,0,1
11004,M,1943,0,0,0
11005,F,1982,0,0,0
11006,M,2014,0,0,1
11007,F,1976,0,1,0
11008,M,1930,0,1,1
11009,F,1965,1,1,0
11010,F,1968,0,0,1
11011,M,1983,0,0,1
11012,F,1970,0,0,1
11013,M,1966,1,1,1
11014,F,1978,0,0,1
11015,M,1986,0,0,0
11016,F,1978,0,0,1
11017,F,1979,0,0,1
11018,F,2013,0,0,0
11019,M,1930,0,1,0
11020,M,1968,0,0,0
11021,M,1949,0,0,1
11022,F,1975,0,1,0
11023,F,1993,0,0,1
11024,F,1957,1,0,0
11025,M,2009,0,0,1
11026,M,1967,0,0,0
11027,M,1958,0,0,1
11028,M,1984,0,0,0
11029,M,1970,0,0,1
11030,M,2013,0,0,0
11031,F,1968,0,0,1
11032,F,1989,0,0,0
11033,M,1969,0,0,0
11034,F,1983,1,1,0
11035,F,1983,0,0,1
11036,M,1968,0,0,0
11037,F,1988,0,0,0
11038,M,1984,0,0,1
11039,M,1930,1,0,0
11040,M,1947,0,0,0
11041,F,1986,0,0,1
11042,M,1982,1,0,0
11043,F,1994,0,0,0
11044,F,1989,0,0,1
11045,M,1988,0,0,0
11046,M,1979,0,0,1
11047,F,2012,0,0,0
11048,M,1990,0,0,0
11049,F,1993,1,0,0
11050,M,1941,0,1,0
11051,M,1983,0,0,0
11052,M,1976,0,0,0
11053,F,1990,0,0,0
11054,F,1982,0,1,0
11055,M,1989,0,0,0
11056,M,1979,0,0,0
11057,M,1970,0,0,0
11058,F,2004,0,0,0
11059,F,1966,0,0,0
11060,F,1999,0,0,1
11061,F,1930,0,0,1
11062,M,1979,0,0,1
11063,M,1976,0,0,1
11064,F,1975,1,0,0
11065,F,1981,0,0,0
11066,M,1995,0,0,0
11067,F,1976,0,0,0
11068,M,1978,0,1,1
11069,F,1997,0,0,0
11070,M,2004,0,1,0
11071,F,1957,0,0,0
11072,M,1990,0,1,0
11073,M,1985,1,0,1
11074,M,1978,0,0,0
11075,M,1996,0,1,0
11076,M,1974,0,0,0
11077,F,1984,0,0,0
11078,M,1982,0,0,1
11079,M,1951,1,0,0
11080,M,1978,0,1,1
11081,F,1986,0,0,0
11082,F,2000,0,0,0
11083,F,1976,0,0,0
11084,M,1959,0,1,1
11085,F,1986,0,0,0
11086,F,1959,1,0,0
11087,M,1975,0,0,0
11088,M,1980,0,0,0
11089,F,1972,1,0,0
11090,M,2004,0,0,0
11091,F,1989,0,0,0
11092,F,1989,0,0,0
11093,F,1985,0,1,1
11094,M,1930,0,0,0
11095,M,1980,0,0,0
11096,M,2006,0,0,1
11097,F,1994,0,0,0
11098,M,1982,1,0,0
11099,F,1979,0,0,0
11100,F,2017,0,0,0
11101,F,1970,0,0,0
11102,M,1969,0,0,0
11103,F,2001,0,0,0
11104,M,1960,0,1,0
11105,M,1986,0,0,0
11106,F,1998,0,0,0
11107,M,2002,0,1,0
11108,F,1970,0,0,1
11109,F,1993,0,0,0
11110,M,1976,0,1,1
11111,F,2002,0,0,0
11112,M,1989,0,0,1
11113,F,1972,0,0,0
11114,M,1952,1,0,1
11115,M,1948,0,0,0
11116,M,1953,0,0,1
11117,M,1930,1,0,1
11118,F,1976,1,0,0
11119,F,2003,0,0,0
11120,M,1993,0,0,0
11121,M,1949,0,1,0
11122,F,1996,0,0,1
11123,M,2019,0,0,0
11124,M,1988,1,0,0
11125,F,1960,0,1,1
11126,F,1994,0,0,1
11127,M,1947,0,0,0
11128,M,1930,0,0,1
11129,F,1976,0,0,1
11130,M,1930,0,0,1
11131,F,1936,0,0,0
11132,F,1959,1,0,1
11133,M,1973,0,0,0
11134,F,1975,0,1,0
11135,F,1984,0,0,0
11136,M,1968,0,0,0
11137,F,2012,0,0,0
11138,M,1934,0,1,1
11139,F,1930,0,1,0
11140,M,2013,0,0,0
11141,F,1961,0,0,0
11142,M,1938,1,0,0
11143,F,1979,0,0,1
11144,F,1985,1,0,0
11145,M,1989,0,0,0
11146,M,1993,0,0,0
11147,M,1974,1,0,1
11148,M,1948,0,0,1
11149,F,2011,0,0,1
11150,F,2000,0,1,0
11151,M,1994,0,0,1
11152,F,2007,0,0,0
11153,M,1965,0,1,0
11154,M,1969,1,0,1
11155,M,1957,0,0,0
11156,M,2014,0,0,0
11157,M,1961,0,1,1
11158,F,1948,0,0,1
11159,F,1964,0,1,1
11160,M,1981,0,0,0
11161,M,1984,1,0,1
11162,F,1972,1,0,1
11163,M,1975,1,0,0
11164,F,1994,0,0,0
11165,F,2014,0,0,0
11166,F,1991,0,0,1
11167,M,1930,0,0,1
11168,M,2013,0,0,1
11169,M,1975,0,1,0
11170,F,1933,0,0,1
11171,F,1956,0,0,0
11172,M,1951,0,0,0
11173,F,1955,0,1,0
11174,F,2007,0,0,0
11175,F,1941,1,0,1
11176,F,1935,0,0,0
11177,F,2004,1,0,0
11178,M,1989,0,1,0
11179,F,1978,0,0,0
11180,F,1989,1,0,0
11181,F,1995,1,0,0
11182,F,1995,0,0,0
11183,F,1962,1,1,0
11184,M,1952,0,0,0
11185,F,1995,0,0,0
11186,F,1952,0,0,0
11187,M,1989,0,0,1
11188,F,2003,0,0,0
11189,M,1972,0,1,0
11190,M,1979,0,0,0
11191,M,1971,1,0,1
11192,M,1972,0,0,0
11193,F,1975,0,0,0
11194,M,1982,0,0,0
11195,M,1953,0,1,1
11196,F,1964,1,1,0
11197,M,1989,0,1,0
11198,M,1989,0,0,0
11199,F,2008,0,0,1
11200,F,2006,0,1,0
11201,F,1984,0,1,0
11202,F,1958,1,1,0
11203,M,1997,0,0,0
11204,M,1963,0,0,0
11205,F,1975,0,1,0
11206,M,1996,0,0,0
11207,F,1979,0,1,0
11208,F,1980,0,1,1
11209,M,1996,0,0,0
11210,F,1965,1,0,0
11211,F,1955,0,0,0
11212,M,1987,0,0,0
11213,F,2002,1,0,0
11214,M,1953,1,0,0
11215,F,2007,0,0,0
11216,M,1973,0,0,0
11217,M,1997,1,0,0
11218,F,2003,0,0,1
11219,F,1992,0,0,0
11220,M,1980,0,0,1
11221,M,2000,0,0,0
11222,F,2005,0,0,0
11223,M,2010,0,0,0
11224,M,1933,1,0,1
11225,F,1971,0,0,1
11226,M,1996,0,0,0
11227,M,1970,0,0,0
11228,M,1980,0,1,0
11229,F,1961,1,0,1
11230,F,1985,0,0,0
11231,F,1956,0,0,1
11232,F,1994,0,0,0
11233,M,1976,0,0,1
11234,F,1958,1,1,1
11235,F,1974,0,0,0
11236,F,1930,0,0,1
11237,M,1962,1,1,1
11238,F,1970,0,0,0
11239,F,1988,0,0,1
11240,F,1975,0,0,0
11241,F,1946,0,1,0
11242,F,1991,1,0,0
11243,M,1998,1,1,0
11244,F,1991,0,0,0
11245,F,1992,0,0,1
11246,M,1966,0,1,1
11247,M,1930,0,0,1
11248,F,2007,0,0,0
11249,M,2015,0,1,0
11250,F,1979,0,0,0
11251,F,2000,0,0,0
11252,M,1972,0,0,0
11253,F,1969,1,0,1
11254,M,1992,0,0,0
11255,F,1966,0,0,1
11256,F,1995,0,1,0
11257,M,1995,0,0,0
11258,F,1997,1,0,0
11259,M,1990,0,0,0
11260,F,1981,0,0,0
11261,M,1984,0,0,1
11262,F,1977,1,0,0
11263,M,1967,0,0,1
11264,F,1977,0,1,0
11265,F,1933,0,0,0
11266,F,1980,0,0,0
11267,M,1960,0,0,0
11268,M,2008,0,0,0
11269,M,1977,0,0,0
11270,M,1984,0,0,0
11271,M,1986,0,0,0
11272,F,1947,1,0,1
11273,F,1930,0,0,1
11274,F,1967,0,0,1
11275,M,2010,0,0,1
11276,F,1992,0,0,0
11277,M,2006,0,0,1
11278,F,1978,0,0,0
11279,F,1971,1,0,1
11280,F,2009,0,1,0
11281,M,1940,0,0,0
11282,F,2003,0,0,0
11283,F,1972,0,1,0
11284,M,1941,0,0,1
11285,F,1977,1,1,0
11286,F,1996,0,0,0
11287,M,1997,0,0,0
11288,F,1976,0,0,1
11289,F,1960,0,0,0
11290,F,1973,1,0,0
11291,M,1997,1,0,0
11292,M,1985,0,0,1
11293,F,1999,0,0,1
11294,M,1999,0,0,0
11295,F,2000,1,0,0
11296,F,1989,0,1,1
11297,F,1982,0,1,1
11298,M,1980,0,0,0
11299,M,1974,0,0,0
11300,F,1996,0,0,0
11301,M,1982,0,0,0
11302,F,1979,0,1,1
11303,M,1950,1,0,0
11304,F,2009,1,0,0
11305,F,2006,0,0,0
11306,M,1968,0,0,1
11307,M,1965,0,1,0
11308,F,1968,1,0,0
11309,M,1968,0,1,1
11310,F,2008,0,0,0
11311,M,1930,1,0,0
11312,M,1954,0,0,0
11313,F,2007,0,0,0
11314,F,1987,0,0,0
11315,F,1989,0,0,0
11316,M,1984,0,0,1
11317,M,1991,0,0,0
11318,F,2002,0,0,0
11319,F,1979,0,0,0
11320,M,1948,0,1,1
11321,F,1992,0,0,0
11322,M,1974,1,0,0
11323,M,1983,1,0,1
11324,F,1968,0,1,0
11325,F,1985,0,0,0
11326,F,1994,0,0,0
11327,M,1991,0,0,0
11328,F,1949,0,0,0
11329,F,1981,1,0,0
11330,M,1981,1,0,0
11331,F,1950,0,0,0
11332,F,1943,0,1,0
11333,F,2014,0,0,0
11334,F,2005,1,0,0
11335,F,1961,0,0,1
11336,F,1980,1,0,0
11337,M,1943,0,0,1
11338,M,2009,0,0,0
11339,F,1976,0,0,0
11340,M,1967,0,0,0
11341,M,1988,0,0,0
11342,M,1963,0,0,1
11343,F,1960,0,0,0
11344,F,1983,0,1,0
11345,F,1985,0,0,0
11346,F,1957,0,1,0
11347,M,1977,0,0,0
11348,M,1969,0,0,0
11349,M,1977,0,0,0
11350,M,1978,0,0,0
11351,M,1985,0,0,0
11352,M,1967,0,1,1
11353,F,1997,0,1,0
11354,M,2008,1,0,0
11355,F,1981,0,0,0
11356,M,1943,0,0,1
11357,F,1977,0,0,1
11358,M,1987,1,0,1
11359,M,1989,0,0,1
11360,M,1990,0,0,0
11361,M,2018,0,0,0
11362,M,1948,0,1,1
11363,M,1992,0,1,1
11364,F,1981,0,0,0
11365,M,1988,0,0,1
11366,F,1995,0,0,0
11367,M,1946,0,0,1
11368,F,2001,1,0,0
11369,M,1966,0,0,0
11370,F,2007,0,0,0
11371,F,1984,0,0,0
11372,F,1952,0,0,1
11373,F,1991,0,0,0
11374,F,1969,0,0,0
11375,M,1992,0,1,0
11376,M,1988,0,0,0
11377,M,1962,0,1,0
11378,M,1968,0,0,1
11379,M,1942,0,1,0
11380,F,1991,0,0,0
11381,F,1973,0,0,1
11382,M,1980,0,1,0
11383,F,1973,1,1,0
11384,M,1955,0,0,0
11385,M,1994,0,0,0
11386,F,1974,0,0,0
11387,F,1947,0,1,1
11388,F,1980,0,0,0
11389,F,1962,0,0,0
11390,M,2011,0,0,0
11391,F,1979,0,0,0
11392,F,1990,0,0,1
11393,M,2016,0,0,0
11394,F,1969,0,0,1
11395,F,1974,1,0,1
11396,F,1997,0,0,0
11397,M,2005,0,0,0
11398,F,1930,0,0,1
11399,F,1972,0,0,0
11400,M,1973,0,0,0
11401,F,1995,0,0,0
11402,M,1988,0,0,0
11403,M,1946,0,0,1
11404,F,1979,0,0,1
11405,F,1945,0,1,0
11406,F,1972,0,0,0
11407,F,1954,0,0,0
11408,M,2012,0,0,0
11409,M,1996,0,0,0
11410,M,1980,0,0,0
11411,F,1986,0,0,0
11412,M,1968,0,0,0
11413,F,2005,0,0,0
11414,F,2005,1,0,0
11415,F,1969,1,0,0
11416,M,1955,0,0,1
11417,M,1988,0,0,0
11418,M,1941,0,0,0
11419,F,1931,0,0,1
11420,F,1982,0,0,1
11421,M,1989,0,0,1
11422,M,1993,0,0,0
11423,M,1996,0,1,0
11424,F,1964,0,0,1
11425,M,1998,0,0,0
11426,F,2000,0,0,1
11427,F,1997,0,1,0
11428,F,1982,0,0,0
11429,F,1980,0,0,1
11430,M,1966,0,0,1
11431,M,1984,0,0,0
11432,F,2006,0,0,0
11433,M,1989,1,0,1
11434,M,1981,0,1,1
11435,M,1994,1,0,1
11436,F,1974,0,0,1
11437,F,2015,0,0,0
11438,M,1984,0,0,0
11439,M,1948,0,0,1
11440,F,1956,0,0,0
11441,M,1979,0,0,0
11442,F,1980,0,0,0
11443,F,1971,0,0,0
11444,M,2000,0,0,0
11445,M,1959,0,0,0
11446,F,1942,0,0,1
11447,M,1984,1,0,0
11448,F,1979,1,0,0
11449,M,1965,0,0,0
11450,M,1995,0,0,0
11451,M,1941,1,1,0
11452,F,1930,0,0,1
11453,F,1968,0,0,1
11454,F,1938,0,0,0
11455,M,2002,0,0,1
11456,F,1975,0,0,0
11457,F,2011,0,0,0
11458,M,1989,0,0,0
11459,M,1989,0,1,1
11460,F,1994,0,1,0
11461,M,2002,1,0,0
11462,M,1969,0,0,1
11463,M,1997,0,0,0
11464,F,1969,0,1,0
11465,M,1983,0,0,1
11466,F,1974,0,0,0
11467,F,1992,0,0,0
11468,M,1983,0,0,1
11469,F,1930,0,0,1
11470,F,1975,1,0,0
11471,M,1941,0,0,0
11472,M,1943,0,1,0
11473,M,1930,0,1,1
11474,M,2004,0,0,0
11475,M,1943,1,0,1
11476,F,1983,0,0,0
11477,F,1989,0,0,0
11478,M,2000,1,0,0
11479,F,2004,0,0,0
11480,M,1970,0,0,0
11481,M,2004,0,0,0
11482,F,1968,1,0,0
11483,M,2014,0,1,0
11484,F,1999,1,0,0
11485,M,1986,0,0,0
11486,F,1980,0,0,1
11487,F,1998,0,0,0
11488,M,2003,0,0,0
11489,F,1988,0,0,0
11490,F,1993,0,0,0
11491,F,1991,0,1,0
11492,F,1967,0,0,1
11493,M,1949,1,0,1
11494,F,1989,0,0,0
11495,M,1967,1,0,0
11496,M,1993,0,0,0
11497,M,1994,0,0,0
11498,M,1988,0,0,0
11499,F,1955,1,0,1
11500,M,2007,0,0,0
11501,M,2009,0,0,0
11502,M,1933,0,1,1
11503,M,1998,0,0,0
11504,F,1986,0,0,0
11505,M,1991,1,0,0
11506,F,1942,0,0,0
11507,F,1955,1,0,1
11508,F,2003,0,0,0
11509,M,1980,0,0,0
11510,M,1974,1,0,0
11511,M,1968,0,0,1
11512,M,2012,0,0,1
11513,M,2009,0,0,0
11514,F,1966,0,0,1
11515,M,2005,0,0,0
11516,M,1975,0,0,1
11517,M,2002,1,0,0
11518,M,2008,0,0,0
11519,M,1999,0,0,0
11520,M,1983,0,0,0
11521,M,1976,0,0,0
11522,M,1973,0,0,0
11523,F,1962,0,0,1
11524,F,1998,1,0,0
11525,F,1964,1,0,1
11526,M,1981,0,0,0
11527,F,1978,0,0,0
11528,F,1930,0,0,0
11529,M,1969,0,0,1
11530,F,1987,0,0,1
11531,F,1991,1,0,0
11532,F,1983,0,0,1
11533,F,2007,0,0,0
11534,F,1975,0,0,0
11535,M,1984,1,0,1
11536,F,1978,0,0,0
11537,F,1982,0,1,0
11538,M,2005,0,0,0
11539,M,1968,0,0,0
11540,M,1994,0,0,1
11541,M,1959,0,1,1
11542,M,1966,0,0,0
11543,F,1936,1,1,0
11544,M,1983,0,0,0
11545,M,1962,0,0,0
11546,M,1931,0,0,0
11547,F,1996,0,0,0
11548,F,1955,0,0,1
11549,M,1969,0,0,0
11550,F,2001,0,0,0
11551,M,1986,0,0,0
11552,M,1930,0,0,1
11553,M,1957,0,1,1
11554,M,1972,0,0,1
11555,M,1995,0,0,0
11556,F,2014,0,0,0
11557,M,2005,0,1,1
11558,M,1982,0,0,0
11559,F,1982,0,0,0
11560,F,1947,0,1,1
11561,M,1999,0,1,0
11562,M,2000,0,1,0
11563,M,1969,0,1,0
11564,M,1990,0,0,0
11565,F,1990,1,0,0
11566,M,1951,0,1,0
11567,M,2001,0,0,0
11568,F,1957,0,0,0
11569,M,1972,1,0,0
11570,F,1992,0,0,0
11571,F,1983,0,0,1
11572,M,1998,0,0,0
11573,M,1987,0,0,0
11574,M,1933,0,1,0
11575,F,1996,0,1,1
11576,F,2010,0,0,0
11577,M,1983,1,0,0
11578,F,1941,0,0,1
11579,M,1978,0,1,0
11580,F,1988,0,0,1
11581,M,1989,0,1,1
11582,M,1956,0,0,1
11583,M,1975,0,0,1
11584,F,2002,0,0,0
11585,M,1969,0,0,1
11586,F,1980,0,0,0
11587,F,1961,0,0,0
11588,M,1933,0,0,1
11589,F,1930,0,0,1
11590,M,1983,0,0,0
11591,F,1975,1,0,0
11592,M,1935,1,0,1
11593,M,1980,1,1,0
11594,M,1956,0,0,1
11595,M,1999,0,0,0
11596,F,1996,0,0,0
11597,F,1930,0,0,1
11598,M,1930,0,0,1
11599,F,1964,0,0,1
11600,M,1986,0,1,1
11601,M,1993,0,0,1
11602,F,1989,0,0,1
11603,F,2004,0,0,1
11604,F,1966,1,0,0
11605,M,1969,1,0,1
11606,F,1970,0,1,0
11607,M,1945,0,0,1
11608,M,1981,1,0,1
11609,F,1972,0,0,1
11610,M,2009,0,0,0
11611,F,1964,1,0,0
11612,F,1969,0,0,1
11613,F,2003,1,0,0
11614,M,1986,1,1,1
11615,M,1950,0,1,0
11616,M,1973,1,0,0
11617,M,1994,0,0,0
11618,F,1969,1,0,0
11619,M,1930,0,0,0
11620,M,2006,0,0,1
11621,F,1965,0,0,0
11622,F,1974,0,0,1
11623,M,2004,0,0,0
11624,M,1973,0,1,0
11625,F,1993,0,0,0
11626,M,1988,0,0,0
11627,M,1968,0,0,0
11628,M,1970,0,0,1
11629,F,1970,0,0,0
11630,F,1930,0,1,1
11631,M,1985,1,0,0
11632,F,2001,0,0,0
11633,M,1964,1,0,0
11634,F,1974,0,0,0
11635,F,1992,0,0,0
11636,F,1993,1,0,0
11637,M,1942,0,0,1
11638,M,2013,0,0,0
11639,M,1975,0,0,0
11640,M,1994,0,0,0
11641,M,1971,0,0,0
11642,M,1996,0,0,1
11643,F,1971,0,1,0
11644,M,1953,0,1,0
11645,F,1991,0,0,0
11646,F,1989,1,0,0
11647,M,1972,0,0,0
11648,F,1962,0,0,1
11649,F,1930,0,1,1
11650,F,1988,0,0,0
11651,M,1989,0,0,0
11652,M,2000,0,0,0
11653,M,2015,0,0,0
11654,F,1952,0,1,1
11655,M,1984,0,0,0
11656,F,2001,0,0,1
11657,F,1958,0,0,0
11658,M,1955,1,0,1
11659,F,1964,0,1,0
11660,M,1989,1,0,0
11661,M,1974,1,1,1
11662,M,1998,1,0,0
11663,F,1963,0,0,1
11664,F,1992,0,0,0
11665,M,1948,0,0,1
11666,F,1968,0,0,0
11667,M,2003,0,0,0
11668,F,1952,0,0,0
11669,F,1955,0,0,0
11670,M,1960,0,0,0
11671,F,1958,0,1,1
11672,M,1981,1,1,0
11673,F,1974,0,0,0
11674,M,1985,0,0,0
11675,F,2009,0,0,0
11676,M,1969,0,0,1
11677,F,2006,0,0,0
11678,F,2000,1,0,1
11679,M,1993,0,0,0
11680,F,1979,1,0,0
11681,F,1930,1,0,0
11682,M,1993,1,0,0
11683,M,1930,0,0,0
11684,M,1956,1,1,1
11685,M,1972,0,0,0
11686,M,1995,0,0,0
11687,M,1979,0,0,1
11688,F,1977,1,0,1
11689,F,1963,1,0,1
11690,M,1994,1,0,1
11691,F,1955,0,0,0
11692,F,1982,0,0,1
11693,F,1969,0,0,1
11694,F,1983,0,0,0
11695,F,1943,0,1,0
11696,F,1999,0,0,1
11697,M,1974,0,1,0
11698,F,2004,0,1,1
11699,M,1966,0,0,0
11700,F,2001,0,0,1
11701,F,1986,0,0,0
11702,M,1989,0,0,0
11703,M,1930,0,1,0
11704,M,1995,0,0,0
11705,F,1955,0,0,0
11706,M,2015,0,0,0
11707,M,1979,0,0,0
11708,F,1941,1,0,0
11709,F,2009,0,0,0
11710,F,1956,0,0,1
11711,F,1983,0,0,0
11712,F,2013,0,0,0
11713,M,1951,0,0,0
11714,F,1965,0,0,1
11715,F,1997,1,0,0
11716,M,1963,0,0,0
11717,F,2008,0,0,0
11718,F,1992,0,1,0
11719,F,1980,0,1,0
11720,F,1981,0,1,0
11721,M,1969,0,0,0
11722,F,1930,0,0,1
11723,M,2001,0,0,0
11724,M,1975,0,0,0
11725,F,1975,0,1,1
11726,M,1948,0,0,0
11727,M,1981,0,1,0
11728,M,2010,0,0,0
11729,M,1978,0,0,1
11730,F,2012,0,0,0
11731,M,1951,0,0,1
11732,F,1980,0,1,0
11733,F,1971,0,1,1
11734,M,1999,0,0,0
11735,F,1998,0,0,0
11736,M,1965,1,0,1
11737,M,1986,0,1,0
11738,M,1995,1,0,1
11739,M,1941,0,0,1
11740,M,1977,0,0,1
11741,F,1992,0,1,0
11742,M,1976,0,0,1
11743,M,1989,0,0,0
11744,M,1968,0,0,1
11745,M,2000,0,0,1
11746,M,1951,1,0,0
11747,M,1989,0,0,0
11748,M,2004,0,0,0
11749,M,2003,0,0,1
11750,F,1985,0,0,1
11751,F,1995,1,0,1
11752,F,2006,0,0,0
11753,M,2006,0,0,0
11754,M,1980,0,1,0
11755,F,1974,0,0,1
11756,M,1978,1,0,1
11757,M,1943,0,0,0
11758,F,1971,0,1,0
11759,M,1993,1,0,1
11760,F,1930,0,0,1
11761,F,1998,0,0,1
11762,F,2008,0,0,0
11763,M,1964,1,0,0
11764,M,1930,0,0,1
11765,F,1957,1,0,1
11766,F,1986,0,0,0
11767,M,1996,0,0,0
11768,M,1966,0,0,0
11769,F,1985,0,0,0
11770,M,1987,0,0,1
11771,M,1939,1,0,0
11772,F,2010,0,0,0
11773,M,1972,0,0,1
11774,F,1995,0,0,1
11775,M,1981,0,1,1
11776,M,1998,0,0,0
11777,F,1985,0,0,1
11778,M,1930,0,0,0
11779,F,1960,0,0,1
11780,M,1966,1,0,1
11781,M,1980,0,0,1
11782,M,1982,0,0,1
11783,F,1979,0,0,1
11784,M,1969,1,0,0
11785,F,1960,1,0,0
11786,M,1930,0,0,1
11787,F,1986,1,0,1
11788,F,1940,0,1,1
11789,M,1930,0,0,1
11790,M,1957,0,0,0
11791,F,1983,0,0,1
11792,M,1957,0,0,0
11793,M,2007,0,0,1
11794,F,1930,0,1,1
11795,M,1954,0,0,0
11796,M,1984,1,1,0
11797,F,1985,0,0,0
11798,F,2004,1,0,0
11799,F,1949,0,0,1
11800,M,1985,0,0,1
11801,M,1930,0,0,1
11802,M,2007,0,0,0
11803,F,1998,0,0,0
11804,M,2000,0,0,0
11805,M,2016,0,0,0
11806,F,1964,0,0,1
11807,M,2002,1,1,0
11808,F,1998,0,0,0
11809,M,2001,0,0,1
11810,M,1989,0,0,0
11811,M,1932,0,0,0
11812,F,1969,0,1,1
11813,M,1976,0,1,1
11814,M,1981,0,1,0
11815,M,1992,0,0,0
11816,M,1992,0,0,0
11817,M,1977,0,0,0
11818,M,1937,0,0,1
11819,M,1993,0,0,0
11820,F,1953,0,0,1
11821,F,2001,1,0,0
11822,M,1964,0,0,1
11823,F,1939,0,0,1
11824,F,1983,0,0,1
11825,F,1992,0,1,0
11826,M,1964,0,0,1
11827,M,1930,0,0,1
11828,M,1955,0,0,0
11829,M,1930,0,0,1
11830,F,1980,0,0,0
11831,M,1982,0,0,1
11832,M,2006,0,0,0
11833,M,1993,0,1,1
11834,M,1984,1,0,0
11835,M,1981,0,0,0
11836,F,1964,1,0,0
11837,M,1991,0,1,1
11838,F,1990,0,0,0
11839,F,1930,1,0,0
11840,F,2015,0,0,0
11841,M,2013,0,0,0
11842,M,1998,0,0,0
11843,F,2014,0,0,0
11844,M,2012,0,0,0
11845,M,1989,0,0,0
11846,M,1973,0,0,0
11847,M,1989,0,0,1
11848,M,1971,0,0,0
11849,F,1960,1,0,0
11850,M,1976,1,1,0
11851,M,1971,0,0,0
11852,F,1987,0,0,1
11853,M,1991,0,0,1
11854,F,2014,0,0,0
11855,M,1958,0,0,0
11856,F,1977,0,1,1
11857,M,1973,0,0,0
11858,F,2007,1,0,1
11859,F,1998,0,1,1
11860,M,1988,0,1,0
11861,M,2002,0,0,0
11862,F,1976,0,0,1
11863,M,1978,0,0,0
11864,M,1980,0,0,0
11865,F,1959,1,0,0
11866,M,1976,0,0,0
11867,M,1943,0,0,1
11868,F,1975,0,0,0
11869,F,1994,0,1,0
11870,F,1982,0,0,1
11871,F,2017,0,0,0
11872,F,1973,0,1,0
11873,F,1997,0,0,1
11874,M,1979,0,0,1
11875,F,1995,0,0,1
11876,F,2002,0,0,0
11877,F,1930,1,1,1
11878,F,1995,0,0,0
11879,M,1998,0,0,0
11880,M,1963,0,0,0
11881,F,1989,0,1,0
11882,F,1996,0,0,0
11883,M,1962,0,0,1
11884,F,1982,0,0,1
11885,F,1958,0,0,1
11886,F,1941,0,0,0
11887,F,1989,1,0,0
11888,F,1965,0,1,1
11889,M,1939,0,1,1
11890,M,1930,1,1,0
11891,F,1993,0,0,1
11892,F,1953,0,0,1
11893,M,2013,0,0,0
11894,M,1975,1,0,0
11895,F,2005,0,0,0
11896,F,1989,0,0,0
11897,M,1930,0,1,1
11898,M,1957,1,0,1
11899,M,2005,1,0,0
11900,M,2001,0,0,1
11901,F,1950,0,0,1
11902,F,1951,0,0,0
11903,F,1949,0,0,0
11904,F,1975,0,1,0
11905,M,1958,1,0,1
11906,M,1988,0,0,0
11907,M,1989,0,0,0
11908,M,1977,1,0,1
11909,M,1996,0,0,0
11910,M,1999,0,0,0
11911,F,1967,0,1,0
11912,M,1964,0,0,0
11913,F,1999,0,0,0
11914,F,1993,0,1,0
11915,F,1971,0,0,1
11916,F,1973,0,0,1
11917,F,1975,0,0,0
11918,F,1998,1,0,0
11919,F,1930,0,1,1
11920,F,1991,1,0,1
11921,M,1970,0,0,1
11922,F,2002,0,0,0
11923,M,1982,0,0,0
11924,F,1999,0,0,1
11925,M,1991,0,0,1
11926,M,1975,0,0,0
11927,M,1943,0,0,0
11928,M,1993,0,0,0
11929,F,1976,0,0,1
11930,F,1970,0,1,0
11931,M,1963,0,1,0
11932,F,2011,0,0,0
11933,M,1958,0,0,1
11934,F,1970,0,0,1
11935,M,1975,0,1,1
11936,F,1930,0,0,0
11937,F,1995,0,0,0
11938,F,1973,0,1,1
11939,M,1930,0,0,1
11940,F,1948,0,0,0
11941,F,1989,0,0,0
11942,F,1976,0,0,1
11943,M,1975,0,0,1
11944,M,1986,0,0,0
11945,F,2004,0,0,0
11946,M,1989,0,0,0
11947,F,1968,0,0,0
11948,F,1989,0,0,0
11949,M,1982,0,0,0
11950,M,1943,0,1,0
11951,F,1982,0,0,0
11952,M,1981,0,0,1
11953,M,1978,0,0,0
11954,F,1991,0,0,1
11955,F,1957,0,0,0
11956,F,2002,0,0,0
11957,M,1991,0,0,0
11958,M,1976,0,1,0
11959,M,1988,0,0,0
11960,F,1932,1,1,1
11961,F,1981,0,0,0
11962,F,1981,0,0,0
11963,F,1999,1,1,1
11964,F,1988,0,0,0
11965,M,1959,0,0,1
11966,F,1995,0,0,0
11967,M,2009,1,0,0
11968,M,1984,0,0,1
11969,F,1980,0,0,0
11970,F,1990,0,1,0
11971,F,1942,0,0,1
11972,F,1930,0,0,1
11973,F,1976,0,1,0
11974,M,1988,0,0,0
11975,F,1968,0,0,1
11976,F,1942,0,0,1
11977,M,1993,0,0,0
11978,M,1960,1,1,1
11979,F,1984,0,0,0
11980,M,1950,0,1,1
11981,M,1999,1,0,0
11982,M,1937,0,1,1
11983,M,1975,0,0,0
11984,F,1968,0,1,0
11985,M,2001,0,0,0
11986,M,2001,0,0,0
11987,M,1972,0,0,1
11988,F,1967,0,0,0
11989,M,1986,0,0,0
11990,F,1964,0,0,1
11991,F,2001,0,0,0
11992,M,2005,0,0,0
11993,F,1978,0,0,0
11994,M,2002,0,0,0
11995,F,2009,0,0,1
11996,F,1997,0,0,0
11997,F,1968,0,1,0
11998,M,1975,0,1,1
11999,M,1941,0,0,0
12000,M,1974,1,0,0
12001,M,2001,0,0,0
12002,M,1966,1,0,0
12003,F,1994,1,0,0
12004,F,1987,0,0,0
12005,F,1993,0,0,1
12006,F,2002,1,0,0
12007,M,1930,0,1,1
12008,M,1996,1,0,0
12009,M,2010,0,0,0
12010,F,1963,0,0,0
12011,F,2012,0,0,0
12012,M,1984,0,1,1
12013,M,1958,0,0,1
12014,F,2004,0,0,0
12015,F,1981,0,1,1
12016,F,1987,0,0,0
12017,F,1997,1,0,0
12018,F,1941,0,0,0
12019,F,1988,0,1,0
12020,F,1963,1,0,0
12021,M,1955,0,0,0
12022,M,1985,0,0,0
12023,F,2000,0,0,0
12024,F,1954,0,0,1
12025,M,1984,0,0,1
12026,M,1982,1,0,1
12027,M,1989,1,0,1
12028,M,1955,1,1,0
12029,M,2002,0,0,0
12030,F,1982,0,0,0
12031,F,2000,0,1,1
12032,M,1989,0,0,1
12033,M,1951,0,1,0
12034,M,1951,0,0,1
12035,M,1986,0,0,1
12036,F,1974,0,0,0
12037,M,1974,1,0,0
12038,M,2000,1,0,0
12039,F,1967,0,0,0
12040,F,1998,0,0,0
12041,M,1990,1,0,1
12042,F,2009,0,0,0
12043,M,1962,1,0,0
12044,M,1955,0,0,1
12045,F,1973,0,0,1
12046,F,1980,0,0,0
12047,M,1991,0,0,0
12048,F,1961,0,0,1
12049,M,1931,0,0,0
12050,M,1996,0,0,0
12051,M,1985,0,0,0
12052,M,2001,1,0,0
12053,M,1980,0,0,1
12054,M,1989,0,0,1
12055,F,1984,0,0,1
12056,F,1961,0,0,1
12057,M,1952,0,0,0
12058,M,2003,0,0,0
12059,F,1975,0,0,0
12060,F,1941,0,0,0
12061,M,1969,1,1,0
12062,M,2000,0,0,0
12063,F,1954,0,0,0
12064,F,1967,0,1,0
12065,M,1970,0,0,1
12066,M,1986,1,0,0
12067,F,1972,0,0,0
12068,M,1930,0,0,1
12069,F,2011,0,0,0
12070,M,1990,0,0,0
12071,M,1988,0,0,1
12072,M,2016,0,0,0
12073,F,1930,0,1,0
12074,F,2001,0,0,0
12075,F,2002,0,0,1
12076,F,2007,1,1,0
12077,F,1990,0,0,0
12078,F,1970,0,0,0
12079,F,1982,0,0,0
12080,F,1999,0,0,0
12081,F,1971,1,0,1
12082,F,1982,0,0,0
12083,F,1946,0,0,0
12084,F,1994,1,0,1
12085,F,1996,1,0,0
12086,F,1959,0,0,1
12087,M,2001,1,0,1
12088,M,2007,0,0,0
12089,M,1983,0,0,1
12090,F,1969,0,1,1
12091,F,2008,0,0,0
12092,M,1956,0,1,0
12093,F,2009,0,0,1
12094,M,1993,1,0,0
12095,F,1982,0,0,0
12096,F,1942,0,0,1
12097,F,1940,0,0,1
12098,F,1978,0,1,1
12099,F,1991,1,1,0
12100,M,1989,0,0,0
12101,M,1930,1,0,0
12102,M,1949,1,0,1
12103,M,1973,0,0,0
12104,M,1977,0,1,0
12105,M,1979,0,0,0
12106,M,2011,0,0,0
12107,M,2019,0,0,1
12108,F,1987,0,0,0
12109,F,2003,0,0,0
12110,F,1977,0,0,1
12111,M,1978,0,0,0
12112,M,2008,0,0,0
12113,F,1976,0,0,0
12114,F,1975,0,0,0
12115,M,1975,0,0,1
12116,F,1994,0,0,0
12117,M,1970,0,1,0
12118,M,1969,0,0,0
12119,M,1971,0,0,1
12120,M,1988,0,0,0
12121,M,1937,0,0,1
12122,F,1946,0,0,0
12123,F,1980,0,0,1
12124,F,1996,1,0,1
12125,M,1998,0,0,0
12126,M,1968,0,0,1
12127,F,2005,0,0,0
12128,M,1966,0,0,1
12129,M,2006,0,0,0
12130,M,1984,0,0,0
12131,F,1968,0,1,1
12132,M,1997,0,0,1
12133,M,1957,1,0,0
12134,F,1990,0,1,0
12135,M,1982,0,1,0
12136,M,2013,0,0,0
12137,F,2007,0,0,0
12138,F,2012,0,0,0
12139,F,1963,0,0,0
12140,M,1991,0,0,0
12141,F,1953,0,0,0
12142,F,2016,0,0,0
12143,F,1972,0,0,0
12144,M,2013,0,0,0
12145,M,1999,0,0,0
12146,M,1985,0,0,0
12147,M,1991,0,0,0
12148,F,1975,0,0,1
12149,M,1994,0,0,0
12150,M,1987,0,0,0
12151,M,2001,0,0,0
12152,F,1967,0,0,0
12153,F,1980,0,0,1
12154,M,1972,0,0,0
12155,F,1983,0,0,1
12156,F,1961,1,0,1
12157,M,1994,0,0,1
12158,F,1981,0,0,0
12159,F,1930,1,0,0
12160,M,2004,0,0,0
12161,F,1951,0,0,0
12162,F,1930,0,1,1
12163,F,1969,0,0,1
12164,M,2018,0,0,0
12165,F,2003,1,0,1
12166,M,2012,0,0,0
12167,M,1975,0,1,0
12168,F,1983,0,0,0
12169,M,1935,0,0,0
12170,F,1933,0,1,1
12171,M,1984,1,0,0
12172,M,1983,0,0,0
12173,F,1993,0,0,0
12174,F,1971,0,0,1
12175,M,2000,0,0,0
12176,F,1985,0,0,0
12177,F,1998,0,0,0
12178,F,1977,0,0,1
12179,M,1953,0,0,0
12180,M,2007,0,0,0
12181,F,1987,0,0,1
12182,M,1942,1,0,1
12183,F,1930,0,0,0
12184,M,1993,0,0,0
12185,M,1998,0,0,0
12186,M,2019,0,0,0
12187,M,1949,0,0,1
12188,M,1952,0,0,1
12189,F,1980,0,0,0
12190,F,1930,0,1,1
12191,F,1983,0,0,1
12192,F,1948,0,0,1
12193,M,1992,0,0,0
12194,M,1987,1,1,0
12195,M,1975,0,0,1
12196,M,1998,0,0,0
12197,M,1959,0,1,1
12198,F,1979,0,0,1
12199,F,2011,0,0,0
12200,M,1947,0,0,1
12201,M,2000,0,0,0
12202,F,1998,0,0,0
12203,F,1988,0,0,0
12204,M,1970,0,1,0
12205,F,1974,0,0,0
12206,F,1934,1,1,0
12207,F,1975,0,0,0
12208,M,2008,0,0,0
12209,F,2002,0,0,0
12210,M,2008,0,0,0
12211,M,2009,0,0,0
12212,M,1990,0,1,0
12213,F,1950,0,0,1
12214,F,1979,0,1,1
12215,M,1969,0,0,0
12216,F,1959,0,1,0
12217,F,1947,0,0,0
12218,F,1996,0,0,0
12219,F,1953,0,0,0
12220,M,1958,1,0,1
12221,M,1991,0,0,1
12222,F,1997,0,1,0
12223,M,1985,1,0,1
12224,M,1936,1,0,1
12225,F,1948,0,0,1
12226,F,1991,0,0,0
12227,M,1952,0,1,1
12228,F,1964,0,1,0
12229,M,1970,1,1,0
12230,F,1939,0,0,0
12231,F,1974,0,1,1
12232,F,1980,0,0,0
12233,M,2013,0,0,0
12234,M,1960,0,1,0
12235,M,1999,0,0,0
12236,M,2001,1,1,0
12237,F,1980,0,0,1
12238,M,2001,0,0,0
12239,M,1972,0,0,0
12240,M,1976,0,0,0
12241,F,1979,0,0,1
12242,F,1985,0,0,0
12243,F,1961,0,0,1
12244,F,1972,0,1,1
12245,F,1972,0,0,1
12246,M,1997,0,0,1
12247,F,1983,0,0,0
12248,F,1998,0,0,0
12249,M,1984,1,0,1
12250,M,1995,1,0,1
12251,M,1984,0,0,0
12252,M,1983,0,0,0
12253,M,1984,1,0,0
12254,M,1960,1,0,0
12255,M,1968,1,1,0
12256,F,2005,0,0,0
12257,F,1987,0,1,0
12258,F,1979,0,0,0
12259,M,1996,0,0,0
12260,M,1976,0,0,1
12261,F,1994,1,0,0
12262,F,1982,0,0,0
12263,M,1999,0,0,1
12264,F,1984,0,0,0
12265,M,1967,0,0,1
12266,F,1963,0,0,0
12267,M,1982,1,0,0
12268,F,1930,0,0,1
12269,F,1974,0,1,0
12270,F,1962,0,0,1
12271,M,1946,0,0,0
12272,M,1996,0,0,1
12273,M,1967,0,1,1
12274,F,1977,0,1,1
12275,F,1966,0,0,1
12276,M,1955,0,0,0
12277,M,1998,0,0,0
12278,M,1930,0,0,0
12279,F,1981,0,0,0
12280,F,1989,0,1,0
12281,M,2015,0,0,0
12282,M,1949,0,0,0
12283,F,1958,0,0,0
12284,F,1986,0,0,1
12285,F,2011,0,0,0
12286,F,1980,0,0,0
12287,F,2006,0,0,1
12288,F,1952,0,0,0
12289,F,1987,1,0,0
12290,M,2000,0,0,0
12291,M,1976,1,0,1
12292,M,1972,0,0,0
12293,F,1969,0,0,0
12294,M,1999,0,0,0
12295,F,1956,0,0,0
12296,F,1986,0,0,0
12297,M,2013,0,0,1
12298,M,1984,0,0,0
12299,M,1984,0,0,0
12300,F,1984,1,0,0
12301,F,1975,0,0,0
12302,M,1930,1,1,1
12303,F,1983,0,0,0
12304,F,1980,0,1,0
12305,M,1993,0,0,0
12306,M,1983,1,0,0
12307,F,1968,0,0,0
12308,M,1968,0,0,0
12309,F,1943,0,0,1
12310,M,2011,0,0,0
12311,M,1959,0,0,0
12312,F,1964,0,1,1
12313,M,2008,0,0,0
12314,F,1944,0,0,1
12315,M,2005,0,0,0
12316,F,1967,0,0,0
12317,F,2013,0,0,0
12318,F,2000,0,0,0
12319,F,1967,0,0,1
12320,M,1965,0,0,0
12321,F,1985,0,0,1
12322,F,1940,0,0,0
12323,F,1967,0,0,1
12324,M,1955,0,0,0
12325,F,1984,0,0,0
12326,F,2002,0,0,0
12327,M,2002,1,0,0
12328,M,1989,0,0,0
12329,F,1999,0,0,0
12330,M,2000,0,0,0
12331,F,2009,0,0,1
12332,F,1988,0,0,0
12333,F,2010,0,0,0
12334,M,1988,0,0,1
12335,F,2012,0,0,0
12336,F,1990,0,0,1
12337,F,1968,0,0,0
12338,F,2000,0,0,0
12339,M,1975,0,0,1
12340,M,1977,0,0,0
12341,M,1995,0,0,0
12342,F,2010,0,0,0
12343,F,1938,0,1,0
12344,F,1959,0,0,1
12345,M,1996,0,0,0
12346,F,1934,0,0,0
12347,M,1961,1,0,1
12348,F,1966,0,0,0
12349,M,2005,0,0,0
12350,F,1966,0,0,0
12351,F,1951,1,0,1
12352,M,1980,1,0,0
12353,M,1974,0,0,1
12354,M,1968,0,1,0
12355,M,1946,0,0,1
12356,F,1972,0,1,0
12357,F,1969,0,0,0
12358,F,1976,0,0,1
12359,M,1933,0,0,0
12360,M,1980,0,0,0
12361,M,1969,0,1,0
12362,M,1944,1,0,0
12363,F,1991,0,0,0
12364,F,1930,0,0,1
12365,M,1993,1,0,0
12366,M,1999,0,0,0
12367,F,1968,0,0,0
12368,M,1994,0,0,0
12369,F,1935,0,1,0
12370,F,1930,0,0,1
12371,M,1999,0,0,1
12372,F,2000,0,0,0
12373,M,2001,1,0,0
12374,F,2013,0,0,1
12375,F,1994,0,0,0
12376,F,1952,0,0,1
12377,M,1967,0,1,0
12378,M,1986,0,0,0
12379,F,1970,0,1,0
12380,M,2010,0,0,0
12381,F,2005,0,0,0
12382,F,1980,0,0,1
12383,M,1975,0,0,1
12384,M,1977,0,1,0
12385,M,1995,0,0,0
12386,F,1995,0,0,0
12387,F,1964,0,0,0
12388,F,1966,0,1,0
12389,M,2013,0,0,0
12390,F,2013,0,0,0
12391,F,1930,0,1,0
12392,F,1974,0,0,0
12393,M,1977,0,1,0
12394,M,1998,0,0,0
12395,F,1989,0,0,0
12396,F,1993,0,0,0
12397,M,1952,0,0,1
12398,M,1954,1,0,0
12399,M,1974,0,0,0
12400,M,1978,0,0,1
12401,F,1969,0,0,1
12402,F,1978,0,1,0
12403,F,1964,0,0,0
12404,M,1940,1,1,1
12405,M,1983,0,0,0
12406,M,1998,0,0,0
12407,M,1978,0,0,1
12408,F,1993,0,1,0
12409,M,2007,0,0,0
12410,F,2002,0,0,0
12411,F,1946,0,1,0
12412,M,1979,0,1,1
12413,F,1989,0,0,0
12414,M,1975,0,0,1
12415,F,1991,0,0,1
12416,F,1945,0,0,1
12417,M,1930,0,0,0
12418,M,1990,1,0,0
12419,M,1984,0,0,0
12420,M,1972,0,0,0
12421,F,2003,0,0,1
12422,F,2012,0,0,0
12423,F,1949,0,1,0
12424,F,1989,0,0,0
12425,F,1991,0,0,0
12426,F,1970,0,0,1
12427,M,1998,1,0,0
12428,M,1991,0,0,0
12429,M,2003,0,0,0
12430,F,2010,0,0,0
12431,F,1992,0,0,0
12432,F,1998,0,0,0
12433,F,2000,0,0,0
12434,F,1981,0,0,1
12435,F,1961,1,0,1
12436,M,1960,0,0,1
12437,M,1961,1,0,0
12438,F,1996,0,1,0
12439,M,1983,1,0,0
12440,F,1992,0,0,0
12441,M,1996,0,0,0
12442,F,1995,0,0,0
12443,F,2001,0,0,1
12444,M,1975,0,1,0
12445,M,1951,0,0,1
12446,F,1993,0,0,0
12447,F,1995,0,0,1
12448,M,2012,0,0,0
12449,M,1966,0,0,1
12450,F,2014,0,0,0
12451,M,1979,0,0,1
12452,M,1997,0,0,1
12453,F,1987,1,0,0
12454,M,1978,0,0,0
12455,F,1980,0,0,1
12456,M,1956,0,0,0
12457,M,2013,0,0,0
12458,F,1960,0,1,0
12459,M,1977,0,0,0
12460,F,1952,1,0,1
12461,M,1981,0,0,0
12462,M,2006,1,0,0
12463,F,1984,0,0,0
12464,M,1967,0,1,1
12465,M,1962,0,0,0
12466,M,1984,0,1,1
12467,M,1986,0,0,0
12468,F,1977,0,0,1
12469,M,1957,0,1,0
12470,M,1991,0,0,0
12471,F,1972,0,0,0
12472,M,1930,0,0,1
12473,M,1930,0,0,1
12474,M,1957,0,0,1
12475,F,1987,0,0,0
12476,M,2003,0,0,0
12477,F,1973,0,0,0
12478,F,1939,0,0,1
12479,F,1983,0,0,1
12480,F,1953,0,0,1
12481,F,1956,0,1,1
12482,M,1981,0,0,1
12483,M,1959,0,0,1
12484,M,2002,0,0,1
12485,M,1986,1,0,0
12486,M,1970,0,0,0
12487,M,1982,1,0,1
12488,F,2001,0,0,1
12489,M,1959,0,0,1
12490,M,1971,0,0,1
12491,F,1977,0,1,1
12492,M,1946,0,0,1
12493,M,1958,1,0,0
12494,F,2016,0,0,0
12495,M,1977,0,0,0
12496,F,1978,0,1,0
12497,M,1989,0,0,0
12498,F,2013,0,0,0
12499,M,1996,0,0,0
12500,F,2015,0,0,0
12501,F,1930,0,0,0
12502,F,1982,0,0,1
12503,F,1969,0,0,0
12504,M,2001,0,0,0
12505,F,2012,0,0,0
12506,M,1990,0,0,0
12507,M,1993,0,1,0
12508,F,1976,0,0,1
12509,M,1989,1,1,0
12510,F,1930,0,0,0
12511,F,1952,1,1,1
12512,F,1936,0,0,0
12513,F,1981,0,0,0
12514,M,1976,1,0,0
12515,F,1940,0,0,1
12516,F,1991,0,0,0
12517,F,1970,0,0,1
12518,F,1989,0,0,0
12519,F,1969,0,0,0
12520,F,2005,1,1,0
12521,F,1993,0,0,0
12522,F,1975,0,0,1
12523,F,1972,0,0,0
12524,M,1962,0,0,1
12525,M,2003,0,0,0
12526,F,1976,0,0,0
12527,F,2008,0,1,0
12528,F,1988,0,0,0
12529,F,1981,1,0,0
12530,F,1984,1,0,0
12531,M,1930,1,1,1
12532,M,1980,0,0,0
12533,M,1967,0,0,1
12534,M,1975,0,0,1
12535,M,1982,0,0,0
12536,M,1969,1,0,1
12537,F,1978,0,0,0
12538,M,1980,0,0,1
12539,M,1986,0,0,0
12540,M,1991,0,0,0
12541,M,1993,0,0,0
12542,M,1980,0,1,0
12543,M,1981,0,0,1
12544,F,1941,0,1,1
12545,F,2006,0,0,1
12546,F,1930,0,0,1
12547,F,2002,1,0,1
12548,M,1982,0,0,0
12549,F,1972,0,0,1
12550,M,1999,0,0,1
12551,F,2003,0,0,0
12552,M,1985,0,0,0
12553,M,1966,1,0,0
12554,M,1958,0,1,0
12555,F,2004,0,0,0
12556,M,1986,0,1,0
12557,M,2010,0,0,0
12558,F,1999,0,0,0
12559,F,1949,0,1,1
12560,M,1974,1,0,1
12561,F,1998,0,0,0
12562,F,1952,0,0,1
12563,M,1996,0,1,0
12564,M,1983,0,0,1
12565,F,2012,0,0,0
12566,F,1998,0,0,0
12567,M,1976,0,0,0
12568,M,1977,0,0,0
12569,M,1991,0,0,0
12570,F,1985,0,1,0
12571,F,1964,0,0,1
12572,F,1987,0,0,0
12573,F,1972,0,0,0
12574,F,1994,0,0,0
12575,F,1983,0,0,0
12576,M,2012,0,0,0
12577,M,1992,0,1,0
12578,M,1980,0,0,1
12579,M,1984,0,0,0
12580,M,1994,0,0,1
12581,M,2001,0,0,0
12582,F,1980,0,1,0
12583,F,1985,1,0,1
12584,F,1975,1,1,0
12585,F,1996,0,0,1
12586,M,1968,0,0,0
12587,M,2003,0,0,0
12588,F,2007,0,0,0
12589,F,1948,0,0,1
12590,F,2002,1,1,1
12591,M,1980,1,0,1
12592,F,1989,0,0,0
12593,F,1947,0,0,1
12594,F,1967,0,0,1
12595,F,2007,0,0,0
12596,M,1936,0,0,0
12597,M,1957,0,0,0
12598,M,1991,0,0,0
12599,F,2003,0,0,1
12600,F,1978,0,1,0
12601,F,1977,1,1,1
12602,F,2011,0,0,0
12603,F,1980,1,1,1
12604,M,1960,0,0,1
12605,F,1981,0,1,0
12606,M,1984,0,0,0
12607,F,1987,1,1,0
12608,M,1998,1,1,0
12609,M,1953,1,0,1
12610,F,1990,0,0,1
12611,M,1978,0,1,0
12612,F,2005,1,0,0
12613,F,1985,0,0,0
12614,M,1971,1,0,0
12615,M,1990,0,0,0
12616,F,1990,0,0,0
12617,M,1983,0,0,0
12618,F,1972,0,0,1
12619,F,1980,0,0,1
12620,M,1930,0,0,1
12621,F,1948,0,0,1
12622,M,1994,0,0,0
12623,F,1955,0,0,0
12624,M,2011,0,0,0
12625,M,1989,0,0,1
12626,F,2008,0,0,0
12627,M,1969,0,0,0
12628,M,1990,0,0,0
12629,F,2004,0,0,0
12630,M,1963,0,0,1
12631,F,2002,0,0,1
12632,F,1966,0,0,1
12633,F,1977,0,0,0
12634,M,1987,0,0,1
12635,F,1959,0,0,1
12636,M,2000,0,0,0
12637,M,2010,0,0,1
12638,M,2003,0,0,0
12639,M,1930,0,1,0
12640,F,1998,1,1,0
12641,M,1991,0,0,0
12642,F,1940,0,0,0
12643,M,1991,0,1,0
12644,M,1968,1,0,0
12645,M,1935,0,1,1
12646,M,1973,0,0,0
12647,M,1984,0,0,0
12648,M,1962,0,0,0
12649,M,2014,0,0,0
12650,M,1992,0,1,0
12651,M,1948,0,1,0
12652,M,1998,0,1,0
12653,F,2017,0,0,0
12654,M,1980,0,0,0
12655,F,1968,0,1,0
12656,F,1989,0,0,0
12657,F,1967,0,0,1
12658,F,1977,1,0,0
12659,F,1930,1,0,0
12660,M,1962,0,0,1
12661,F,1977,0,0,0
12662,M,2012,0,0,0
12663,F,1996,0,0,0
12664,F,2002,0,1,1
12665,F,1941,0,0,1
12666,F,2003,0,0,0
12667,F,1990,0,0,0
12668,F,1974,0,0,0
12669,F,1993,1,0,0
12670,F,1991,0,1,1
12671,M,1977,0,0,0
12672,F,1998,0,0,0
12673,M,1980,0,0,1
12674,M,1963,0,0,1
12675,F,1995,0,0,0
12676,M,2002,0,0,0
12677,M,1932,1,0,1
12678,M,1931,0,1,1
12679,F,1985,1,0,0
12680,F,1981,1,1,1
12681,F,1981,0,0,0
12682,M,1992,0,1,1
12683,F,1985,0,0,0
12684,F,2012,0,0,0
12685,M,2006,0,0,0
12686,M,1991,0,0,1
12687,F,1995,1,0,0
12688,F,2005,0,0,1
12689,F,1985,0,0,0
12690,F,1967,0,0,1
12691,F,1998,0,0,1
12692,F,2015,0,0,0
12693,F,1977,1,1,1
12694,F,1990,0,0,0
12695,F,1962,0,0,0
12696,F,2007,1,0,0
12697,F,2003,0,0,1
12698,F,1991,0,0,0
12699,F,2000,0,0,0
12700,M,1952,0,0,0
12701,F,2007,0,0,1
12702,M,1992,0,0,0
12703,M,1930,0,0,1
12704,F,2007,0,1,0
12705,F,1983,0,0,1
12706,F,1990,0,0,0
12707,F,1973,1,0,1
12708,F,1976,0,0,0
12709,M,1978,0,0,0
12710,M,1959,0,0,0
12711,F,1960,0,0,0
12712,M,1995,0,0,0
12713,F,1996,0,0,0
12714,M,1968,1,1,0
12715,F,1980,0,1,0
12716,F,1975,0,0,0
12717,F,1983,0,0,0
12718,M,1993,0,0,0
12719,M,1969,0,0,0
12720,F,1998,1,0,0
12721,F,1930,0,0,1
12722,F,1930,1,1,1
12723,M,1930,0,1,1
12724,M,1978,0,0,1
12725,M,1991,1,0,0
12726,M,1943,0,0,0
12727,M,1982,0,1,1
12728,M,1962,0,0,0
12729,F,1962,0,0,0
12730,M,1998,0,0,0
12731,M,1970,0,0,1
12732,F,1963,1,0,0
12733,F,1985,0,0,0
12734,M,2006,0,1,0
12735,M,1942,0,1,1
12736,F,1930,0,1,1
12737,F,1981,1,0,0
12738,M,1989,0,0,1
12739,F,2008,0,0,0
12740,F,1980,0,1,0
12741,F,1992,1,0,0
12742,F,2008,0,0,0
12743,F,1959,1,1,1
12744,F,1969,0,0,1
12745,F,1994,0,0,0
12746,M,1932,0,0,0
12747,F,1984,0,1,1
12748,M,1980,0,0,1
12749,M,1987,1,1,0
12750,F,1954,0,1,0
12751,F,1970,1,0,0
12752,F,2012,0,0,0
12753,M,1982,1,1,0
12754,F,1962,0,0,1
12755,M,2008,1,0,0
12756,M,1963,1,0,1
12757,F,1969,1,0,0
12758,M,2001,0,0,0
12759,M,1988,1,0,0
12760,F,2005,0,0,0
12761,M,1994,0,0,0
12762,M,1988,0,0,0
12763,M,1966,0,0,0
12764,F,1960,0,0,0
12765,M,1977,0,0,0
12766,F,1989,1,1,0
12767,F,1964,0,0,0
12768,M,1980,1,0,0
12769,M,1975,0,0,1
12770,M,1959,1,0,0
12771,M,1965,1,0,1
12772,F,1975,0,0,1
12773,F,1970,1,0,0
12774,M,1994,0,0,0
12775,M,1997,0,0,0
12776,F,1930,0,0,1
12777,F,1998,0,0,1
12778,F,1958,0,1,1
12779,M,1989,0,0,0
12780,M,1967,0,0,1
12781,M,2013,0,0,0
12782,F,2006,0,0,0
12783,F,1956,0,0,0
12784,M,2009,0,0,0
12785,M,1994,0,0,0
12786,F,1941,0,0,1
12787,F,1960,0,0,1
12788,M,1990,0,0,1
12789,F,1997,0,0,1
12790,M,1935,0,0,1
12791,M,1996,0,1,1
12792,F,1976,0,0,0
12793,M,1945,0,0,0
12794,F,1971,1,0,0
12795,F,1945,1,0,0
12796,F,1991,0,1,0
12797,M,2002,0,0,0
12798,F,1965,0,0,0
12799,M,1949,0,1,0
12800,F,1970,0,0,0
12801,M,2000,0,0,0
12802,M,1930,0,0,1
12803,F,2005,1,1,0
12804,F,1978,0,0,1
12805,F,1945,0,0,1
12806,M,1981,0,0,0
12807,M,1965,0,0,1
12808,M,2010,0,0,0
12809,F,1966,0,1,1
12810,M,2000,0,0,0
12811,F,1978,0,0,0
12812,M,2005,1,0,1
12813,F,1963,0,0,0
12814,M,1970,0,0,1
12815,F,1978,1,0,0
12816,M,1956,0,0,0
12817,M,1967,0,0,0
12818,F,2006,1,0,0
12819,F,1956,0,0,1
12820,M,1967,0,1,1
12821,M,1998,1,0,0
12822,F,1982,0,0,1
12823,F,1992,0,0,0
12824,F,1930,0,0,1
12825,F,2002,0,0,0
12826,M,1991,0,0,0
12827,F,1983,0,0,0
12828,F,1979,0,0,0
12829,M,1990,0,0,0
12830,F,1980,0,0,0
12831,F,1969,1,0,0
12832,M,1996,0,0,0
12833,F,1990,0,0,0
12834,F,1930,0,0,0
12835,M,2019,0,1,0
12836,M,1956,0,1,1
12837,F,1957,1,0,0
12838,M,2006,0,0,0
12839,F,1930,0,0,1
12840,M,1984,0,0,1
12841,M,1953,0,0,1
12842,F,1978,0,0,0
12843,M,2010,0,0,0
12844,F,1989,0,0,0
12845,M,1955,1,0,1
12846,M,1954,1,0,0
12847,F,1977,0,0,1
12848,F,2003,0,0,0
12849,M,1952,0,0,0
12850,F,1996,0,0,0
12851,M,1978,0,0,1
12852,F,1968,0,0,1
12853,F,1965,0,1,0
12854,M,1969,0,1,0
12855,M,1998,0,0,0
12856,M,1991,0,0,0
12857,M,1999,0,0,0
12858,M,1962,1,0,1
12859,F,1967,0,0,1
12860,F,1996,0,0,1
12861,F,1958,0,1,0
12862,F,1958,0,0,0
12863,M,1946,0,0,1
12864,M,1968,0,1,0
12865,M,1966,0,0,0
12866,F,1990,0,0,1
12867,F,1985,1,0,1
12868,F,1950,0,0,1
12869,F,1994,0,0,1
12870,M,1998,1,1,1
12871,M,1966,0,0,0
12872,F,2012,0,0,0
12873,M,1995,1,0,0
12874,F,1945,0,0,0
12875,M,1937,0,1,0
12876,F,1954,1,1,1
12877,F,1979,0,1,0
12878,F,1998,0,0,0
12879,M,2006,0,0,0
12880,F,1988,0,0,0
12881,M,2005,0,0,0
12882,M,1930,0,0,0
12883,M,1930,0,0,1
12884,M,1989,0,0,0
12885,F,1987,0,0,0
12886,M,1960,0,0,0
12887,F,2007,0,1,0
12888,F,1986,0,0,0
12889,F,1981,1,0,0
12890,F,2005,0,0,0
12891,F,1999,0,0,0
12892,M,1993,0,0,0
12893,M,1953,1,0,1
12894,F,1938,0,0,0
12895,M,1969,0,0,0
12896,F,1983,0,0,0
12897,F,1945,0,0,1
12898,M,1958,0,0,0
12899,M,1930,0,0,1
12900,F,2009,0,1,0
12901,M,1980,0,1,0
12902,M,1992,0,1,1
12903,F,2007,1,0,0
12904,F,1980,1,0,1
12905,M,1930,0,0,0
12906,F,2001,0,0,0
12907,M,1930,0,0,1
12908,M,1957,0,0,1
12909,F,1943,0,0,1
12910,M,1944,0,1,0
12911,F,1969,0,0,0
12912,M,1989,0,0,1
12913,M,2005,0,0,1
12914,F,2001,0,0,1
12915,M,1966,1,1,1
12916,M,1989,0,0,0
12917,M,1999,0,0,1
12918,M,1974,0,0,0
12919,M,1971,0,1,0
12920,M,1960,1,0,1
12921,F,1996,0,0,1
12922,F,1983,0,0,0
12923,M,1996,0,0,0
12924,F,2003,0,1,0
12925,F,1950,0,0,1
12926,F,1953,0,0,1
12927,F,2009,0,0,0
12928,M,1979,0,0,0
12929,F,1945,0,0,1
12930,F,1959,0,0,0
12931,F,1998,0,0,1
12932,M,1940,0,0,1
12933,F,1945,0,0,1
12934,F,1972,0,0,0
12935,F,1986,1,0,0
12936,F,1998,1,0,1
12937,F,1980,1,0,0
12938,F,1934,0,1,0
12939,F,1998,0,0,0
12940,F,1930,0,0,0
12941,F,1960,0,0,0
12942,M,1980,0,0,1
12943,F,1944,0,0,1
12944,M,1981,0,0,1
12945,M,1984,0,1,1
12946,F,1952,0,0,0
12947,F,2019,0,0,0
12948,M,1979,0,0,0
12949,F,1981,0,0,1
12950,M,1993,1,0,0
12951,M,1985,1,0,1
12952,M,1930,0,0,0
12953,M,2016,0,0,0
12954,F,1998,1,0,1
12955,M,1995,0,1,0
12956,M,1983,0,0,0
12957,M,1986,0,0,0
12958,M,1975,0,1,0
12959,F,2013,0,0,0
12960,F,1976,0,1,0
12961,F,1930,0,0,1
12962,F,1979,0,0,0
12963,M,1985,0,0,0
12964,F,1982,0,0,0
12965,F,1988,0,0,1
12966,F,1960,0,0,1
12967,M,1972,0,0,0
12968,F,1973,0,0,1
12969,M,1944,0,0,0
12970,F,1960,0,0,1
12971,M,2016,0,0,0
12972,M,1989,1,0,1
12973,F,2004,0,0,0
12974,M,1996,0,0,0
12975,F,1992,0,0,0
12976,M,1996,0,0,1
12977,F,1958,0,0,1
12978,F,1964,0,0,0
12979,F,1989,0,1,0
12980,F,1965,0,0,0
12981,M,1969,0,0,0
12982,F,1977,0,0,1
12983,M,1983,0,0,0
12984,M,2009,0,0,0
12985,F,1955,1,0,0
12986,M,1981,1,0,1
12987,F,1974,1,0,1
12988,F,1976,1,0,0
12989,F,1992,0,0,0
12990,F,1993,0,0,1
12991,F,1985,0,0,1
12992,F,1959,0,0,0
12993,F,1983,0,0,1
12994,F,2011,0,0,0
12995,M,1972,0,0,1
12996,M,1991,0,0,0
12997,F,1997,1,0,0
12998,F,1962,1,0,1
12999,M,1962,0,0,1
13000,F,1977,0,0,0
13001,M,1986,0,0,1
13002,M,1990,0,1,0
13003,M,2004,1,1,1
13004,F,2016,0,0,0
13005,M,1989,0,0,0
13006,F,1988,1,0,0
13007,F,1935,1,0,1
13008,M,1998,0,0,0
13009,M,1944,0,0,1
13010,M,1992,0,0,1
13011,M,1977,1,1,0
13012,M,1972,0,0,0
13013,M,1968,0,0,0
13014,F,1994,0,0,0
13015,F,1987,0,0,0
13016,M,1980,0,0,1
13017,F,1994,0,0,1
13018,F,1948,0,0,1
13019,F,1930,0,0,1
13020,F,1973,0,0,0
13021,M,1973,0,0,0
13022,F,1951,0,0,1
13023,F,1959,0,1,1
13024,F,1981,0,0,0
13025,M,1930,0,0,0
13026,F,1993,0,0,1
13027,M,1962,0,0,0
13028,F,1987,0,1,0
13029,F,1970,0,0,0
13030,F,1989,0,0,0
13031,F,1930,0,0,1
13032,F,1949,0,1,0
13033,M,1971,1,0,0
13034,F,1958,0,0,0
13035,M,1998,1,1,0
13036,F,2006,0,0,0
13037,M,1993,0,0,1
13038,M,1931,0,0,1
13039,M,1989,0,0,0
13040,F,1956,0,0,0
13041,M,1985,0,0,0
13042,M,1984,1,0,1
13043,M,1989,0,0,0
13044,M,1990,0,0,0
13045,F,1959,0,1,1
13046,M,1990,0,0,0
13047,F,1990,0,0,1
13048,F,1980,0,1,1
13049,F,1987,1,0,0
13050,F,1996,1,0,0
13051,M,1962,0,0,0
13052,M,1975,0,0,1
13053,F,1991,0,0,0
13054,M,1996,1,0,0
13055,F,1950,0,0,1
13056,M,2003,0,0,0
13057,M,2015,0,0,1
13058,M,1966,0,1,0
13059,F,2011,0,0,0
13060,M,1978,0,0,0
13061,M,1977,1,0,1
13062,M,2005,1,1,1
13063,M,2004,0,0,0
13064,F,1977,1,0,0
13065,F,2004,0,0,0
13066,F,1942,1,0,1
13067,M,1991,0,0,0
13068,F,1935,0,0,0
13069,F,1945,0,0,1
13070,M,1983,0,1,0
13071,F,1976,0,0,1
13072,F,1952,0,0,1
13073,M,2000,0,0,0
13074,M,1989,1,0,1
13075,M,1936,0,0,1
13076,F,1957,0,1,1
13077,F,1986,0,0,0
13078,F,1976,0,0,0
13079,M,1994,0,1,0
13080,M,1988,0,0,0
13081,M,1967,0,0,0
13082,F,1987,1,0,0
13083,F,1962,0,0,1
13084,F,2004,0,0,0
13085,M,1967,0,1,0
13086,M,1999,0,0,0
13087,F,1984,0,0,0
13088,F,1995,0,0,0
13089,F,1967,0,0,1
13090,F,2003,0,0,0
13091,M,1962,0,0,0
13092,F,1981,0,0,0
13093,M,1986,1,1,0
13094,M,1993,0,0,1
13095,M,1990,1,1,1
13096,M,1946,1,0,0
13097,M,1993,0,0,0
13098,M,1945,0,0,0
13099,F,1933,0,0,1
13100,F,1986,0,0,0
13101,F,2006,0,1,1
13102,M,1955,1,0,0
13103,F,1955,0,0,0
13104,F,1945,0,0,1
13105,M,1982,1,0,0
13106,F,1973,0,1,1
13107,F,1990,0,0,0
13108,M,1991,0,0,0
13109,F,1974,0,1,0
13110,M,1952,0,0,1
13111,M,1960,0,0,0
13112,M,1980,0,0,1
13113,F,1949,0,0,1
13114,M,2003,1,0,0
13115,F,1930,0,0,1
13116,M,2001,0,1,0
13117,M,1982,0,0,0
13118,M,1975,0,1,0
13119,M,1974,0,0,0
13120,F,1953,0,1,0
13121,M,1997,0,0,0
13122,F,1972,0,0,1
13123,F,1963,1,1,1
13124,F,1948,0,1,0
13125,F,1986,0,0,0
13126,F,1977,0,1,0
13127,F,1980,0,0,1
13128,M,1964,0,0,0
13129,M,1964,0,0,1
13130,F,1987,0,0,0
13131,M,1981,0,0,0
13132,F,1979,0,0,0
13133,F,1999,0,0,0
13134,F,1971,0,0,1
13135,M,1972,1,0,1
13136,M,1999,0,0,0
13137,M,1969,0,0,0
13138,F,1930,0,1,1
13139,M,1995,0,0,0
13140,F,1999,1,0,0
13141,F,1963,1,0,1
13142,F,1987,0,0,0
13143,M,1953,0,0,1
13144,F,1982,0,0,0
13145,M,1992,0,0,0
13146,F,1982,0,0,0
13147,F,1964,0,0,0
13148,M,1965,1,1,0
13149,F,2004,0,0,0
13150,M,1964,0,0,0
13151,M,1978,0,0,0
13152,F,1976,1,0,1
13153,F,1971,0,0,0
13154,M,1999,1,0,0
13155,M,2005,0,0,1
13156,F,2004,0,1,0
13157,M,1955,0,1,1
13158,M,1955,0,0,1
13159,M,2014,0,0,0
13160,M,1981,0,1,1
13161,M,1990,1,0,0
13162,M,1998,0,0,0
13163,F,1948,0,0,1
13164,F,1941,0,0,1
13165,F,1975,0,0,0
13166,F,1991,0,0,0
13167,F,1988,0,0,0
13168,F,2000,0,0,0
13169,M,1989,1,1,0
13170,F,1996,0,0,0
13171,F,1943,1,0,0
13172,M,2009,0,0,0
13173,F,1959,0,0,0
13174,M,1997,0,0,1
13175,F,1964,0,0,0
13176,M,1983,0,0,0
13177,M,1958,0,0,0
13178,M,2003,1,0,0
13179,M,1992,0,0,0
13180,F,1987,0,0,0
13181,F,1979,0,0,0
13182,F,1979,0,0,0
13183,M,2000,0,0,0
13184,F,2004,0,0,0
13185,M,1986,1,0,1
13186,M,1982,1,0,0
13187,M,1987,1,0,0
13188,F,2009,0,1,0
13189,F,1981,0,0,0
13190,F,1969,0,0,1
13191,M,1975,0,0,1
13192,M,1984,0,0,0
13193,F,1977,0,0,0
13194,F,1995,0,0,0
13195,F,1948,0,0,0
13196,M,1991,1,0,1
13197,M,1968,0,1,0
13198,M,1936,1,0,1
13199,M,1985,0,0,0
13200,M,1957,0,0,1
13201,M,1991,0,0,0
13202,F,1957,0,0,1
13203,M,1943,0,0,0
13204,M,1996,0,0,0
13205,M,1960,0,0,1
13206,F,1934,0,0,1
13207,F,1973,0,0,1
13208,M,1951,1,0,0
13209,F,1942,0,1,0
13210,F,1955,0,1,0
13211,M,1995,1,0,1
13212,M,1970,1,0,0
13213,F,1967,0,0,0
13214,F,2010,0,0,0
13215,F,1983,1,1,1
13216,M,1977,0,0,1
13217,F,1969,0,0,1
13218,M,1999,0,0,0
13219,M,1985,0,0,0
13220,F,1975,0,0,0
13221,F,1989,0,0,0
13222,F,2010,0,0,0
13223,F,1946,0,0,1
13224,F,1930,0,0,1
13225,M,1972,1,0,1
13226,M,1972,0,0,0
13227,F,1981,0,1,0
13228,F,2004,0,0,0
13229,M,2008,0,0,0
13230,F,2017,0,0,0
13231,F,1949,0,1,1
13232,F,1930,0,0,1
13233,M,1970,0,0,0
13234,M,1989,1,0,0
13235,M,1985,1,0,1
13236,M,1966,1,0,0
13237,F,1951,1,0,0
13238,M,1981,1,0,0
13239,F,1987,1,0,0
13240,F,1999,0,0,1
13241,F,1991,0,0,0
13242,F,1967,0,0,0
13243,M,1974,1,1,1
13244,F,1976,0,0,0
13245,M,1999,0,0,0
13246,M,1986,0,0,1
13247,F,1960,0,0,0
13248,M,1938,0,0,0
13249,M,1961,0,0,0
13250,F,1951,0,1,1
13251,M,2010,0,0,0
13252,M,1945,0,0,1
13253,F,1970,1,0,0
13254,M,1976,0,1,1
13255,M,1973,0,0,0
13256,M,1930,0,0,0
13257,F,1990,0,0,0
13258,M,1973,0,0,1
13259,M,1983,1,0,0
13260,F,1998,0,0,0
13261,F,2006,1,0,0
13262,M,1998,0,1,0
13263,F,1994,0,0,0
13264,F,1982,0,0,0
13265,M,1951,1,1,1
13266,M,1998,1,1,1
13267,F,1995,0,0,0
13268,F,1931,0,1,1
13269,F,1989,0,0,0
13270,F,1993,0,0,1
13271,F,1992,0,0,0
13272,M,1978,0,0,0
13273,F,1982,0,0,0
13274,M,1994,0,0,0
13275,M,1988,0,0,1
13276,F,1959,0,0,1
13277,M,1974,0,0,0
13278,M,1942,0,0,1
13279,M,1986,0,1,0
13280,M,1959,0,0,0
13281,M,1958,0,0,1
13282,F,1995,0,0,0
13283,F,1971,0,0,0
13284,M,1979,0,0,0
13285,F,2009,0,0,0
13286,F,2005,0,0,0
13287,M,1977,0,0,0
13288,M,2009,0,0,0
13289,M,2011,0,0,1
13290,M,1980,0,0,0
13291,M,2014,0,0,0
13292,M,2000,1,0,0
13293,M,1980,0,0,0
13294,M,1984,0,0,1
13295,F,1984,0,0,0
13296,M,1966,0,0,0
13297,M,1954,0,0,1
13298,M,1950,0,0,1
13299,F,1930,0,0,1
13300,F,2014,0,0,1
13301,M,1996,0,0,0
13302,F,2001,0,0,0
13303,F,1930,0,1,0
13304,F,1979,0,0,1
13305,M,1983,0,0,0
13306,F,1990,0,0,1
13307,F,1991,0,0,0
13308,F,1991,1,0,0
13309,M,1990,0,0,0
13310,M,1992,0,0,1
13311,F,1937,0,1,0
13312,F,1930,0,0,1
13313,F,1930,0,0,1
13314,F,2010,0,0,0
13315,M,1994,0,0,1
13316,M,2015,0,0,0
13317,M,2012,0,0,0
13318,F,1930,0,0,1
13319,F,1972,0,0,0
13320,F,1960,1,0,0
13321,M,1984,0,0,0
13322,M,1983,0,0,0
13323,F,1946,0,0,1
13324,F,1980,1,0,0
13325,M,1979,0,0,1
13326,F,1962,1,0,1
13327,F,1966,0,0,1
13328,M,1980,0,0,0
13329,M,1991,1,0,0
13330,F,1992,0,0,0
13331,M,1950,0,0,1
13332,F,1978,0,0,1
13333,F,1996,0,0,1
13334,M,1956,0,0,0
13335,M,1981,0,1,0
13336,F,2010,0,0,0
13337,F,1995,0,1,1
13338,M,1981,0,0,1
13339,M,2008,0,0,0
13340,F,1973,1,0,1
13341,F,1969,0,1,1
13342,F,1953,0,0,0
13343,F,1976,0,0,1
13344,M,1994,0,0,0
13345,M,2010,0,0,0
13346,M,2010,0,0,0
13347,M,1985,0,1,0
13348,F,1985,0,1,0
13349,M,2008,0,0,0
13350,M,1974,0,0,1
13351,M,1990,0,1,1
13352,M,2000,1,0,0
13353,M,2004,0,0,0
13354,M,1936,0,0,0
13355,M,2011,0,0,0
13356,F,1930,0,1,1
13357,M,1999,0,0,1
13358,M,1930,0,1,0
13359,F,2009,0,0,0
13360,F,1972,0,0,0
13361,F,1945,0,1,0
13362,M,1944,0,0,0
13363,M,1972,0,0,0
13364,F,1976,0,0,1
13365,M,2007,0,0,0
13366,M,1956,0,0,1
13367,F,1949,1,0,0
13368,F,1980,1,0,0
13369,F,1976,1,0,0
13370,F,1930,0,0,1
13371,F,2006,1,0,0
13372,F,1971,1,1,0
13373,F,1957,0,1,0
13374,M,2010,0,0,0
13375,M,2009,0,0,1
13376,F,1996,0,0,0
13377,M,1995,0,0,0
13378,M,1997,0,0,1
13379,M,1994,0,0,0
13380,F,1994,1,0,1
13381,F,1981,0,0,1
13382,F,2000,0,0,0
13383,F,1987,0,0,0
13384,F,1982,0,0,0
13385,M,1990,0,1,0
13386,M,1971,0,0,1
13387,F,1939,0,1,1
13388,M,2006,0,0,0
13389,F,2001,1,1,0
13390,M,1961,0,0,0
13391,F,1974,0,0,1
13392,M,1959,0,0,0
13393,F,1963,0,0,0
13394,F,1994,0,0,0
13395,M,1935,0,1,1
13396,F,1934,0,1,0
13397,M,2000,0,0,0
13398,F,1942,0,1,1
13399,M,1937,0,1,0
13400,F,1930,0,0,0
13401,F,1963,0,0,0
13402,F,1989,0,0,0
13403,M,1996,1,0,0
13404,F,1989,0,1,0
13405,M,2004,0,0,0
13406,M,1970,1,0,0
13407,F,1985,0,0,1
13408,M,2007,0,0,0
13409,M,1995,1,1,0
13410,M,1945,0,0,1
13411,F,1970,0,0,0
13412,M,1997,0,0,0
13413,F,1930,0,0,1
13414,M,1974,0,0,1
13415,F,2003,0,1,0
13416,M,1989,1,0,0
13417,F,2007,0,0,0
13418,M,1935,0,0,1
13419,M,1957,0,0,0
13420,F,1996,0,0,0
13421,F,2012,0,0,0
13422,M,1958,0,0,0
13423,F,1975,0,0,0
13424,M,1942,0,1,0
13425,F,2015,0,0,0
13426,M,1961,1,0,0
13427,M,1983,0,0,0
13428,M,1930,1,1,1
13429,M,2004,1,0,0
13430,M,1954,0,0,1
13431,M,1961,0,1,0
13432,F,2007,0,0,1
13433,F,1988,0,0,0
13434,F,1965,0,0,1
13435,M,1996,0,0,0
13436,M,1996,0,0,0
13437,F,1950,1,1,1
13438,F,1930,1,0,1
13439,F,1953,0,0,0
13440,M,2006,0,0,1
13441,M,2019,0,0,0
13442,M,2002,0,0,1
13443,F,1962,0,0,1
13444,F,1958,0,0,0
13445,F,1990,0,0,0
13446,M,2002,1,1,0
13447,F,1988,1,0,0
13448,F,2011,0,0,0
13449,M,2021,0,0,0
13450,F,1973,0,1,1
13451,M,1976,1,0,1
13452,F,2003,0,0,0
13453,M,1953,1,0,1
13454,F,1980,1,0,0
13455,M,1998,0,0,1
13456,M,1972,0,0,1
13457,F,1930,0,0,0
13458,M,2010,0,0,1
13459,M,1930,0,1,1
13460,F,1980,0,1,0
13461,F,1965,0,0,0
13462,M,1962,0,0,0
13463,M,1997,0,0,1
13464,F,1990,0,1,0
13465,F,1938,0,0,1
13466,M,1930,1,0,0
13467,F,1985,0,1,0
13468,M,1930,0,0,1
13469,F,1983,0,0,1
13470,M,1956,0,0,1
13471,F,1996,0,0,0
13472,M,1959,0,0,0
13473,F,1987,1,0,1
13474,M,1930,0,1,1
13475,F,1970,0,0,1
13476,F,1930,1,1,1
13477,M,1975,0,0,0
13478,F,1980,0,0,0
13479,M,1976,0,0,1
13480,F,1930,0,0,0
13481,F,1991,0,0,0
13482,M,1930,0,0,1
13483,M,1951,0,1,1
13484,M,1930,0,0,0
13485,F,2002,0,0,0
13486,F,1957,0,0,0
13487,M,1936,0,0,0
13488,M,1935,0,0,0
13489,F,1957,0,0,1
13490,F,1989,0,0,0
13491,M,1990,0,0,0
13492,M,1991,0,0,0
13493,F,1972,0,0,1
13494,F,1976,1,0,0
13495,F,1988,1,0,0
13496,F,1984,0,0,0
13497,M,1979,1,0,0
13498,M,2014,0,0,0
13499,M,1987,0,0,1
13500,M,1993,0,0,0
13501,F,2003,1,0,1
13502,F,2002,0,0,1
13503,F,1987,0,0,0
13504,M,1970,0,0,1
13505,F,1968,0,0,1
13506,M,1964,0,0,1
13507,F,1968,0,0,0
13508,F,1990,1,0,0
13509,M,2002,1,0,0
13510,F,1999,0,0,0
13511,F,1982,0,0,0
13512,M,1976,0,0,1
13513,F,1954,0,0,1
13514,F,1934,0,0,0
13515,F,1989,0,0,0
13516,F,1975,0,0,0
13517,M,1963,0,0,1
13518,M,1979,0,0,0
13519,M,1998,0,0,0
13520,F,1996,0,0,0
13521,M,1952,0,0,0
13522,F,1988,0,0,1
13523,F,1986,0,0,0
13524,M,2014,0,0,0
13525,F,1942,0,1,1
13526,F,1962,0,0,1
13527,M,2006,0,0,1
13528,F,1966,0,0,1
13529,M,1964,0,0,1
13530,M,1930,0,0,1
13531,M,1997,0,1,0
13532,M,1968,0,0,0
13533,F,1992,0,0,0
13534,M,1993,0,0,0
13535,M,1930,0,0,1
13536,M,1951,0,1,0
13537,F,2006,0,0,0
13538,F,2008,0,0,0
13539,F,1965,0,0,0
13540,F,1984,0,0,0
13541,M,1999,1,0,1
13542,F,1964,0,0,1
13543,F,1968,0,0,0
13544,F,1980,0,0,1
13545,M,1977,0,1,1
13546,F,1998,1,1,1
13547,F,1968,0,0,1
13548,F,1930,0,1,1
13549,M,2004,0,0,0
13550,F,1953,0,0,1
13551,F,2001,0,0,0
13552,M,1959,0,0,1
13553,M,1984,0,0,0
13554,F,1958,0,1,0
13555,M,2003,0,0,0
13556,F,2019,0,0,0
13557,F,1976,0,0,1
13558,F,1955,0,0,0
13559,M,1975,0,1,0
13560,F,1962,0,0,0
13561,F,1990,1,0,0
13562,F,1961,0,0,1
13563,M,1931,1,0,1
13564,M,1990,0,0,1
13565,M,1963,1,0,0
13566,F,1996,0,1,0
13567,M,1930,0,0,1
13568,F,2006,0,1,1
13569,F,1970,0,0,1
13570,F,1979,0,0,0
13571,M,1990,1,0,0
13572,M,1991,0,0,0
13573,M,1981,0,0,0
13574,M,1933,0,0,1
13575,F,1973,0,0,0
13576,F,2011,0,0,0
13577,F,2008,0,0,0
13578,F,1974,0,0,0
13579,F,1948,0,0,1
13580,F,1997,1,0,0
13581,M,1975,0,0,0
13582,F,1948,0,0,1
13583,M,1971,1,0,0
13584,F,1978,1,1,1
13585,F,1987,0,0,0
13586,F,1984,0,0,1
13587,M,1961,0,0,0
13588,F,1957,0,0,0
13589,M,1957,1,0,1
13590,F,1995,0,0,0
13591,F,2017,0,0,0
13592,F,1990,0,0,0
13593,F,1953,0,0,0
13594,F,1930,0,0,1
13595,F,2000,1,0,0
13596,F,1963,1,1,1
13597,F,1994,0,0,0
13598,F,1936,0,0,0
13599,M,1954,0,0,1
13600,M,1972,0,0,0
13601,F,1970,0,0,0
13602,F,1941,1,0,1
13603,F,2010,0,0,0
13604,M,1982,0,0,0
13605,M,2002,0,0,1
13606,F,1970,1,1,0
13607,F,1976,0,0,1
13608,M,1972,0,0,1
13609,F,2004,0,0,1
13610,M,1948,0,1,0
13611,M,1959,0,0,0
13612,M,1990,1,0,0
13613,M,1957,1,0,0
13614,F,2015,0,0,0
13615,F,2002,0,1,0
13616,M,1981,0,0,0
13617,F,1987,0,0,0
13618,F,1938,0,0,0
13619,M,1962,0,0,1
13620,F,1930,0,0,1
13621,F,2006,0,0,0
13622,M,1987,0,0,0
13623,F,2003,0,1,1
13624,F,1972,0,1,0
13625,M,2006,1,0,0
13626,M,1975,0,0,0
13627,F,2014,0,0,0
13628,M,1996,0,0,1
13629,M,1956,0,0,1
13630,F,1981,0,1,0
13631,F,2008,0,0,0
13632,F,1950,0,1,0
13633,M,1950,1,0,1
13634,M,1958,1,0,1
13635,F,1991,0,0,0
13636,M,1965,0,1,0
13637,F,1946,1,1,0
13638,M,1983,1,0,1
13639,F,1982,0,0,0
13640,M,1978,0,0,0
13641,M,1958,0,1,0
13642,F,1974,0,0,1
13643,M,1963,0,0,0
13644,F,1985,0,0,0
13645,F,1985,0,0,1
13646,F,1962,0,0,0
13647,M,1993,0,0,0
13648,M,2000,0,1,0
13649,M,1994,0,0,0
13650,F,1986,1,0,1
13651,M,1980,0,0,1
13652,F,1991,0,0,0
13653,F,1989,0,1,1
13654,M,1970,0,1,1
13655,F,1996,0,0,0
13656,F,1959,0,0,1
13657,F,1998,0,0,0
13658,M,1980,1,0,1
13659,F,1982,0,0,0
13660,M,1939,0,0,0
13661,F,1984,0,0,1
13662,F,1954,0,0,0
13663,F,1962,0,1,1
13664,F,1992,0,0,0
13665,F,1942,0,1,1
13666,M,1991,0,0,0
13667,M,1987,0,1,1
13668,F,1968,0,1,1
13669,M,1989,0,0,1
13670,M,2006,0,0,0
13671,M,1987,0,0,1
13672,M,1987,0,0,0
13673,F,1999,0,0,0
13674,F,1980,0,0,0
13675,F,1980,0,0,0
13676,M,1970,0,0,0
13677,M,2002,0,0,0
13678,M,2001,1,0,0
13679,F,1958,1,0,1
13680,F,1999,0,1,1
13681,M,1974,0,0,0
13682,M,1985,0,0,0
13683,F,1995,0,0,0
13684,M,1939,0,0,0
13685,F,1980,0,0,0
13686,M,1993,0,1,0
13687,M,2008,1,0,1
13688,F,1964,1,0,1
13689,F,1999,1,0,0
13690,F,1943,1,0,0
13691,F,1982,0,0,0
13692,M,1930,0,1,1
13693,M,1987,0,0,1
13694,F,1999,0,0,0
13695,F,1979,0,0,0
13696,F,1993,0,0,0
13697,F,2013,0,0,0
13698,F,1956,0,0,1
13699,F,1973,0,0,0
13700,M,1997,1,0,1
13701,F,2002,0,0,0
13702,F,2000,0,0,0
13703,F,1980,0,1,0
13704,F,1930,0,0,1
13705,M,1985,0,0,0
13706,M,2009,0,0,0
13707,F,1999,0,0,1
13708,M,1978,0,0,1
13709,M,1996,0,0,1
13710,M,2004,0,0,0
13711,M,1985,0,0,0
13712,M,1999,0,0,0
13713,M,1976,0,0,0
13714,F,1975,0,0,0
13715,M,1967,0,1,0
13716,M,1962,0,0,0
13717,M,1997,1,0,0
13718,F,1957,0,0,1
13719,F,1989,0,0,0
13720,F,2011,0,0,0
13721,F,1961,0,0,0
13722,M,1940,0,0,0
13723,F,1986,1,0,0
13724,F,1955,0,1,0
13725,M,1984,0,0,0
13726,F,1993,0,0,0
13727,M,1984,1,1,0
13728,M,1982,0,0,0
13729,F,1977,1,0,0
13730,M,1988,0,0,0
13731,F,1962,0,1,0
13732,F,1969,0,0,1
13733,F,2000,0,0,1
13734,M,1992,0,0,0
13735,F,1964,0,0,1
13736,M,1985,0,0,0
13737,F,1996,0,0,0
13738,M,1986,0,0,0
13739,M,2007,0,0,0
13740,M,1946,0,0,1
13741,M,1981,0,0,1
13742,M,1993,0,0,0
13743,M,2007,0,0,0
13744,M,1930,0,0,1
13745,M,2008,0,0,1
13746,F,1972,0,0,0
13747,F,1988,0,0,1
13748,M,1986,1,0,0
13749,F,1983,1,0,0
13750,M,1993,0,0,0
13751,M,1982,0,0,0
13752,F,1978,0,0,1
13753,F,1966,0,0,1
13754,F,1969,1,0,1
13755,M,2000,1,0,0
13756,M,1997,0,0,0
13757,M,1957,0,0,1
13758,F,1991,0,0,1
13759,F,1974,0,0,0
13760,F,1949,0,0,1
13761,M,1980,1,0,0
13762,M,2001,1,0,1
13763,F,2000,0,0,0
13764,F,1988,0,0,0
13765,M,1988,0,1,1
13766,M,2003,0,0,0
13767,F,1998,1,1,0
13768,F,1969,0,0,1
13769,F,1956,0,0,0
13770,F,1990,1,0,0
13771,M,2019,0,0,0
13772,F,1971,0,0,1
13773,F,2010,0,0,1
13774,M,2006,1,0,0
13775,F,1986,1,0,1
13776,F,1948,0,1,0
13777,F,1964,0,0,0
13778,F,1967,0,0,0
13779,M,1986,0,0,0
13780,M,2004,0,0,0
13781,F,1953,1,0,0
13782,M,2003,0,0,0
13783,M,1974,1,0,0
13784,M,1979,0,0,0
13785,F,2005,0,0,0
13786,M,2010,0,0,0
13787,F,1967,0,0,0
13788,F,1982,0,0,1
13789,M,1953,0,1,1
13790,M,1975,0,1,1
13791,M,1978,0,1,0
13792,F,2013,0,0,1
13793,M,1979,1,1,1
13794,F,1984,0,0,1
13795,F,1975,0,0,0
13796,M,1984,1,1,1
13797,F,1985,1,0,0
13798,M,1986,0,0,0
13799,M,1995,0,0,0
13800,M,1968,0,0,0
13801,F,1930,1,0,1
13802,F,2004,0,0,0
13803,F,2000,0,0,1
13804,M,1968,0,0,0
13805,F,1989,0,0,0
13806,F,1992,0,0,1
13807,F,2010,0,0,0
13808,F,1999,0,1,1
13809,F,2001,0,0,0
13810,M,2009,0,0,1
13811,F,1958,0,0,1
13812,M,1980,0,0,0
13813,F,1930,0,0,1
13814,F,1978,0,0,0
13815,M,2003,1,0,0
13816,M,1976,0,0,0
13817,M,1970,0,0,1
13818,F,1994,0,0,0
13819,F,1971,0,0,0
13820,M,1972,0,0,1
13821,M,1998,0,0,0
13822,M,1966,0,0,1
13823,M,1977,0,0,0
13824,M,1982,0,0,1
13825,M,1980,0,0,0
13826,M,2003,0,0,0
13827,M,1944,0,0,1
13828,M,1989,0,0,0
13829,M,1991,1,1,0
13830,M,1975,0,0,0
13831,F,1930,0,0,0
13832,F,1965,0,0,0
13833,M,1989,0,0,0
13834,F,1975,0,1,1
13835,M,1975,0,0,1
13836,F,1983,0,0,0
13837,M,2003,0,0,0
13838,F,1964,0,0,0
13839,M,2022,0,0,0
13840,F,1992,0,0,0
13841,F,1997,1,0,1
13842,M,1990,0,0,1
13843,M,1956,1,0,1
13844,M,1992,0,0,1
13845,F,1985,1,0,0
13846,M,1930,1,0,1
13847,F,1991,0,0,0
13848,F,1986,0,1,1
13849,F,1983,1,0,0
13850,M,1991,0,0,0
13851,M,1986,0,0,0
13852,F,1980,0,0,0
13853,M,1992,0,0,0
13854,M,2010,0,0,0
13855,M,2006,1,0,0
13856,M,1984,0,0,1
13857,M,1938,0,0,1
13858,F,1989,1,0,1
13859,F,1977,0,0,0
13860,M,1953,0,0,0
13861,F,1971,0,0,0
13862,M,1983,0,0,0
13863,M,1985,0,0,0
13864,M,1996,0,0,1
13865,M,1965,1,0,1
13866,F,1955,0,0,0
13867,F,2021,0,0,0
13868,M,1964,0,0,0
13869,M,1970,0,0,0
13870,M,1990,1,0,0
13871,F,1996,0,0,0
13872,F,1973,0,0,0
13873,M,2007,0,0,1
13874,F,1990,1,0,1
13875,M,1977,0,0,1
13876,F,1948,0,0,1
13877,F,1934,0,0,0
13878,M,2002,0,0,0
13879,M,1975,0,0,0
13880,M,1983,0,0,0
13881,M,1968,1,0,0
13882,M,1986,0,1,0
13883,F,1967,1,0,0
13884,F,1978,1,0,0
13885,M,1994,0,0,0
13886,F,1966,0,0,1
13887,F,1986,0,0,0
13888,M,1981,0,0,1
13889,F,1999,1,0,0
13890,F,1988,0,1,0
13891,M,1949,0,0,0
13892,M,1993,0,0,0
13893,M,1934,1,0,1
13894,F,1981,1,0,0
13895,M,1976,0,0,1
13896,M,1996,0,1,0
13897,M,1965,1,0,0
13898,F,2007,0,0,0
13899,M,1988,0,0,1
13900,M,1996,0,0,0
13901,F,2005,1,0,1
13902,M,1968,0,0,1
13903,M,1987,0,0,0
13904,F,1981,0,0,1
13905,M,1996,0,0,0
13906,F,1962,0,0,0
13907,F,1978,1,0,1
13908,F,1942,0,0,1
13909,M,1995,0,0,0
13910,M,1995,1,0,1
13911,F,1971,0,0,0
13912,M,1938,1,0,0
13913,M,1992,0,0,1
13914,M,2015,0,0,0
13915,M,2004,0,0,0
13916,M,1949,0,1,1
13917,M,1989,0,0,1
13918,F,1930,0,0,0
13919,F,2002,0,0,1
13920,M,1971,0,0,0
13921,F,1970,0,0,0
13922,M,2007,1,0,0
13923,M,2006,0,0,0
13924,F,1988,0,0,1
13925,F,1968,0,0,1
13926,F,1974,0,0,1
13927,F,1986,1,0,1
13928,F,1987,0,0,0
13929,F,2013,0,0,0
13930,M,1999,1,0,1
13931,F,2009,0,0,0
13932,M,1975,1,0,1
13933,F,2004,0,0,0
13934,F,1950,0,0,1
13935,M,1981,0,0,0
13936,F,1999,0,0,0
13937,M,1956,0,0,1
13938,M,1930,1,0,1
13939,F,2005,0,0,0
13940,M,2004,1,0,0
13941,F,2000,0,0,0
13942,F,1955,0,0,1
13943,F,1930,1,1,1
13944,M,2008,0,0,0
13945,F,1930,0,0,0
13946,F,1968,0,0,0
13947,F,1992,0,0,0
13948,M,1970,0,0,0
13949,F,1955,0,0,0
13950,F,1999,0,0,0
13951,M,1955,1,0,1
13952,M,1983,0,0,1
13953,M,2009,0,0,1
13954,F,1968,0,1,0
13955,F,1940,0,1,1
13956,F,1973,0,0,0
13957,M,2002,0,1,0
13958,M,1973,0,0,1
13959,F,1977,0,0,1
13960,M,1970,0,0,1
13961,M,2009,0,0,1
13962,M,2008,0,0,0
13963,M,1994,0,1,0
13964,F,1961,0,0,0
13965,M,1966,0,0,1
13966,F,1958,0,0,0
13967,M,1970,0,1,0
13968,F,1963,0,0,1
13969,M,1977,0,0,0
13970,M,1986,0,0,0
13971,F,1967,0,0,0
13972,F,2003,0,0,0
13973,F,2000,0,0,0
13974,F,2005,0,0,0
13975,M,1979,0,0,0
13976,M,2003,1,0,1
13977,F,2015,0,0,0
13978,M,2007,0,0,1
13979,F,1940,0,0,0
13980,F,1979,0,0,0
13981,F,1956,0,0,1
13982,M,2008,0,0,0
13983,F,1971,0,0,0
13984,F,2004,0,0,1
13985,M,1972,0,0,1
13986,M,2016,0,0,0
13987,F,1958,0,0,0
13988,M,1968,0,0,1
13989,M,1981,0,0,1
13990,M,1943,0,0,1
13991,F,1961,0,0,0
13992,M,1997,0,0,0
13993,M,2004,0,0,1
13994,F,1930,0,0,1
13995,M,1996,0,1,0
13996,F,1985,0,0,0
13997,M,2001,0,0,1
13998,F,1963,0,0,0
13999,F,1999,0,0,0
14000,F,1982,0,0,0
14001,F,1973,0,1,0
14002,M,1995,1,0,0
14003,M,1973,0,1,1
14004,M,1933,0,1,0
14005,M,1977,0,0,0
14006,F,1966,0,0,0
14007,F,1990,0,0,0
14008,F,1992,1,0,0
14009,F,2005,0,0,0
14010,F,1979,0,0,0
14011,M,1955,1,0,0
14012,M,1967,0,0,0
14013,F,1992,1,0,0
14014,F,1989,0,0,0
14015,M,1932,0,1,1
14016,M,1971,0,0,0
14017,F,1962,1,1,0
14018,F,1958,0,1,1
14019,M,1991,1,0,0
14020,M,1993,0,0,1
14021,M,1992,0,0,0
14022,F,1994,0,0,0
14023,M,1941,0,0,1
14024,F,1986,1,0,0
14025,F,1947,1,0,1
14026,F,1986,1,0,1
14027,M,1984,0,0,1
14028,M,2012,0,0,1
14029,F,1993,0,0,0
14030,M,1940,0,0,1
14031,F,1942,0,0,1
14032,F,1993,0,1,0
14033,M,2015,0,0,0
14034,F,2000,1,1,0
14035,M,1993,1,1,0
14036,F,1993,0,0,0
14037,M,1993,0,0,0
14038,F,1982,1,0,0
14039,F,2002,1,1,0
14040,M,1985,0,0,1
14041,F,1976,0,0,0
14042,F,1992,0,0,1
14043,M,1981,0,0,0
14044,F,1933,0,1,1
14045,F,1966,1,0,0
14046,F,1970,0,0,1
14047,F,1990,1,0,1
14048,M,1994,0,0,0
14049,F,1984,0,0,1
14050,M,1971,0,0,0
14051,F,1977,0,1,1
14052,F,1980,0,1,0
14053,M,1961,0,0,0
14054,M,1972,0,0,0
14055,F,1963,1,1,0
14056,M,1999,1,0,0
14057,M,2004,0,0,0
14058,F,1937,0,1,1
14059,M,2015,0,0,0
14060,M,2002,1,0,0
14061,F,1990,1,0,1
14062,F,1948,0,0,1
14063,M,2004,0,0,0
14064,F,2011,0,0,0
14065,M,1998,0,0,0
14066,M,1993,1,0,0
14067,F,1981,0,0,1
14068,M,1970,0,0,0
14069,M,1960,0,0,0
14070,F,2007,0,0,1
14071,F,2016,0,0,0
14072,M,1982,1,0,0
14073,M,2005,0,0,0
14074,F,1994,1,0,0
14075,M,1989,0,0,0
14076,F,1993,0,0,0
14077,F,2012,0,0,0
14078,M,1979,0,0,0
14079,F,1930,0,1,1
14080,F,1985,0,0,0
14081,M,1930,0,0,0
14082,F,2015,0,0,0
14083,F,1999,0,0,1
14084,F,1930,0,0,1
14085,F,1999,1,0,0
14086,M,1978,0,0,1
14087,F,1985,1,0,0
14088,F,1990,0,0,0
14089,M,1960,0,0,0
14090,M,1984,0,0,0
14091,M,1965,0,1,0
14092,F,1930,0,1,1
14093,M,1959,0,0,1
14094,M,2003,0,0,0
14095,M,1930,0,0,0
14096,M,1970,0,0,1
14097,F,1988,0,0,0
14098,M,2005,1,0,0
14099,F,1982,1,0,0
14100,M,1998,0,0,0
14101,M,2008,1,0,0
14102,F,2004,0,1,0
14103,M,2010,0,0,0
14104,M,2014,0,0,0
14105,F,1991,1,0,1
14106,F,1986,0,0,1
14107,M,1974,1,0,1
14108,F,1930,0,0,1
14109,M,1971,1,0,0
14110,M,1994,1,0,0
14111,F,1992,0,0,1
14112,M,1979,0,0,1
14113,F,2003,0,1,0
14114,M,1967,0,0,0
14115,M,1990,0,1,0
14116,F,1962,1,0,0
14117,F,1981,0,1,1
14118,M,1988,0,0,0
14119,M,1953,0,0,0
14120,F,2008,1,0,0
14121,M,1975,0,0,0
14122,F,2010,0,0,1
14123,M,1937,0,0,0
14124,M,1980,1,0,1
14125,F,1985,1,1,0
14126,M,1961,0,1,1
14127,M,1994,0,0,0
14128,F,1990,0,0,0
14129,M,2005,0,0,0
14130,M,1995,0,0,1
14131,F,1969,1,0,0
14132,M,1989,0,0,0
14133,M,2000,0,0,0
14134,F,1951,1,1,0
14135,M,1956,1,0,1
14136,F,1930,0,0,0
14137,F,1999,1,0,0
14138,F,1956,0,0,0
14139,M,1969,0,0,0
14140,F,1979,0,0,0
14141,F,1934,0,1,0
14142,F,1976,1,0,1
14143,M,1997,1,0,0
14144,F,1991,0,0,0
14145,F,2009,0,0,0
14146,F,1970,0,1,0
14147,F,1935,0,1,0
14148,F,1975,0,0,0
14149,F,1979,0,0,0
14150,M,1962,0,1,1
14151,M,1967,1,0,0
14152,F,1950,0,0,1
14153,F,1984,0,0,0
14154,M,1973,1,0,0
14155,F,1985,0,0,0
14156,M,2005,1,0,0
14157,F,2002,0,0,0
14158,M,1996,0,0,0
14159,M,2005,0,0,0
14160,F,1980,0,0,0
14161,M,1960,0,0,0
14162,M,1994,0,0,0
14163,F,2011,0,0,0
14164,M,1998,0,0,0
14165,M,1989,0,1,0
14166,F,1962,0,0,0
14167,M,1982,1,0,0
14168,M,1982,0,0,1
14169,M,1972,0,0,1
14170,M,1957,0,0,1
14171,F,1937,0,1,1
14172,M,1994,0,0,0
14173,F,1984,0,0,0
14174,F,1994,0,0,1
14175,F,1973,0,0,0
14176,M,2011,0,0,0
14177,F,1930,0,0,1
14178,M,1970,0,1,1
14179,M,1975,0,0,0
14180,F,1997,0,1,1
14181,M,1991,0,1,0
14182,F,2005,0,0,0
14183,F,1998,0,0,1
14184,F,1957,0,0,0
14185,F,2009,1,0,0
14186,M,1930,0,0,1
14187,F,1950,0,0,1
14188,M,1975,0,0,0
14189,F,1999,0,0,1
14190,F,1965,0,0,0
14191,M,1968,0,0,1
14192,F,1994,0,0,0
14193,F,1971,0,0,1
14194,M,1989,0,0,0
14195,M,2012,0,0,0
14196,F,2005,0,0,0
14197,F,1951,0,0,1
14198,M,1992,0,1,0
14199,M,1997,0,0,0
14200,F,1980,0,0,1
14201,F,2014,0,0,0
14202,F,1983,0,1,0
14203,M,1978,0,0,0
14204,F,1966,0,0,1
14205,M,2002,0,1,0
14206,M,1995,0,0,1
14207,F,1979,0,0,1
14208,F,2001,0,0,0
14209,F,1977,0,0,0
14210,F,1980,0,1,0
14211,M,2015,0,0,0
14212,F,1958,1,0,1
14213,M,2001,0,0,1
14214,M,1982,1,0,1
14215,F,1930,0,0,1
14216,M,1999,0,0,0
14217,M,1972,0,1,0
14218,F,1930,0,0,1
14219,M,1967,0,0,1
14220,M,1950,0,0,0
14221,M,2004,0,0,0
14222,M,1937,0,0,1
14223,F,2011,0,0,0
14224,M,1969,0,1,0
14225,F,1983,0,1,0
14226,M,1990,0,0,1
14227,M,1993,0,0,1
14228,M,1967,1,0,0
14229,M,1997,0,0,1
14230,F,1992,0,0,0
14231,F,1969,0,0,1
14232,M,1952,0,0,0
14233,F,1985,0,0,0
14234,F,1935,1,1,0
14235,M,1979,1,0,0
14236,M,1981,0,0,0
14237,M,1930,0,0,0
14238,F,1973,0,1,1
14239,M,1930,1,0,1
14240,M,1930,0,0,0
14241,F,2003,0,0,0
14242,F,1998,0,0,1
14243,M,2010,0,0,0
14244,F,1964,1,0,0
14245,F,1964,1,0,0
14246,M,1994,0,1,1
14247,F,2015,0,0,0
14248,M,1972,1,0,1
14249,M,2009,0,1,0
14250,M,1987,0,0,0
14251,F,1963,0,0,1
14252,M,1979,0,1,0
14253,M,1952,0,0,1
14254,M,1988,0,0,1
14255,M,1997,0,0,0
14256,F,2000,1,0,1
14257,M,1964,0,0,1
14258,M,1984,0,0,0
14259,F,1998,0,0,1
14260,M,1973,1,0,0
14261,F,2010,0,0,0
14262,F,1981,0,0,1
14263,M,1976,0,0,1
14264,M,1972,0,0,1
14265,F,1935,0,0,1
14266,F,1989,0,0,0
14267,F,1976,0,0,0
14268,F,1971,0,0,0
14269,F,1984,1,1,1
14270,F,2005,0,0,0
14271,M,1960,0,0,0
14272,F,2016,0,0,0
14273,M,2004,0,0,1
14274,M,1990,0,1,0
14275,M,2004,1,1,0
14276,F,1981,1,0,0
14277,M,1949,0,1,1
14278,F,1930,1,0,1
14279,M,1984,0,0,0
14280,M,1974,0,0,0
14281,F,1981,0,1,0
14282,F,1985,0,0,0
14283,M,1985,0,0,0
14284,M,1930,0,0,1
14285,M,2014,0,0,1
14286,M,1958,0,0,0
14287,F,1999,0,0,0
14288,M,1988,0,1,1
14289,F,2005,0,0,1
14290,M,2006,0,0,0
14291,M,1952,0,0,0
14292,M,1996,0,0,0
14293,M,1982,0,1,0
14294,F,1970,0,0,1
14295,M,1935,0,1,0
14296,M,2005,0,0,0
14297,M,1932,0,0,0
14298,M,1977,0,0,0
14299,M,1978,0,1,0
14300,F,1990,1,0,0
14301,M,1992,0,0,0
14302,M,2010,0,0,1
14303,F,1945,0,0,1
14304,F,2006,0,0,0
14305,F,1995,0,0,1
14306,F,1952,0,0,0
14307,M,1985,0,0,0
14308,F,2003,0,0,0
14309,M,1960,0,1,0
14310,F,1992,0,0,0
14311,F,1995,1,0,0
14312,F,2006,0,0,0
14313,M,1994,0,1,1
14314,F,1990,0,0,0
14315,M,1971,0,0,1
14316,M,1998,0,0,1
14317,M,1944,0,0,1
14318,M,1951,0,0,0
14319,M,1951,0,0,0
14320,F,1978,1,0,0
14321,M,1962,0,1,1
14322,M,1965,0,1,0
14323,M,1955,1,0,1
14324,M,1952,0,0,0
14325,F,1964,1,0,1
14326,F,1963,0,1,0
14327,M,1966,1,0,0
14328,F,1963,0,0,1
14329,F,1981,1,0,0
14330,F,1995,0,0,0
14331,M,2003,0,0,0
14332,F,2006,0,0,1
14333,F,2001,0,0,0
14334,F,1954,1,0,1
14335,F,1938,0,1,1
14336,M,1965,1,0,0
14337,M,1976,0,0,0
14338,F,2010,0,0,0
14339,M,1985,0,0,0
14340,F,1996,1,0,0
14341,F,1996,0,0,0
14342,F,1979,0,0,0
14343,F,1965,0,0,1
14344,F,1982,0,0,1
14345,M,1930,0,1,1
14346,F,1977,1,0,0
14347,M,2011,0,0,0
14348,F,1930,0,1,1
14349,M,1983,0,0,0
14350,M,1939,0,0,1
14351,M,2004,0,0,0
14352,F,2006,0,0,0
14353,F,1998,0,0,0
14354,F,2002,0,0,0
14355,M,1955,0,0,0
14356,M,1946,1,1,0
14357,F,1969,0,0,0
14358,M,1975,0,0,0
14359,M,2011,0,0,1
14360,M,1997,0,0,0
14361,M,1994,0,1,0
14362,F,2008,1,0,0
14363,M,1984,0,1,0
14364,M,1968,0,0,0
14365,F,1959,0,0,0
14366,F,1966,1,0,1
14367,M,1988,0,0,1
14368,F,1993,0,0,0
14369,F,1987,0,0,1
14370,M,1985,0,0,0
14371,F,2002,0,0,0
14372,M,1992,0,0,0
14373,M,1995,0,1,0
14374,F,1933,0,1,0
14375,M,1956,0,0,1
14376,M,1968,0,0,0
14377,F,2000,1,0,0
14378,M,1962,0,0,1
14379,M,1997,0,0,0
14380,F,1962,0,1,0
14381,M,1988,1,0,0
14382,M,1949,0,0,0
14383,F,2007,0,0,1
14384,F,1964,0,0,1
14385,F,1946,0,0,0
14386,M,1987,0,0,0
14387,F,1988,0,1,0
14388,F,1982,0,0,0
14389,F,1969,0,0,0
14390,F,1994,0,0,0
14391,M,1996,0,0,0
14392,F,1930,0,0,0
14393,F,1989,0,0,0
14394,M,1983,1,0,1
14395,M,1991,0,0,0
14396,F,1966,0,0,1
14397,M,1995,0,0,0
14398,F,1985,0,0,0
14399,M,1954,0,0,0
14400,F,1958,0,0,0
14401,F,1989,0,0,0
14402,F,1981,0,0,0
14403,F,1999,0,0,0
14404,F,1981,0,0,0
14405,F,1930,0,0,1
14406,M,1961,1,0,1
14407,F,1999,0,0,1
14408,M,2008,0,0,0
14409,M,1999,0,0,0
14410,F,2004,0,0,0
14411,F,1985,0,0,1
14412,M,1951,0,0,0
14413,F,1985,0,0,0
14414,F,1995,1,0,1
14415,F,1989,0,0,1
14416,F,1969,0,0,0
14417,F,1978,0,0,0
14418,M,1999,1,0,0
14419,F,1960,0,0,0
14420,M,2001,0,0,0
14421,F,1980,0,0,0
14422,M,1992,0,0,0
14423,M,1987,0,0,0
14424,F,2001,0,0,0
14425,M,1981,0,0,0
14426,F,2002,1,0,1
14427,M,1993,0,0,0
14428,M,1988,0,1,0
14429,F,1998,0,0,0
14430,M,1944,0,0,0
14431,F,1993,0,1,0
14432,F,1989,0,0,0
14433,M,1982,0,0,0
14434,F,2006,0,1,0
14435,F,2010,0,0,0
14436,M,1988,1,0,0
14437,F,2009,0,0,0
14438,F,1974,1,1,0
14439,M,1973,0,0,1
14440,M,1974,0,0,0
14441,M,1963,1,1,1
14442,F,1988,0,0,0
14443,M,1943,1,0,1
14444,F,1977,0,0,1
14445,F,1946,0,0,1
14446,F,1964,0,0,1
14447,M,1987,0,0,1
14448,M,1977,0,0,0
14449,F,1970,1,1,1
14450,M,2011,0,0,0
14451,F,2006,0,0,0
14452,M,1935,1,1,0
14453,F,1970,0,0,1
14454,F,1955,1,0,1
14455,F,1944,0,0,0
14456,F,1988,0,0,1
14457,M,1945,0,0,0
14458,M,1987,0,0,0
14459,F,1970,0,0,0
14460,M,1940,0,0,1
14461,M,1967,0,0,1
14462,M,2001,0,0,0
14463,M,1985,0,0,0
14464,M,1976,0,0,1
14465,M,1968,0,0,0
14466,F,1950,0,0,0
14467,F,1968,0,0,1
14468,F,1984,1,0,0
14469,M,1989,0,1,0
14470,F,1988,1,0,0
14471,M,1993,0,0,0
14472,M,1994,0,0,0
14473,F,1955,0,0,1
14474,M,1980,0,0,1
14475,F,1992,0,0,0
14476,F,1983,0,0,0
14477,M,1991,0,1,0
14478,M,2010,0,0,0
14479,M,1968,0,0,1
14480,F,1953,1,1,0
14481,M,1960,0,0,1
14482,F,1962,0,0,1
14483,F,2002,0,1,1
14484,F,1945,0,1,1
14485,F,1994,1,0,0
14486,F,2004,0,0,1
14487,M,2015,0,0,0
14488,F,1977,1,0,0
14489,M,1944,0,1,1
14490,M,1950,0,0,0
14491,F,1982,0,0,0
14492,M,1957,0,0,1
14493,F,1930,0,0,1
14494,M,1990,0,0,0
14495,M,1971,1,0,1
14496,F,1944,0,0,0
14497,F,2004,1,0,0
14498,M,2003,0,0,0
14499,M,1937,1,0,1
14500,F,1956,0,1,0
14501,F,1996,0,0,1
14502,M,2001,0,0,0
14503,F,2002,0,1,0
14504,M,1978,0,0,1
14505,M,1996,0,0,0
14506,F,1995,1,0,0
14507,M,2002,0,0,0
14508,F,1981,0,0,1
14509,M,2004,0,0,0
14510,F,1967,0,1,0
14511,F,1949,0,0,1
14512,F,1976,0,0,0
14513,F,1956,0,0,0
14514,M,1985,0,0,0
14515,M,1998,1,1,0
14516,M,1990,0,0,0
14517,M,2008,0,0,0
14518,F,1994,1,0,1
14519,F,1986,0,0,1
14520,M,1982,0,0,0
14521,F,1955,0,0,0
14522,M,1942,0,0,0
14523,F,1977,1,0,1
14524,F,2001,0,0,0
14525,F,2001,0,0,1
14526,M,1994,0,0,0
14527,M,1997,0,1,0
14528,F,1977,0,0,0
14529,M,2001,0,1,0
14530,F,1941,1,1,1
14531,F,1960,1,0,0
14532,M,1953,0,1,0
14533,M,1995,0,0,0
14534,F,2001,0,0,0
14535,M,1996,0,0,0
14536,M,1980,1,0,0
14537,F,1983,0,0,0
14538,M,1945,0,0,0
14539,M,1938,0,0,0
14540,F,1979,0,0,1
14541,M,2006,0,0,0
14542,F,1989,0,0,1
14543,F,1930,0,0,0
14544,F,2005,0,0,0
14545,M,1976,0,0,0
14546,F,1996,0,0,0
14547,F,1930,1,0,1
14548,F,1974,0,0,1
14549,M,1996,0,1,0
14550,M,1991,0,0,0
14551,M,2011,0,0,0
14552,F,1976,0,0,0
14553,M,1976,0,0,0
14554,F,2005,0,0,1
14555,M,1967,0,0,0
14556,M,1939,0,1,0
14557,M,2003,0,0,0
14558,F,1968,0,1,0
14559,M,1967,0,0,1
14560,M,1979,0,1,0
14561,M,1977,0,0,1
14562,M,1992,0,0,0
14563,F,2012,0,0,0
14564,F,1974,0,0,0
14565,M,1961,0,0,0
14566,M,2000,0,0,0
14567,F,1995,1,0,0
14568,M,1997,0,0,0
14569,M,1972,0,0,1
14570,F,1976,0,0,1
14571,M,1999,0,0,0
14572,M,1983,0,0,1
14573,F,1983,1,0,1
14574,F,1974,0,0,0
14575,F,1990,0,1,0
14576,F,1952,0,0,0
14577,M,1974,0,0,1
14578,M,1952,0,1,1
14579,F,1974,0,0,0
14580,M,1972,0,0,1
14581,M,2007,0,1,1
14582,M,1976,1,0,0
14583,F,1984,0,0,1
14584,M,1948,0,0,0
14585,F,1954,0,0,0
14586,M,1945,1,0,0
14587,F,1995,0,0,0
14588,F,1982,0,0,1
14589,F,1941,0,0,1
14590,M,1996,0,0,0
14591,F,1948,0,0,1
14592,M,1952,1,1,1
14593,F,1983,0,0,1
14594,F,1930,0,0,1
14595,F,1951,0,0,0
14596,F,2004,0,0,0
14597,F,1937,0,0,0
14598,F,1983,0,0,1
14599,F,1972,0,0,0
14600,M,1972,0,0,0
14601,F,1966,0,0,0
14602,M,1940,0,0,0
14603,F,1973,0,0,1
14604,M,1984,0,0,0
14605,M,1999,0,0,0
14606,F,1991,1,1,0
14607,M,1953,0,0,0
14608,M,1946,0,0,0
14609,M,1989,0,0,1
14610,F,1960,0,0,0
14611,M,1993,1,0,1
14612,M,2010,0,0,0
14613,F,2006,0,0,0
14614,F,1950,0,0,1
14615,M,2009,0,0,0
14616,F,1963,0,1,0
14617,M,1975,0,0,1
14618,F,1948,0,1,0
14619,F,1978,0,0,0
14620,F,1969,0,0,1
14621,M,1975,0,0,0
14622,F,1972,0,0,0
14623,M,1981,0,0,0
14624,F,1968,0,0,1
14625,F,1987,0,0,1
14626,F,1956,0,1,1
14627,F,1978,0,0,1
14628,M,1958,0,0,1
14629,F,1995,1,0,0
14630,F,1989,0,0,0
14631,M,2005,0,0,0
14632,M,1972,0,1,0
14633,F,1973,0,0,0
14634,F,1992,1,0,1
14635,M,1980,0,1,0
14636,F,2000,1,1,0
14637,F,1952,0,0,1
14638,M,1954,0,0,0
14639,F,1981,0,0,0
14640,M,1985,0,0,1
14641,M,2008,0,0,0
14642,F,1959,0,0,0
14643,M,1997,0,0,0
14644,F,1957,0,0,0
14645,M,2006,0,0,0
14646,F,2000,0,0,0
14647,F,2003,0,1,0
14648,F,1998,1,0,1
14649,F,1930,0,0,1
14650,F,1984,1,0,0
14651,F,1964,0,1,0
14652,M,2001,0,0,0
14653,M,1995,0,0,1
14654,F,1930,0,1,1
14655,M,1983,0,0,0
14656,F,1977,0,0,1
14657,F,1970,0,0,0
14658,F,1931,0,1,0
14659,M,2016,0,0,0
14660,M,1950,1,0,0
14661,M,1943,0,1,1
14662,M,1967,0,0,0
14663,M,1987,0,0,1
14664,F,1974,0,0,0
14665,F,2002,0,0,0
14666,M,2011,0,0,0
14667,F,1977,0,0,0
14668,F,2018,0,1,0
14669,F,1992,0,0,0
14670,F,2000,0,0,1
14671,M,1987,0,0,1
14672,F,1986,1,0,0
14673,M,2003,0,0,0
14674,F,1969,1,0,1
14675,F,1945,0,0,0
14676,M,2002,0,0,0
14677,F,2003,1,0,0
14678,M,1983,0,0,0
14679,F,2011,0,0,0
14680,M,1982,1,0,1
14681,M,1950,0,0,0
14682,F,2003,1,0,0
14683,F,1934,1,0,0
14684,M,1990,0,0,0
14685,M,1988,0,0,0
14686,F,1994,0,1,0
14687,M,1961,1,0,1
14688,F,1979,1,1,0
14689,F,1989,0,0,0
14690,M,1997,0,0,0
14691,F,1975,1,0,0
14692,M,1942,0,0,0
14693,M,1987,0,0,0
14694,M,1980,1,0,0
14695,F,2007,0,1,1
14696,M,1980,0,0,0
14697,F,1930,0,0,0
14698,F,2004,0,0,0
14699,M,1973,0,1,1
14700,F,1993,0,0,0
14701,F,2008,0,0,0
14702,F,1990,0,0,0
14703,F,1930,0,0,1
14704,F,1973,0,0,1
14705,M,1976,0,1,0
14706,M,2003,1,0,0
14707,F,1953,0,1,1
14708,F,1939,0,0,1
14709,F,1941,1,0,0
14710,F,1956,0,0,0
14711,F,1999,0,0,0
14712,M,2002,0,0,0
14713,M,2012,0,1,0
14714,M,2001,0,0,0
14715,F,1974,0,0,0
14716,M,2001,0,0,0
14717,M,1952,0,0,0
14718,F,1946,1,0,0
14719,F,1948,0,0,1
14720,F,2010,0,0,0
14721,M,1976,1,0,0
14722,M,1979,0,0,1
14723,F,1949,0,0,1
14724,M,2008,0,0,0
14725,F,1979,0,0,1
14726,F,2008,0,0,0
14727,F,1955,0,0,0
14728,M,2016,0,0,1
14729,F,1930,0,1,1
14730,M,1968,0,1,1
14731,F,1983,1,0,0
14732,M,1995,0,0,0
14733,M,1947,0,0,0
14734,F,2008,0,0,0
14735,M,2016,0,0,0
14736,F,1970,1,0,1
14737,F,1984,0,1,0
14738,M,1974,0,0,0
14739,F,1978,0,0,1
14740,F,1966,0,1,1
14741,F,1983,0,0,1
14742,F,1990,0,0,0
14743,F,1982,0,0,0
14744,F,1961,0,0,0
14745,F,1958,0,0,1
14746,M,1973,1,0,1
14747,M,2014,0,0,0
14748,M,1976,0,0,1
14749,M,2009,1,0,0
14750,F,1957,0,0,0
14751,F,1961,1,0,0
14752,F,1999,0,0,0
14753,M,1967,0,0,0
14754,M,1980,0,0,0
14755,M,1997,0,0,0
14756,M,1967,0,1,0
14757,M,1936,0,0,0
14758,F,1991,0,0,0
14759,F,1973,1,0,0
14760,F,2000,0,0,0
14761,M,1995,1,0,0
14762,M,1981,0,0,0
14763,M,1997,0,0,1
14764,F,1998,1,0,0
14765,F,2003,0,0,1
14766,M,1946,0,0,1
14767,M,1960,1,0,0
14768,F,1982,0,0,1
14769,F,1958,0,0,0
14770,F,1955,1,0,0
14771,M,1986,1,1,1
14772,M,2001,0,0,0
14773,M,1973,0,0,0
14774,M,1946,0,1,1
14775,F,1963,0,0,0
14776,M,1938,0,0,1
14777,M,1955,1,0,1
14778,M,1930,0,0,1
14779,M,1971,0,0,1
14780,M,1988,0,0,0
14781,F,1961,1,0,1
14782,F,1944,0,1,0
14783,M,1976,1,0,0
14784,F,1955,0,0,0
14785,M,1990,1,0,0
14786,M,1956,1,1,0
14787,M,1930,1,0,1
14788,M,1990,0,1,0
14789,F,1974,1,0,0
14790,F,1965,0,0,0
14791,M,1983,0,0,0
14792,M,1989,0,0,1
14793,F,1979,0,0,1
14794,F,1949,0,1,1
14795,M,2007,0,0,0
14796,M,1998,0,0,0
14797,M,1984,0,0,1
14798,F,1954,0,0,0
14799,F,1979,0,0,0
14800,F,1993,0,0,0
14801,M,1934,0,0,0
14802,F,1975,0,0,0
14803,M,1989,0,0,0
14804,M,1965,0,0,1
14805,M,1967,0,0,0
14806,F,1974,0,0,0
14807,F,1994,0,0,1
14808,M,1954,1,1,0
14809,F,1930,1,0,1
14810,F,1970,0,0,1
14811,M,2006,0,0,0
14812,F,1930,0,0,1
14813,M,1966,0,0,1
14814,M,2000,0,0,0
14815,F,1956,0,1,0
14816,F,1945,0,1,1
14817,M,1978,0,0,0
14818,M,2009,1,0,0
14819,F,1973,0,1,1
14820,M,2000,0,0,0
14821,M,1965,0,0,0
14822,M,1994,0,0,1
14823,M,1968,0,1,0
14824,M,1988,0,0,0
14825,M,1972,1,1,0
14826,M,1955,0,0,1
14827,F,1954,0,1,1
14828,M,1996,0,0,0
14829,F,1986,0,0,0
14830,F,1985,0,0,0
14831,M,1973,0,0,1
14832,M,1943,0,0,0
14833,F,1982,0,0,1
14834,F,1968,0,0,1
14835,F,1984,0,0,0
14836,F,1994,0,0,0
14837,M,2006,0,0,0
14838,F,1990,1,1,0
14839,M,2002,0,0,0
14840,M,2001,1,0,0
14841,M,1971,0,0,1
14842,M,1968,1,0,0
14843,M,1953,0,0,1
14844,F,2011,0,1,0
14845,F,1959,0,0,1
14846,M,2017,0,0,0
14847,M,1994,0,0,1
14848,F,1984,0,0,0
14849,F,1994,0,0,1
14850,F,1980,0,0,0
14851,F,1975,0,0,0
14852,F,2018,0,0,0
14853,F,1967,0,0,1
14854,M,1991,0,0,1
14855,F,1960,0,0,0
14856,F,1959,1,0,1
14857,M,1978,1,0,0
14858,M,1954,0,0,1
14859,M,1998,0,0,0
14860,M,1993,0,0,0
14861,M,2011,0,0,0
14862,F,1966,0,1,1
14863,M,1980,0,0,1
14864,M,1984,0,0,0
14865,M,1985,0,0,0
14866,F,1988,0,1,0
14867,M,2001,0,1,0
14868,M,2004,0,0,0
14869,F,1930,0,0,0
14870,M,1969,0,0,0
14871,M,1984,0,0,0
14872,M,1987,0,0,0
14873,F,1972,0,0,1
14874,M,1947,1,0,1
14875,M,1977,0,0,1
14876,M,1930,0,0,1
14877,F,1965,0,1,0
14878,F,1991,1,0,0
14879,F,2004,0,0,1
14880,M,1949,0,0,0
14881,M,1999,0,1,0
14882,F,1960,0,0,1
14883,M,1971,1,0,1
14884,M,2007,0,0,0
14885,F,1973,0,0,0
14886,F,1967,0,0,0
14887,F,1988,1,0,0
14888,F,1989,0,0,1
14889,M,1987,1,1,0
14890,M,1950,1,0,1
14891,F,1990,0,0,0
14892,M,2010,0,0,0
14893,M,1980,0,0,1
14894,M,2012,0,0,0
14895,M,1973,0,0,1
14896,F,2001,0,0,0
14897,M,1985,0,0,0
14898,F,2000,0,0,0
14899,M,1937,0,0,1
14900,M,1972,0,0,1
14901,M,2001,0,0,0
14902,F,1977,0,0,0
14903,M,2004,0,0,0
14904,F,1986,0,0,0
14905,F,1947,0,1,1
14906,F,1971,0,0,1
14907,F,1999,1,1,0
14908,M,2006,0,0,1
14909,F,1967,0,0,1
14910,F,1930,0,1,1
14911,M,1985,0,0,0
14912,F,1949,0,0,1
14913,M,1971,0,0,0
14914,M,1968,0,0,1
14915,M,2004,0,0,0
14916,F,1986,0,0,0
14917,F,1984,1,0,0
14918,M,2014,0,0,0
14919,F,1995,0,0,0
14920,F,1993,1,0,0
14921,M,2000,0,0,0
14922,F,1987,1,0,0
14923,M,1961,0,0,1
14924,F,1960,0,0,1
14925,M,1942,1,0,0
14926,M,1956,0,1,1
14927,F,1975,1,0,0
14928,F,1941,0,1,1
14929,F,1992,0,1,0
14930,F,1982,0,1,0
14931,M,1930,0,0,1
14932,M,1992,0,0,0
14933,F,2016,0,0,0
14934,M,2006,1,0,0
14935,M,1985,0,0,1
14936,F,2000,0,0,0
14937,F,2007,0,0,0
14938,M,1960,0,0,1
14939,F,1970,0,0,1
14940,M,2014,0,0,0
14941,M,1953,0,0,1
14942,F,1930,0,0,1
14943,F,1995,1,0,0
14944,M,1970,0,0,0
14945,M,2002,0,0,0
14946,F,1978,0,1,1
14947,M,1969,0,1,1
14948,M,1985,0,1,0
14949,F,1998,1,0,1
14950,F,1993,1,0,0
14951,F,2012,0,0,0
14952,F,1981,0,0,0
14953,F,1933,0,0,1
14954,M,2006,0,0,0
14955,F,1942,0,0,1
14956,M,1989,0,0,0
14957,F,2012,0,0,0
14958,M,1959,0,0,1
14959,F,1981,0,0,0
14960,F,2003,0,0,0
14961,M,1997,0,1,1
14962,F,1993,0,0,0
14963,M,1986,0,0,0
14964,M,1978,0,0,0
14965,F,1978,0,0,0
14966,M,1962,0,0,0
14967,M,1982,0,0,1
14968,F,1974,0,0,0
14969,F,1981,0,1,0
14970,M,1930,0,0,1
14971,F,2019,0,0,0
14972,F,2005,0,0,0
14973,M,2002,0,0,0
14974,F,1983,0,0,0
14975,M,1981,0,1,0
14976,M,1988,0,0,0
14977,M,1970,1,0,1
14978,M,1966,0,0,1
14979,F,1986,0,0,1
14980,F,1962,0,0,0
14981,F,1989,0,1,1
14982,M,1976,0,0,1
14983,M,2017,0,0,0
14984,F,1986,0,0,1
14985,F,1961,0,0,1
14986,M,2018,0,0,0
14987,M,1982,1,0,0
14988,M,2002,0,0,0
14989,F,1977,0,0,0
14990,F,1988,1,0,1
14991,M,1975,1,0,0
14992,M,1998,1,0,1
14993,M,1987,0,0,0
14994,M,2003,0,0,0
14995,F,1993,1,0,1
14996,M,1979,0,0,1
14997,M,2011,0,0,0
14998,M,1986,0,0,1
14999,F,2006,0,0,0
15000,F,1990,0,0,0
15001,M,2007,0,0,0
15002,F,1930,0,1,1
15003,F,1961,0,1,0
15004,F,1988,0,0,1
15005,M,1943,0,0,0
15006,F,1997,0,0,0
15007,M,1952,0,1,1
15008,M,1974,0,0,1
15009,M,1997,0,0,0
15010,M,1969,0,0,1
15011,F,1959,0,0,1
15012,M,1985,1,1,0
15013,M,1963,0,0,0
15014,F,1966,0,0,1
15015,F,1977,0,0,1
15016,M,2007,1,0,0
15017,F,1978,0,0,0
15018,M,2018,0,0,0
15019,M,1986,0,0,0
15020,F,1971,0,0,0
15021,F,2002,0,0,0
15022,F,1962,0,1,1
15023,M,1994,1,0,0
15024,F,2002,1,0,0
15025,M,1967,0,1,0
15026,M,1942,0,0,0
15027,F,1981,0,0,0
15028,F,1945,1,1,1
15029,M,1997,1,0,0
15030,M,2000,0,0,0
15031,M,1955,0,1,0
15032,F,1971,0,1,1
15033,F,2006,0,0,0
15034,F,1938,1,1,1
15035,M,1986,1,0,1
15036,M,1984,1,0,1
15037,M,1932,0,1,1
15038,F,1944,1,0,0
15039,F,1947,0,0,0
15040,F,1997,0,1,0
15041,F,1977,0,0,0
15042,M,1972,1,0,1
15043,F,2001,1,0,0
15044,F,2006,0,0,1
15045,M,1987,0,0,0
15046,F,1963,0,0,0
15047,F,2017,0,0,0
15048,F,1982,0,0,0
15049,F,2004,0,1,1
15050,F,1960,0,0,0
15051,F,1976,1,0,1
15052,M,2004,0,1,0
15053,M,1959,0,1,0
15054,M,1976,0,0,0
15055,F,1988,0,0,0
15056,M,1930,1,0,0
15057,M,1986,0,0,1
15058,F,1994,0,0,0
15059,M,1969,0,1,1
15060,M,1935,0,0,0
15061,F,2017,0,0,0
15062,M,1952,0,0,1
15063,M,1968,0,1,0
15064,F,1943,0,0,1
15065,F,1950,0,0,0
15066,M,1973,0,1,0
15067,M,1968,0,0,0
15068,F,1981,0,0,1
15069,M,1941,0,1,1
15070,M,1997,0,0,0
15071,M,1981,0,0,0
15072,M,1962,0,0,0
15073,M,1959,0,0,1
15074,M,1959,0,0,0
15075,F,1971,0,0,0
15076,M,1958,0,1,0
15077,M,1968,1,0,0
15078,M,1931,0,0,0
15079,M,1997,0,0,0
15080,F,1959,0,0,0
15081,F,1984,0,0,0
15082,F,1979,0,0,0
15083,F,1930,0,0,1
15084,M,1930,0,0,0
15085,F,1941,0,0,0
15086,M,1992,0,0,0
15087,M,1994,1,0,0
15088,M,2005,0,0,1
15089,M,1937,0,0,1
15090,F,2000,0,0,0
15091,F,1988,0,0,0
15092,F,1992,0,0,0
15093,M,1994,0,0,0
15094,M,2011,0,1,0
15095,M,1990,0,0,1
15096,M,1977,0,0,0
15097,F,2003,0,0,0
15098,M,1996,0,0,0
15099,F,1943,0,0,0
15100,M,1999,0,0,1
15101,F,1983,1,0,1
15102,F,1982,0,0,1
15103,M,1996,0,0,0
15104,F,1955,0,0,0
15105,F,1945,0,0,0
15106,F,2006,0,0,0
15107,M,1992,0,0,1
15108,M,1997,0,0,0
15109,F,1988,0,0,0
15110,M,1982,0,0,0
15111,F,2010,0,0,1
15112,M,1982,0,0,1
15113,M,2013,0,0,1
15114,M,1930,0,1,1
15115,M,1949,0,0,0
15116,M,2014,0,0,0
15117,M,1977,0,0,0
15118,F,2009,0,0,0
15119,F,1960,0,0,0
15120,M,1990,0,0,1
15121,M,1952,0,0,1
15122,M,1958,0,0,0
15123,M,1988,0,0,0
15124,F,1984,0,1,1
15125,F,1997,0,0,1
15126,M,2008,0,0,1
15127,M,1982,0,1,1
15128,F,1965,0,0,0
15129,M,1980,0,0,0
15130,M,1985,1,0,0
15131,M,1968,0,0,0
15132,M,1985,0,0,1
15133,M,1977,0,0,1
15134,F,1989,1,0,0
15135,M,1983,0,0,1
15136,F,2004,1,0,1
15137,M,1995,0,1,1
15138,M,1930,1,0,0
15139,M,2005,1,0,0
15140,F,1930,1,0,1
15141,M,1978,0,0,0
15142,F,2008,0,1,0
15143,M,1959,0,0,1
15144,M,2006,0,0,0
15145,F,1962,0,0,1
15146,F,1972,0,0,0
15147,F,1980,0,0,0
15148,F,1975,0,0,0
15149,F,1974,0,0,1
15150,F,1986,0,0,0
15151,F,1930,1,0,1
15152,M,1942,0,1,1
15153,F,1960,1,0,0
15154,F,1989,0,0,0
15155,F,1991,1,0,1
15156,F,1974,0,1,0
15157,F,1990,0,0,0
15158,F,1986,1,1,0
15159,F,1960,0,0,0
15160,M,1940,0,1,0
15161,F,1973,0,1,0
15162,F,2012,0,0,0
15163,F,1977,0,1,0
15164,M,2009,0,0,0
15165,M,1961,0,0,0
15166,F,1958,1,0,0
15167,F,1949,0,0,1
15168,F,1930,0,0,1
15169,M,1991,0,1,1
15170,M,1935,0,1,1
15171,M,1939,0,1,0
15172,F,1976,0,1,0
15173,F,2005,0,1,0
15174,F,1944,0,0,0
15175,M,1933,0,1,1
15176,M,2002,0,0,0
15177,M,1964,0,0,1
15178,F,1978,0,1,1
15179,M,1979,0,0,0
15180,M,2008,0,1,0
15181,M,1945,0,0,0
15182,M,1989,0,1,0
15183,F,1930,0,0,0
15184,M,1985,0,0,0
15185,F,1991,0,0,0
15186,F,1989,0,1,0
15187,F,1983,0,0,0
15188,F,1984,0,0,0
15189,F,1945,0,0,0
15190,M,1984,0,0,0
15191,F,1938,0,0,0
15192,F,1946,0,0,0
15193,M,1951,0,1,1
15194,F,1958,0,0,1
15195,M,2000,0,0,0
15196,M,1956,0,1,0
15197,F,1946,0,0,0
15198,F,1936,0,0,1
15199,F,2008,1,0,0
15200,F,1948,1,0,0
15201,M,2007,0,1,0
15202,M,1962,0,1,1
15203,M,1968,0,0,0
15204,M,1997,0,0,0
15205,F,1977,0,0,0
15206,F,1982,0,0,0
15207,F,1966,0,0,0
15208,F,1978,0,1,0
15209,M,1970,0,0,0
15210,F,1986,1,0,0
15211,M,1930,1,0,1
15212,M,1969,0,0,1
15213,F,1989,0,0,0
15214,F,1990,0,0,0
15215,F,1957,0,0,0
15216,M,1930,0,1,1
15217,F,1942,0,0,1
15218,F,1979,0,1,1
15219,F,2009,0,1,0
15220,F,1996,1,0,0
15221,M,1992,1,0,0
15222,F,2010,0,0,0
15223,M,1983,0,0,0
15224,F,1962,0,0,0
15225,M,1987,0,0,1
15226,F,1954,0,0,1
15227,M,1990,0,0,0
15228,F,2004,0,0,0
15229,F,1994,0,0,0
15230,M,1996,1,0,0
15231,M,2007,0,0,0
15232,F,1999,1,0,0
15233,F,2011,0,0,0
15234,F,2012,0,0,0
15235,M,1988,0,0,0
15236,M,1992,0,0,0
15237,M,1930,0,0,0
15238,M,1998,1,0,0
15239,F,1989,0,0,0
15240,F,1975,0,0,1
15241,M,1951,0,0,0
15242,F,1937,0,0,0
15243,M,1974,0,0,0
15244,M,1983,0,0,0
15245,M,1995,0,0,0
15246,F,1978,0,0,0
15247,M,1941,0,0,1
15248,F,1978,0,0,1
15249,F,1968,0,0,1
15250,F,1956,1,0,1
15251,F,1971,0,0,0
15252,M,1966,0,0,1
15253,F,1972,0,1,1
15254,F,2000,0,0,0
15255,F,1977,0,0,0
15256,M,1974,0,0,0
15257,F,1930,0,1,1
15258,M,1994,0,0,0
15259,F,1975,1,0,0
15260,F,1988,0,0,0
15261,M,1930,1,0,1
15262,M,1947,0,0,1
15263,F,1976,0,0,1
15264,M,2019,0,0,0
15265,F,1945,0,0,0
15266,M,2006,0,0,0
15267,M,2011,0,0,0
15268,F,1954,1,0,0
15269,M,1967,0,0,0
15270,M,1970,0,0,0
15271,F,1994,0,1,0
15272,M,2008,0,0,0
15273,M,2017,0,0,0
15274,F,1970,0,0,0
15275,M,2004,0,0,0
15276,F,1965,0,0,1
15277,F,2002,0,0,0
15278,M,1975,1,0,1
15279,F,2000,0,0,0
15280,M,1957,0,0,0
15281,M,1971,0,0,0
15282,M,1978,0,1,1
15283,M,1998,0,0,1
15284,F,2007,1,0,0
15285,M,1970,0,0,1
15286,M,1993,0,1,1
15287,M,1979,1,1,0
15288,F,1981,1,0,0
15289,M,1982,1,1,0
15290,F,1946,0,0,0
15291,M,1982,0,0,0
15292,F,2000,0,0,0
15293,F,1963,0,0,0
15294,F,1964,0,0,0
15295,M,1995,0,0,1
15296,F,1998,0,0,1
15297,M,1972,0,0,0
15298,M,2003,0,1,0
15299,F,1971,0,0,1
15300,M,1935,0,0,1
15301,F,1963,1,1,0
15302,M,1933,0,1,1
15303,F,1979,0,0,1
15304,M,1979,0,0,1
15305,M,1976,0,0,0
15306,F,1968,0,0,0
15307,M,1970,1,0,0
15308,M,1997,0,0,1
15309,M,1981,0,0,0
15310,F,1948,0,0,1
15311,M,2001,0,1,0
15312,F,2020,0,0,0
15313,F,1976,0,1,0
15314,M,1969,0,0,0
15315,F,1969,0,0,0
15316,F,2007,0,0,0
15317,F,2001,0,0,0
15318,F,1949,0,0,0
15319,M,1950,0,0,1
15320,M,1980,0,0,0
15321,F,1973,0,0,1
15322,M,1999,0,0,0
15323,F,2005,0,0,0
15324,F,2010,0,0,1
15325,F,2005,0,0,0
15326,F,1973,0,0,0
15327,M,1984,0,0,0
15328,F,1978,1,0,0
15329,M,1978,0,0,0
15330,M,2002,0,0,0
15331,F,1971,1,0,0
15332,M,1944,0,0,0
15333,M,2001,1,0,0
15334,M,1982,0,0,0
15335,M,1962,1,0,1
15336,M,1950,0,0,0
15337,M,1968,1,0,1
15338,F,1999,0,0,0
15339,F,2011,0,0,0
15340,F,1988,0,0,0
15341,M,1985,0,0,0
15342,M,1950,0,1,0
15343,M,1990,0,0,0
15344,F,2002,0,0,1
15345,M,1996,0,0,0
15346,F,1968,1,0,0
15347,F,1980,1,1,1
15348,M,1984,0,0,0
15349,F,1949,0,0,1
15350,M,2015,0,0,0
15351,M,1956,0,0,1
15352,M,2019,0,0,0
15353,M,1958,0,0,0
15354,F,1977,0,1,0
15355,M,1978,0,0,0
15356,F,1978,0,0,1
15357,M,1958,0,0,1
15358,F,2002,0,0,0
15359,F,1965,0,0,1
15360,M,1957,1,0,0
15361,F,1983,1,0,0
15362,F,1994,0,0,0
15363,M,2009,0,0,0
15364,M,1930,0,0,1
15365,M,1978,0,0,0
15366,F,2011,0,0,0
15367,M,2000,0,0,0
15368,M,1993,0,0,0
15369,F,1956,1,0,0
15370,M,2000,0,0,1
15371,F,1994,0,0,0
15372,M,1962,0,0,0
15373,F,1989,0,0,1
15374,F,1979,0,0,0
15375,M,2006,0,0,0
15376,M,2003,0,0,0
15377,M,2002,0,0,1
15378,F,1982,0,0,0
15379,M,1979,0,0,0
15380,F,1977,1,0,1
15381,M,1949,0,1,1
15382,M,1994,0,0,0
15383,M,2008,0,0,0
15384,M,1961,1,0,0
15385,M,1975,0,0,1
15386,M,1963,0,0,1
15387,F,1975,0,0,1
15388,M,1992,0,1,0
15389,M,1992,0,0,0
15390,M,1996,0,0,0
15391,M,1943,1,0,0
15392,F,1930,0,0,1
15393,M,1967,0,1,0
15394,M,1986,0,0,1
15395,M,1995,0,0,0
15396,M,1971,0,0,0
15397,F,2006,0,0,0
15398,M,1968,0,0,1
15399,M,1996,0,0,0
15400,F,2018,0,0,1
15401,M,1932,0,1,0
15402,F,1960,1,0,0
15403,M,2007,0,0,1
15404,F,1954,1,0,1
15405,M,1996,0,0,0
15406,M,1955,0,0,1
15407,F,1982,1,0,0
15408,M,1981,0,1,0
15409,M,1979,0,1,0
15410,M,1982,1,0,0
15411,M,2001,0,0,0
15412,F,1932,0,0,1
15413,M,1967,0,0,1
15414,F,2004,0,0,0
15415,F,1993,0,0,1
15416,M,1932,0,0,1
15417,F,2007,0,0,0
15418,F,1968,0,1,0
15419,M,2002,0,0,0
15420,M,1996,0,0,0
15421,M,1982,0,1,0
15422,M,1970,0,0,0
15423,F,1978,1,0,0
15424,M,2003,1,0,0
15425,F,1934,0,0,1
15426,F,1963,0,0,0
15427,M,1947,0,1,0
15428,F,1983,0,0,0
15429,F,1961,0,1,1
15430,M,1946,0,1,0
15431,M,1973,0,0,1
15432,M,1974,0,0,0
15433,M,1968,0,0,1
15434,M,1968,0,0,1
15435,F,1972,0,0,0
15436,F,1957,0,0,0
15437,M,1984,0,0,0
15438,F,1937,1,0,0
15439,M,2013,0,0,1
15440,M,1962,0,0,1
15441,F,1939,0,1,1
15442,F,1994,0,0,0
15443,F,1989,0,0,0
15444,M,1936,0,1,1
15445,M,1962,0,0,1
15446,F,1960,0,0,0
15447,M,1985,1,0,0
15448,F,1987,1,0,0
15449,F,1985,1,0,0
15450,F,1987,0,0,0
15451,F,1985,0,0,0
15452,M,1965,0,1,1
15453,F,1988,0,0,1
15454,F,2001,0,0,1
15455,M,1942,0,0,0
15456,M,1994,0,0,0
15457,F,1989,0,0,0
15458,F,2006,0,0,1
15459,M,1973,0,0,0
15460,F,1994,1,0,0
15461,F,2002,0,0,0
15462,M,1954,0,1,0
15463,M,1930,0,0,0
15464,M,1992,1,0,0
15465,M,1962,0,0,1
15466,F,1971,1,0,0
15467,F,1976,0,1,0
15468,M,2003,0,0,1
15469,M,1974,0,0,0
15470,F,1960,0,1,0
15471,M,1930,0,0,1
15472,F,2012,0,0,0
15473,F,1962,0,0,0
15474,F,1976,0,0,1
15475,F,1985,0,0,0
15476,M,1941,0,0,1
15477,F,1992,0,0,1
15478,F,1930,0,0,0
15479,F,2013,0,0,1
15480,M,1988,0,0,0
15481,M,1953,0,0,1
15482,F,1975,0,0,0
15483,M,1995,0,0,0
15484,M,1991,0,0,0
15485,F,1967,1,0,1
15486,F,1997,1,0,0
15487,F,1935,0,0,1
15488,M,1982,0,0,1
15489,M,1984,1,0,0
15490,F,1971,1,0,0
15491,F,2006,0,0,1
15492,F,1975,0,0,0
15493,F,1930,1,0,0
15494,F,1982,0,1,0
15495,F,1976,0,0,1
15496,F,1958,0,0,0
15497,M,1936,0,1,0
15498,F,1975,0,0,1
15499,F,1985,0,0,0
15500,M,1954,0,0,1
15501,F,1997,0,0,0
15502,M,1937,0,0,1
15503,M,1949,0,0,0
15504,M,1955,0,0,0
15505,F,1970,0,0,0
15506,M,1963,0,0,1
15507,M,1963,0,0,1
15508,M,1972,1,1,1
15509,M,1992,0,0,0
15510,F,1962,0,1,0
15511,M,2003,0,0,0
15512,M,2000,0,0,0
15513,F,1935,0,1,1
15514,M,2001,0,0,0
15515,M,1945,0,0,1
15516,F,2001,0,0,0
15517,M,1983,0,0,1
15518,F,1981,0,1,0
15519,F,2007,0,0,0
15520,F,1966,0,0,0
15521,F,2005,0,0,0
15522,M,2004,0,0,0
15523,M,2005,0,0,0
15524,M,2013,0,0,0
15525,M,1956,0,0,1
15526,F,1991,0,0,1
15527,M,1987,0,0,0
15528,F,1984,0,0,0
15529,M,1990,0,0,0
15530,F,2002,0,0,0
15531,M,1993,1,0,0
15532,F,1984,0,0,0
15533,M,2003,1,0,0
15534,F,1992,0,0,0
15535,F,1951,1,1,0
15536,M,1993,0,0,1
15537,M,1970,0,0,0
15538,M,2022,0,0,0
15539,M,1966,0,0,1
15540,M,2010,0,0,0
15541,M,1966,0,1,0
15542,M,1956,1,0,1
15543,M,1969,1,0,0
15544,F,1989,0,0,0
15545,F,2006,0,0,1
15546,F,1968,0,0,0
15547,F,1992,0,0,1
15548,M,1986,0,0,1
15549,F,1997,0,0,0
15550,M,1984,1,0,0
15551,M,1985,1,0,0
15552,F,2001,0,0,0
15553,F,1972,0,0,1
15554,M,1935,0,1,0
15555,F,1953,0,0,1
15556,M,1931,1,0,0
15557,M,1993,0,0,0
15558,M,1999,0,0,0
15559,F,2011,0,0,1
15560,M,1988,0,0,0
15561,M,1985,0,1,0
15562,F,1981,0,0,0
15563,F,2002,0,0,0
15564,F,1976,0,1,0
15565,F,1982,0,0,0
15566,F,1976,1,0,0
15567,M,1970,1,0,1
15568,M,1997,0,0,0
15569,F,1980,0,1,0
15570,M,1954,0,0,1
15571,M,1972,1,0,1
15572,F,1982,0,0,0
15573,F,1995,1,0,0
15574,F,1987,0,0,0
15575,M,2006,0,0,0
15576,F,1961,0,0,0
15577,M,1995,0,0,0
15578,F,2000,0,0,1
15579,F,2005,1,0,0
15580,F,1997,1,0,0
15581,M,1992,0,0,0
15582,F,1947,0,0,1
15583,M,1996,0,0,0
15584,F,1938,0,0,1
15585,F,1947,0,0,0
15586,M,1948,0,0,0
15587,M,1967,0,0,0
15588,F,2009,0,0,0
15589,F,1952,0,0,0
15590,F,2008,1,0,0
15591,F,2001,0,0,0
15592,F,1992,0,0,0
15593,F,1995,0,0,0
15594,F,1959,0,0,1
15595,F,1964,0,0,0
15596,F,1985,0,0,0
15597,M,1968,0,0,1
15598,F,1979,1,1,1
15599,F,1982,0,0,1
15600,M,1990,1,0,0
15601,F,1997,0,0,0
15602,M,2017,0,0,0
15603,F,1960,0,0,1
15604,F,1996,1,0,0
15605,M,1995,0,1,0
15606,F,1997,0,0,0
15607,M,1976,0,0,0
15608,F,1970,0,1,0
15609,F,1994,0,0,0
15610,F,1982,0,0,1
15611,F,1993,0,0,1
15612,F,1960,0,1,0
15613,M,1974,1,0,1
15614,F,2013,0,0,0
15615,M,1971,0,0,0
15616,M,1980,0,0,0
15617,M,1999,0,0,0
15618,M,2001,0,0,0
15619,M,1964,0,1,0
15620,F,1962,1,1,1
15621,F,1979,0,0,0
15622,M,1993,0,0,0
15623,M,1998,1,0,1
15624,F,1998,1,0,0
15625,M,1990,0,0,0
15626,M,1955,0,0,0
15627,F,2010,0,0,0
15628,F,1982,0,0,0
15629,M,1989,1,0,0
15630,M,1973,0,0,1
15631,M,2001,0,0,0
15632,M,1987,0,0,1
15633,F,1963,0,0,1
15634,M,1978,0,0,0
15635,F,1992,0,0,1
15636,M,1999,0,0,1
15637,M,1947,0,0,0
15638,M,2006,0,0,1
15639,M,1941,0,1,1
15640,F,1979,0,0,0
15641,F,1985,0,0,0
15642,M,1956,0,0,0
15643,M,1954,0,0,1
15644,F,1981,0,0,1
15645,M,1972,0,0,0
15646,M,2003,1,0,0
15647,F,1987,0,1,0
15648,F,1996,0,0,0
15649,F,1946,1,0,1
15650,M,1950,0,0,0
15651,F,2003,0,0,0
15652,M,2004,0,0,1
15653,F,1986,0,1,0
15654,M,1940,0,0,1
15655,F,1991,0,0,1
15656,M,1930,0,1,0
15657,M,2005,1,0,0
15658,F,1996,0,0,1
15659,M,2003,0,0,1
15660,M,1980,0,0,0
15661,F,1992,0,0,0
15662,F,1944,0,0,0
15663,M,1993,0,0,0
15664,F,1961,1,0,1
15665,F,2002,0,0,0
15666,F,1988,0,0,1
15667,F,2011,0,0,0
15668,F,1939,0,0,1
15669,M,1986,0,0,0
15670,F,1962,0,0,1
15671,F,2008,1,0,0
15672,F,2006,0,0,0
15673,F,2002,0,0,0
15674,F,1995,0,0,0
15675,M,1954,1,0,0
15676,M,1992,0,1,0
15677,M,1971,0,0,1
15678,F,1930,0,0,0
15679,F,1989,0,0,0
15680,M,2007,0,0,0
15681,M,2002,0,1,1
15682,M,1968,1,1,0
15683,M,1995,0,0,0
15684,F,2009,0,0,0
15685,F,1930,0,0,1
15686,F,1952,1,0,1
15687,F,1999,0,0,0
15688,F,1930,0,0,1
15689,F,1930,0,1,1
15690,F,1930,1,0,1
15691,M,1989,0,0,0
15692,F,1984,0,1,0
15693,M,1969,0,0,1
15694,M,1997,0,0,0
15695,M,1955,0,0,0
15696,M,1975,0,0,0
15697,F,1956,0,0,0
15698,M,1992,0,0,0
15699,M,1977,1,0,0
15700,M,2005,0,1,1
15701,F,1994,0,0,1
15702,M,1990,0,0,0
15703,M,1968,0,0,1
15704,F,1958,0,0,0
15705,M,2002,0,0,0
15706,F,1947,0,0,1
15707,M,1972,1,1,0
15708,M,1966,0,0,0
15709,F,1958,0,0,0
15710,M,2000,1,0,0
15711,M,1947,0,1,1
15712,M,1995,1,0,0
15713,F,1985,1,1,0
15714,F,1988,0,0,1
15715,F,1930,0,0,0
15716,F,1999,1,0,0
15717,F,1930,0,0,0
15718,M,1939,0,0,0
15719,M,2005,0,0,0
15720,M,1996,0,0,0
15721,M,1995,0,0,0
15722,F,1965,0,0,1
15723,F,1947,0,1,0
15724,F,1995,0,0,0
15725,F,2008,0,0,0
15726,F,1965,0,0,0
15727,F,1980,0,0,0
15728,M,2006,0,0,0
15729,M,1969,0,0,0
15730,M,1982,0,1,1
15731,F,2002,1,0,0
15732,F,1993,0,0,0
15733,M,1930,0,0,1
15734,F,2017,0,0,0
15735,F,2001,0,1,0
15736,F,2007,0,0,0
15737,F,1988,0,0,0
15738,M,1978,1,0,0
15739,M,1985,0,0,0
15740,M,1982,0,0,0
15741,M,1976,0,0,0
15742,M,1993,0,0,1
15743,M,1930,0,0,1
15744,F,1980,0,0,0
15745,F,2005,0,1,0
15746,F,1984,0,0,0
15747,F,1965,0,0,0
15748,M,1960,0,0,1
15749,F,1969,0,0,0
15750,F,1979,0,0,0
15751,M,2000,1,0,0
15752,M,1974,0,1,0
15753,M,1984,0,0,0
15754,M,1996,1,0,0
15755,M,1980,0,0,1
15756,M,1958,0,0,1
15757,M,2008,1,0,0
15758,M,2000,0,0,0
15759,M,2021,0,0,0
15760,F,1963,0,0,0
15761,F,2003,0,0,0
15762,F,1949,0,0,1
15763,F,1987,1,0,0
15764,F,1970,0,0,1
15765,F,1964,0,0,1
15766,M,1983,1,0,0
15767,M,1946,0,0,0
15768,M,1979,0,0,1
15769,M,1977,0,0,0
15770,M,2006,0,0,0
15771,M,1930,1,0,0
15772,M,1958,0,0,0
15773,F,2001,0,0,0
15774,M,2005,0,0,1
15775,M,1990,0,0,1
15776,M,1988,0,1,0
15777,M,1981,0,0,0
15778,F,1949,0,0,0
15779,F,1946,0,0,1
15780,M,1959,0,0,1
15781,M,2012,0,0,0
15782,M,1934,0,1,0
15783,F,1955,0,1,0
15784,M,1967,0,0,0
15785,F,1987,1,1,1
15786,M,1970,1,0,1
15787,F,2007,0,0,0
15788,F,1971,0,1,0
15789,M,1956,1,0,1
15790,F,1975,0,0,0
15791,F,1987,0,0,0
15792,M,1945,0,1,1
15793,F,1930,0,1,0
15794,F,1968,0,0,1
15795,F,1957,1,0,1
15796,F,1982,0,0,1
15797,F,1991,0,0,0
15798,M,1954,0,0,0
15799,F,1930,0,1,1
15800,M,1995,0,0,0
15801,F,2001,0,0,0
15802,F,1992,0,0,0
15803,F,1996,0,0,1
15804,F,1942,0,0,1
15805,F,1947,1,0,1
15806,M,1993,1,0,0
15807,M,1976,0,0,0
15808,M,2001,1,0,0
15809,F,1983,0,0,0
15810,F,2001,0,0,0
15811,F,1987,0,0,1
15812,M,2001,0,0,1
15813,M,1945,0,0,1
15814,F,1975,0,0,0
15815,F,1971,0,0,0
15816,F,1995,0,0,0
15817,M,1990,0,1,0
15818,F,1977,1,0,0
15819,F,1930,0,0,1
15820,M,1980,0,0,0
15821,F,1938,0,0,1
15822,F,1988,0,0,0
15823,M,1979,0,0,1
15824,F,1948,0,1,1
15825,F,1961,0,0,0
15826,F,1996,0,0,0
15827,M,1971,0,1,0
15828,F,1969,0,1,1
15829,M,1964,0,0,0
15830,F,1995,0,0,0
15831,M,2003,0,0,1
15832,F,1935,0,0,1
15833,F,1930,0,0,1
15834,F,1965,0,0,0
15835,M,1989,0,0,0
15836,M,1942,0,0,0
15837,M,1998,0,0,0
15838,M,1997,0,1,0
15839,M,1932,0,0,0
15840,M,1930,0,0,1
15841,F,1991,0,0,0
15842,M,1995,1,1,0
15843,F,1980,1,1,0
15844,M,2000,0,0,1
15845,M,2005,0,0,1
15846,F,2005,1,0,0
15847,F,1972,0,1,0
15848,F,1981,0,0,1
15849,M,1949,0,0,0
15850,M,1932,0,1,0
15851,F,1966,0,0,0
15852,M,2000,0,0,0
15853,F,2012,0,1,0
15854,M,1988,0,0,1
15855,F,1990,0,0,0
15856,M,1999,0,0,0
15857,M,1967,0,0,0
15858,F,1965,1,0,0
15859,M,1972,1,1,1
15860,M,1930,1,0,1
15861,M,2004,0,0,0
15862,M,1986,0,0,0
15863,M,1980,0,0,1
15864,M,1989,0,0,0
15865,M,1992,1,0,0
15866,M,1960,0,0,0
15867,F,1995,0,0,0
15868,M,1998,0,0,0
15869,F,1965,0,0,1
15870,M,1966,1,0,1
15871,F,2006,0,0,1
15872,M,1948,0,0,1
15873,M,1930,0,1,0
15874,F,2010,0,0,0
15875,M,1960,0,0,1
15876,F,1974,0,0,1
15877,M,1977,0,0,0
15878,F,1946,0,0,1
15879,M,1974,0,0,0
15880,M,1976,0,0,1
15881,M,1990,0,0,0
15882,M,1944,0,0,1
15883,M,2007,0,0,0
15884,F,1953,0,0,1
15885,F,1996,0,0,0
15886,F,1981,1,0,0
15887,M,1999,0,0,0
15888,F,1988,0,0,0
15889,F,1997,0,0,0
15890,M,1986,1,0,1
15891,M,1951,1,1,0
15892,F,1991,0,1,0
15893,M,2008,0,0,0
15894,M,1967,0,0,1
15895,F,1993,0,0,0
15896,M,1997,1,0,0
15897,M,1979,0,0,1
15898,F,2015,0,0,0
15899,F,1992,0,0,1
15900,M,1943,0,0,1
15901,M,1969,1,0,1
15902,F,1981,0,0,1
15903,F,1983,0,1,1
15904,F,1951,0,1,1
15905,F,1993,0,0,0
15906,M,1987,0,0,1
15907,M,2015,0,0,1
15908,M,1983,0,0,1
15909,F,1968,1,0,0
15910,M,1991,0,1,0
15911,M,1972,0,1,0
15912,F,1987,0,0,1
15913,M,1970,0,0,1
15914,F,1978,0,0,0
15915,M,1996,1,0,0
15916,M,1987,0,0,0
15917,F,1983,1,0,0
15918,F,1983,0,0,0
15919,F,1932,0,1,0
15920,F,1984,0,0,0
15921,M,1942,0,0,0
15922,M,2000,0,0,0
15923,F,1971,0,0,0
15924,F,1960,0,1,0
15925,F,2007,1,0,0
15926,F,1967,0,0,0
15927,F,2013,0,0,0
15928,M,1993,0,1,0
15929,F,1980,0,0,1
15930,M,1931,1,0,0
15931,M,1967,0,0,0
15932,F,1994,0,0,0
15933,F,1952,0,0,0
15934,M,2008,0,0,0
15935,M,2004,0,0,1
15936,F,2010,0,0,0
15937,F,1972,0,0,1
15938,M,1991,0,0,0
15939,M,1979,1,1,0
15940,M,2004,0,0,0
15941,F,1948,0,0,0
15942,M,1952,1,1,0
15943,M,2007,0,1,0
15944,M,2001,1,0,0
15945,F,1941,0,1,1
15946,F,1992,0,0,1
15947,M,2003,1,0,0
15948,F,1976,1,1,0
15949,M,1991,0,0,0
15950,M,2004,0,0,0
15951,F,1930,0,1,0
15952,F,2011,0,0,0
15953,M,1985,0,1,0
15954,F,1959,1,0,1
15955,M,1945,0,1,1
15956,F,1966,0,0,1
15957,F,1957,0,0,1
15958,M,1962,0,0,0
15959,F,1980,0,0,0
15960,M,1997,0,0,0
15961,F,1990,0,0,0
15962,M,2001,1,0,1
15963,F,1978,0,0,0
15964,F,1998,1,0,0
15965,M,1984,0,0,1
15966,F,1986,0,0,0
15967,F,1973,1,0,1
15968,F,1984,0,0,0
15969,M,1982,1,0,0
15970,F,2005,0,0,0
15971,M,1994,0,0,1
15972,M,2021,0,0,0
15973,M,1967,1,0,1
15974,F,1988,0,0,0
15975,F,1991,1,0,0
15976,M,1977,0,0,0
15977,M,1981,0,0,0
15978,M,1978,1,0,0
15979,F,1973,1,0,0
15980,M,1985,0,0,0
15981,M,2002,0,0,0
15982,F,2004,0,0,1
15983,M,1995,0,0,0
15984,F,1935,0,1,0
15985,M,1982,0,0,0
15986,F,1970,0,0,1
15987,M,1990,0,0,0
15988,M,1986,0,0,0
15989,M,1997,1,0,0
15990,M,1969,0,0,0
15991,M,1988,0,0,1
15992,F,1966,0,0,1
15993,F,2014,0,0,0
15994,M,1964,1,0,0
15995,M,2000,0,0,0
15996,F,1997,0,1,0
15997,M,1957,0,0,1
15998,M,1953,0,0,0
15999,F,1980,0,0,0
16000,F,1955,0,1,0
16001,F,1994,0,1,0
16002,F,1991,1,0,0
16003,M,1944,0,0,0
16004,M,2012,0,0,0
16005,F,1969,0,0,0
16006,M,1985,0,0,0
16007,M,1977,0,0,0
16008,F,1980,0,1,1
16009,F,1977,0,0,0
16010,F,1986,0,0,0
16011,M,1977,0,1,0
16012,M,1970,0,0,0
16013,M,1930,0,0,0
16014,M,1990,1,0,0
16015,M,1985,1,0,0
16016,M,1978,0,0,1
16017,M,1955,0,0,0
16018,M,2008,0,0,0
16019,F,2001,0,0,0
16020,F,1930,0,0,1
16021,F,1973,0,0,0
16022,M,1974,0,0,0
16023,F,1930,0,0,1
16024,M,1974,0,0,1
16025,F,1992,0,0,1
16026,F,2015,0,0,0
16027,F,1986,0,0,1
16028,M,1981,0,0,0
16029,F,1960,0,0,1
16030,M,1958,0,0,0
16031,M,1969,0,0,1
16032,F,1953,0,0,0
16033,F,1977,0,0,0
16034,M,2008,1,0,0
16035,M,1988,1,0,1
16036,F,1987,0,0,0
16037,M,1979,0,0,0
16038,M,1952,0,0,0
16039,F,1983,0,0,1
16040,F,1983,0,0,0
16041,F,1930,0,0,0
16042,F,2000,0,0,0
16043,M,1975,0,0,0
16044,M,1993,0,0,1
16045,M,1972,0,0,0
16046,M,1948,0,0,0
16047,F,1964,0,1,0
16048,M,1976,0,0,0
16049,M,1982,0,0,0
16050,F,1953,0,0,0
16051,F,1962,0,0,1
16052,M,1982,0,0,1
16053,M,1930,0,1,0
16054,F,1996,1,0,1
16055,F,1930,0,0,0
16056,F,1952,1,0,1
16057,M,2004,0,0,1
16058,M,1994,1,0,0
16059,M,1975,0,0,1
16060,M,2007,0,0,0
16061,F,1961,1,0,0
16062,F,1983,0,1,0
16063,M,1960,0,0,0
16064,M,1964,0,1,0
16065,F,1987,0,0,1
16066,M,1994,0,0,1
16067,F,2013,0,0,0
16068,M,1930,0,0,1
16069,M,1966,1,1,1
16070,F,2002,0,0,0
16071,F,1983,0,0,1
16072,F,1954,0,0,1
16073,F,1980,0,0,0
16074,M,2005,1,0,0
16075,F,1962,0,0,1
16076,F,2005,0,0,0
16077,F,1958,0,0,0
16078,M,1972,0,0,1
16079,F,1982,1,0,1
16080,F,1983,0,0,0
16081,M,1988,0,0,0
16082,M,1966,0,0,0
16083,M,2003,0,0,0
16084,F,1992,0,0,1
16085,M,1940,0,0,0
16086,F,1930,0,1,1
16087,F,1985,0,0,0
16088,M,1978,0,0,0
16089,M,2001,1,0,0
16090,F,1996,1,0,1
16091,M,2013,0,0,0
16092,F,2008,0,0,0
16093,F,1990,1,0,0
16094,M,1956,0,0,1
16095,M,1982,0,1,0
16096,F,1942,0,0,1
16097,F,1992,0,0,1
16098,M,1949,0,0,0
16099,F,1930,0,1,1
16100,M,1972,0,0,0
16101,F,2013,0,0,0
16102,M,2013,0,0,0
16103,M,2007,0,0,0
16104,F,1997,0,0,0
16105,M,1958,1,0,1
16106,M,1991,0,0,1
16107,M,1949,0,1,1
16108,M,1994,0,0,0
16109,F,1930,0,0,1
16110,M,1939,1,0,0
16111,F,1992,1,0,0
16112,F,1999,0,0,0
16113,M,1939,0,0,1
16114,F,2003,0,0,0
16115,F,1993,0,0,0
16116,M,2003,0,0,0
16117,M,1976,0,0,0
16118,F,1947,0,0,1
16119,F,1991,1,1,0
16120,M,1955,0,0,0
16121,M,1974,0,0,1
16122,F,2003,0,0,0
16123,M,1993,0,0,0
16124,F,2008,1,0,0
16125,F,2004,0,0,0
16126,F,1930,0,0,1
16127,F,1979,0,0,1
16128,M,1983,0,0,0
16129,M,1979,1,0,1
16130,M,1999,0,0,0
16131,M,1991,0,0,0
16132,M,1973,0,0,0
16133,M,2011,0,0,0
16134,F,2015,0,0,0
16135,M,1994,0,1,0
16136,M,1997,1,0,0
16137,M,1944,0,0,1
16138,M,1999,1,0,0
16139,M,1972,1,1,0
16140,F,1997,0,0,0
16141,F,1974,0,1,1
16142,M,1978,0,1,1
16143,M,1934,0,0,0
16144,M,2001,0,0,1
16145,F,2001,0,0,1
16146,M,1930,0,0,0
16147,M,1948,0,0,0
16148,M,1993,0,0,1
16149,M,2000,0,0,0
16150,M,2002,0,0,0
16151,F,1950,0,0,0
16152,F,1996,0,1,0
16153,M,1999,0,1,0
16154,M,1999,0,0,1
16155,M,1968,1,0,0
16156,M,1988,0,0,1
16157,F,1949,0,0,1
16158,F,1930,1,0,0
16159,M,1978,0,0,0
16160,F,1976,0,0,0
16161,F,1989,0,1,0
16162,M,1979,0,0,0
16163,M,2013,0,0,0
16164,M,1973,0,0,0
16165,M,1957,1,0,1
16166,F,2003,1,0,0
16167,M,1930,0,0,1
16168,F,1994,0,0,0
16169,F,1939,1,0,1
16170,F,1965,0,0,0
16171,M,2004,0,0,0
16172,M,1951,0,1,1
16173,M,1982,0,0,0
16174,F,1970,1,1,0
16175,F,1989,0,0,1
16176,F,1985,0,0,0
16177,F,2010,0,0,0
16178,M,1968,1,0,0
16179,F,1983,1,0,0
16180,F,1975,0,0,0
16181,M,1970,1,0,0
16182,M,1972,0,0,1
16183,M,1967,1,1,1
16184,F,2011,0,0,0
16185,M,1988,0,1,1
16186,M,2005,1,0,0
16187,F,2017,0,0,0
16188,M,1971,0,0,1
16189,M,1930,0,0,0
16190,F,2016,0,1,0
16191,F,1968,0,1,0
16192,F,1990,0,0,1
16193,M,1985,0,0,1
16194,F,1969,0,1,1
16195,M,1973,0,1,0
16196,F,1989,0,0,1
16197,F,1994,0,0,1
16198,F,1973,0,1,0
16199,M,2015,0,0,0
16200,M,1969,0,0,1
16201,M,1990,0,0,0
16202,F,1943,1,1,0
16203,F,1983,0,1,0
16204,M,1945,0,1,0
16205,F,2001,0,0,0
16206,M,2003,0,0,0
16207,M,1998,0,1,0
16208,F,1935,0,1,0
16209,M,1984,0,0,1
16210,F,1995,0,0,0
16211,M,1973,0,0,0
16212,M,1997,0,1,0
16213,F,1974,0,0,0
16214,M,1984,1,0,1
16215,F,1995,0,0,0
16216,F,1983,0,0,0
16217,F,1983,1,0,0
16218,F,1961,0,0,1
16219,M,2005,0,0,0
16220,M,1993,0,0,0
16221,M,1978,0,0,0
16222,M,1999,0,0,0
16223,M,1987,0,0,0
16224,F,1996,1,0,0
16225,F,1991,0,0,0
16226,F,2002,0,0,0
16227,F,1930,0,1,1
16228,M,2014,0,0,0
16229,M,1996,0,0,1
16230,M,1984,0,0,0
16231,M,1984,0,0,1
16232,M,1950,0,0,1
16233,F,2005,1,0,0
16234,F,2010,0,0,0
16235,M,1993,0,0,0
16236,F,1983,1,0,0
16237,M,1990,0,1,1
16238,M,1958,0,0,0
16239,M,2004,0,0,0
16240,F,1995,0,1,0
16241,M,1970,0,0,0
16242,F,1983,0,0,0
16243,M,1949,0,1,1
16244,F,1983,0,0,0
16245,F,2006,0,0,1
16246,M,1953,0,0,0
16247,F,1958,1,1,0
16248,F,1974,0,0,0
16249,M,1930,0,0,1
16250,M,1982,0,0,0
16251,M,1980,0,0,0
16252,F,1958,1,1,1
16253,F,1977,0,0,1
16254,M,1981,1,0,0
16255,M,2010,0,0,0
16256,F,2007,0,0,0
16257,F,2007,0,0,1
16258,M,1991,0,0,0
16259,F,1947,0,0,1
16260,F,1930,0,0,0
16261,F,1941,0,0,1
16262,F,1940,0,1,1
16263,M,2000,0,0,0
16264,F,1983,1,1,0
16265,F,2002,0,0,0
16266,F,1975,0,0,1
16267,F,1990,0,0,0
16268,F,2010,0,0,0
16269,F,1971,0,0,1
16270,F,1997,0,0,0
16271,M,1985,0,0,1
16272,M,1994,0,0,0
16273,F,1968,0,0,1
16274,M,1980,1,0,0
16275,F,1983,0,0,0
16276,F,1943,1,0,1
16277,F,1993,0,0,0
16278,M,1973,0,0,0
16279,F,1992,1,0,0
16280,F,1930,1,0,0
16281,F,1952,0,1,1
16282,M,1930,0,0,1
16283,F,1980,0,0,0
16284,F,1951,0,0,1
16285,F,2004,0,0,0
16286,F,2006,1,0,0
16287,M,1988,0,0,0
16288,M,1976,0,1,0
16289,F,1946,0,0,0
16290,F,1982,0,0,0
16291,M,1988,0,0,0
16292,F,1962,0,0,1
16293,F,1932,0,0,1
16294,M,1960,1,0,0
16295,M,1971,0,0,0
16296,F,1951,0,0,1
16297,F,1954,0,0,1
16298,M,1959,0,0,0
16299,M,1953,0,0,1
16300,M,1975,0,0,1
16301,M,1930,0,0,1
16302,F,2005,0,0,0
16303,M,1966,1,0,0
16304,F,1996,0,0,0
16305,F,1977,0,0,0
16306,M,2004,0,0,0
16307,M,1991,1,1,0
16308,M,1988,0,0,0
16309,F,1970,0,0,0
16310,M,1993,1,0,1
16311,F,1987,0,1,0
16312,F,1960,0,0,0
16313,M,1946,1,0,0
16314,M,1989,0,0,0
16315,F,1939,0,1,0
16316,F,1963,0,0,0
16317,F,1940,0,0,1
16318,F,1979,0,1,0
16319,M,1987,0,0,0
16320,F,1983,0,0,1
16321,F,1971,1,0,1
16322,M,1980,1,0,0
16323,F,1979,0,0,0
16324,M,1963,0,0,0
16325,F,1992,0,0,1
16326,M,1976,1,0,0
16327,F,2005,1,0,0
16328,M,1981,0,1,1
16329,F,1989,1,0,0
16330,F,1988,0,0,0
16331,F,2002,0,0,0
16332,M,1993,0,0,0
16333,M,1970,0,0,1
16334,F,1999,0,0,0
16335,F,2011,0,0,0
16336,F,1966,0,0,0
16337,M,1930,0,0,0
16338,M,1994,0,0,1
16339,F,2004,0,0,0
16340,F,1930,0,0,0
16341,M,2012,0,0,0
16342,M,1968,1,0,0
16343,F,1996,1,0,0
16344,F,1930,0,0,0
16345,F,1985,0,1,0
16346,M,1993,0,0,0
16347,M,2019,0,0,0
16348,F,1958,1,0,0
16349,F,1960,0,0,1
16350,F,1941,0,0,1
16351,F,1975,0,0,0
16352,M,1987,1,0,0
16353,M,1949,0,0,0
16354,M,1991,0,0,0
16355,F,2006,0,0,0
16356,F,1969,0,0,0
16357,F,1953,1,0,0
16358,F,2008,0,0,0
16359,F,1977,0,0,0
16360,M,1958,1,1,1
16361,F,1992,0,0,0
16362,F,1930,0,0,1
16363,M,1994,0,1,0
16364,M,1994,1,1,1
16365,M,1991,0,0,0
16366,F,2000,0,0,1
16367,M,1994,0,0,0
16368,F,1978,0,0,0
16369,F,1998,0,0,1
16370,M,1966,1,0,1
16371,F,2007,0,0,0
16372,F,1998,0,0,0
16373,M,1930,0,0,0
16374,M,1995,1,0,1
16375,F,1982,0,0,1
16376,F,1980,0,0,0
16377,M,2001,0,0,0
16378,M,1996,0,0,0
16379,F,1972,1,0,1
16380,M,1995,0,1,0
16381,F,1996,0,0,0
16382,M,1997,1,1,0
16383,F,1942,1,0,0
16384,M,1950,0,0,0
16385,F,1977,0,0,0
16386,F,1985,0,0,0
16387,M,1979,0,1,0
16388,F,1970,0,1,0
16389,M,1970,0,0,0
16390,F,1995,0,0,0
16391,F,1989,0,0,0
16392,M,1991,0,0,0
16393,M,1975,0,0,0
16394,F,1944,0,0,0
16395,F,1981,0,0,1
16396,M,1979,1,0,0
16397,F,1998,0,0,0
16398,F,2009,0,0,0
16399,F,1990,0,0,0
16400,F,1964,0,0,0
16401,F,1998,0,0,0
16402,M,2011,0,0,0
16403,M,1969,1,0,1
16404,M,1972,0,0,1
16405,M,1994,0,0,0
16406,F,1996,0,0,1
16407,M,1988,0,1,1
16408,F,1993,1,0,0
16409,F,1934,0,0,1
16410,M,1989,0,0,0
16411,F,1974,0,1,1
16412,M,1986,0,0,0
16413,M,1973,1,0,0
16414,F,1993,0,0,0
16415,F,1994,0,0,1
16416,M,1982,0,0,0
16417,M,1996,0,0,0
16418,M,1990,0,0,0
16419,M,1965,0,0,0
16420,F,1949,1,0,0
16421,M,1930,1,1,1
16422,F,1968,0,0,0
16423,M,1975,1,0,1
16424,M,2000,0,0,0
16425,M,1954,0,0,0
16426,F,1936,1,0,0
16427,F,1991,0,1,1
16428,M,1930,0,0,1
16429,F,1950,1,0,0
16430,M,1967,0,0,1
16431,F,1985,1,1,1
16432,M,2004,0,0,0
16433,F,1934,0,0,1
16434,F,2005,0,0,0
16435,F,1931,0,1,1
16436,F,1930,0,0,0
16437,M,1999,0,1,1
16438,F,2005,1,0,0
16439,F,1991,0,0,0
16440,M,1984,1,0,0
16441,M,1993,1,0,0
16442,F,1992,0,0,1
16443,F,1983,0,0,0
16444,M,1935,1,1,1
16445,M,1986,1,0,1
16446,F,1965,0,0,0
16447,F,2003,0,0,0
16448,M,1980,0,1,1
16449,M,1990,0,0,0
16450,F,1966,1,0,0
16451,F,2005,0,0,0
16452,F,1946,0,0,0
16453,F,1991,0,0,1
16454,F,1997,0,0,0
16455,F,1930,0,1,0
16456,M,1976,0,0,0
16457,M,1984,0,0,0
16458,M,2005,0,0,0
16459,F,1999,0,0,0
16460,F,2004,0,0,0
16461,M,1982,0,0,1
16462,M,1950,0,0,0
16463,F,1974,1,1,0
16464,M,1980,0,0,0
16465,F,1983,0,0,0
16466,F,1959,0,1,0
16467,M,1987,0,0,0
16468,M,2007,0,1,0
16469,F,1954,1,0,0
16470,F,2002,1,1,0
16471,M,2009,0,0,0
16472,M,1975,0,1,0
16473,M,2012,0,0,0
16474,F,1983,0,0,1
16475,F,1978,0,0,0
16476,M,1971,0,0,1
16477,M,1974,1,0,1
16478,F,2005,0,0,0
16479,M,1959,1,1,1
16480,M,1983,0,0,0
16481,F,1990,0,0,1
16482,M,2005,0,0,0
16483,M,1952,0,1,0
16484,F,1956,0,0,0
16485,M,1993,0,0,0
16486,M,1971,0,0,0
16487,M,1964,0,0,0
16488,F,1988,0,0,0
16489,F,1955,0,0,0
16490,F,1954,1,1,0
16491,M,2010,0,0,0
16492,M,1965,0,0,0
16493,F,1993,1,0,0
16494,M,1999,0,1,0
16495,F,2012,0,0,0
16496,F,1980,0,0,0
16497,F,1989,1,0,0
16498,M,1993,0,0,0
16499,M,1963,0,0,0
16500,M,1930,0,0,1
16501,F,1971,0,0,1
16502,M,1989,0,0,0
16503,M,1954,0,0,1
16504,M,2001,0,0,0
16505,M,1992,0,0,0
16506,F,1979,0,0,1
16507,M,1979,0,0,0
16508,F,1958,0,0,0
16509,M,1937,0,1,0
16510,M,1959,0,0,0
16511,F,1936,1,0,0
16512,M,1934,0,0,1
16513,M,1975,0,0,0
16514,M,1986,1,0,0
16515,M,1966,0,0,1
16516,F,2009,0,0,0
16517,M,1958,0,1,0
16518,M,1963,1,0,1
16519,M,2002,1,0,0
16520,F,1941,0,0,0
16521,M,1952,0,0,1
16522,F,1968,0,0,1
16523,M,1986,0,1,1
16524,F,1939,0,1,0
16525,F,2008,0,0,0
16526,M,1983,0,0,0
16527,F,1965,0,0,0
16528,M,1949,0,0,0
16529,M,1953,0,1,0
16530,F,2003,0,1,0
16531,F,1971,0,0,0
16532,M,1978,1,0,0
16533,M,2010,0,0,0
16534,F,2004,0,0,1
16535,M,2012,0,0,1
16536,F,2010,0,0,0
16537,M,2003,1,0,1
16538,F,1985,0,0,0
16539,F,1984,0,0,0
16540,F,1972,0,0,1
16541,M,1995,0,0,0
16542,F,1947,1,0,1
16543,F,1956,0,0,0
16544,M,1973,0,0,0
16545,M,1930,0,0,1
16546,F,1976,1,1,1
16547,F,2007,0,0,0
16548,F,1966,0,0,1
16549,F,1980,0,0,0
16550,F,1991,0,0,0
16551,F,1988,0,0,0
16552,M,1970,1,0,0
16553,M,1974,0,0,1
16554,F,1930,0,1,0
16555,M,1978,0,0,0
16556,M,1976,1,0,1
16557,M,1980,0,0,0
16558,F,1930,0,0,1
16559,M,1980,1,0,0
16560,M,2002,0,0,1
16561,M,1993,0,0,1
16562,F,1971,0,0,0
16563,F,2007,0,1,0
16564,F,1987,0,0,0
16565,M,1944,0,0,1
16566,M,1988,0,0,1
16567,F,1933,1,1,0
16568,F,1988,0,0,0
16569,M,1953,0,0,1
16570,F,1979,0,0,0
16571,M,2002,0,0,0
16572,F,1930,0,0,1
16573,F,2003,0,0,0
16574,M,1992,1,0,0
16575,M,1930,1,0,1
16576,F,1976,0,0,1
16577,M,1997,0,0,0
16578,M,1980,0,0,0
16579,F,1966,0,0,0
16580,M,1988,1,0,0
16581,F,1940,0,1,1
16582,M,1995,0,0,0
16583,M,2012,0,0,1
16584,F,1957,0,1,1
16585,F,1984,0,1,0
16586,F,1953,0,1,0
16587,F,1989,0,0,0
16588,M,1971,1,0,0
16589,M,1990,0,0,0
16590,M,1986,0,0,0
16591,M,2006,0,0,0
16592,F,2002,0,0,0
16593,F,1974,0,0,1
16594,F,1957,0,0,1
16595,M,1971,0,0,0
16596,M,1999,1,0,0
16597,F,1969,0,1,1
16598,F,1999,0,0,0
16599,M,1974,0,1,1
16600,M,1995,0,0,0
16601,M,1985,0,0,0
16602,M,1994,0,0,0
16603,F,1967,0,0,0
16604,M,1991,1,1,0
16605,M,1966,0,0,0
16606,M,2015,0,0,0
16607,F,1955,1,0,1
16608,M,1999,0,0,1
16609,F,1936,0,0,1
16610,F,1990,0,0,1
16611,F,1945,1,1,0
16612,F,2010,0,0,0
16613,F,1950,0,0,0
16614,F,1997,0,1,0
16615,F,1951,0,1,0
16616,F,1982,0,1,0
16617,F,1988,0,0,1
16618,F,1944,1,0,1
16619,M,1993,0,0,0
16620,F,1933,0,0,1
16621,F,1987,0,0,0
16622,F,1980,0,0,0
16623,F,1977,0,0,1
16624,F,2003,1,0,0
16625,M,1973,0,0,1
16626,M,1997,0,0,0
16627,M,2000,0,0,0
16628,M,2000,0,0,0
16629,F,1990,0,0,0
16630,F,1942,0,1,0
16631,M,1995,0,0,1
16632,M,1973,0,0,1
16633,M,1945,0,0,1
16634,M,1987,0,0,0
16635,F,1978,0,0,0
16636,M,1939,0,0,1
16637,F,1968,0,0,1
16638,F,1972,0,0,1
16639,F,1982,1,0,0
16640,M,1934,1,0,1
16641,F,1989,0,0,0
16642,F,1992,0,0,1
16643,F,1988,0,0,0
16644,M,1966,0,0,0
16645,F,1975,1,0,1
16646,F,1999,0,0,1
16647,M,1962,0,0,1
16648,M,1969,0,0,0
16649,F,1995,0,0,1
16650,M,1973,0,0,1
16651,M,1955,0,1,1
16652,M,1987,1,0,0
16653,F,2010,0,0,0
16654,F,1984,0,0,0
16655,M,1989,0,0,0
16656,F,2013,0,0,1
16657,M,1992,0,0,0
16658,F,2002,0,0,0
16659,M,1944,0,0,1
16660,F,1944,0,0,0
16661,M,1971,0,0,1
16662,F,1985,0,0,1
16663,F,1990,0,0,0
16664,F,1957,0,0,1
16665,F,1987,1,0,0
16666,F,1983,0,0,1
16667,M,1976,0,0,1
16668,F,1935,0,0,0
16669,M,2009,1,0,0
16670,F,1995,0,0,1
16671,F,2005,0,0,0
16672,M,1971,0,0,0
16673,F,2008,0,0,0
16674,M,1997,0,0,0
16675,M,1978,1,0,1
16676,F,1962,1,0,0
16677,M,1984,0,0,0
16678,F,1997,0,0,0
16679,M,1989,0,0,0
16680,M,1990,0,0,0
16681,M,1958,1,1,1
16682,M,1995,0,0,0
16683,F,1960,0,0,1
16684,M,1984,0,1,1
16685,F,1952,1,0,0
16686,F,1980,0,1,0
16687,M,1993,0,0,0
16688,M,1953,0,0,0
16689,M,1930,0,0,1
16690,F,1978,0,0,0
16691,M,1958,0,0,1
16692,F,1979,0,0,0
16693,F,1996,1,0,0
16694,F,1950,0,0,1
16695,F,2003,0,0,0
16696,M,2005,1,0,0
16697,M,1950,0,1,1
16698,F,1988,0,0,1
16699,F,2002,0,0,0
16700,M,1932,0,0,1
16701,F,1964,0,0,0
16702,M,1984,0,0,0
16703,M,1974,0,1,0
16704,M,1977,0,0,1
16705,M,1964,0,0,0
16706,M,1985,0,1,0
16707,M,1962,0,0,1
16708,F,1979,1,0,0
16709,F,2012,0,0,0
16710,M,1992,0,0,0
16711,F,1968,0,0,1
16712,M,2005,1,0,0
16713,M,1978,0,0,0
16714,M,1988,0,0,0
16715,F,1932,1,0,1
16716,F,1961,0,0,1
16717,F,2005,1,0,0
16718,M,1966,0,0,0
16719,M,1988,1,0,0
16720,F,1981,0,0,1
16721,F,1988,1,0,1
16722,M,1930,1,1,1
16723,F,1934,0,0,1
16724,F,1995,0,0,0
16725,M,1952,0,0,1
16726,F,1993,0,0,0
16727,M,1996,0,0,0
16728,F,1978,0,0,0
16729,M,1982,0,0,0
16730,M,1999,0,0,0
16731,M,2008,0,0,1
16732,M,1981,0,0,1
16733,M,1999,0,0,0
16734,F,1987,0,0,0
16735,M,1948,0,1,1
16736,M,1985,0,0,0
16737,M,2008,0,0,0
16738,M,1953,0,0,1
16739,M,1970,0,0,1
16740,F,1959,0,1,0
16741,F,1982,0,0,1
16742,F,1982,0,1,0
16743,M,1930,0,1,1
16744,M,1970,1,0,0
16745,F,1953,0,1,0
16746,F,1930,0,0,1
16747,M,1930,0,1,1
16748,M,2003,0,0,0
16749,F,2000,0,0,0
16750,F,2005,1,0,1
16751,M,1983,0,0,1
16752,F,1930,0,0,1
16753,F,2019,0,0,0
16754,F,1993,0,0,1
16755,M,1982,1,1,0
16756,M,2001,0,0,1
16757,M,1988,0,0,0
16758,F,1986,0,0,1
16759,M,2006,1,0,0
16760,F,1960,0,1,0
16761,M,1987,0,0,0
16762,M,2002,0,0,0
16763,M,1982,0,0,0
16764,M,1961,0,1,0
16765,M,1984,1,0,1
16766,M,2001,0,0,0
16767,F,1978,0,0,0
16768,F,1930,0,1,1
16769,F,1994,0,0,0
16770,M,1999,0,0,0
16771,F,1991,0,0,0
16772,F,1998,0,0,0
16773,M,1997,1,0,0
16774,F,2004,1,0,0
16775,M,1953,0,0,1
16776,M,1964,0,0,0
16777,F,1989,0,0,0
16778,F,1994,0,0,1
16779,M,1972,0,0,0
16780,F,1978,1,0,1
16781,F,1979,0,0,1
16782,F,1942,0,0,1
16783,F,1969,1,0,0
16784,F,1930,0,0,0
16785,M,1993,0,0,0
16786,M,1930,0,0,1
16787,M,1971,0,0,1
16788,M,2001,0,0,0
16789,F,1996,0,0,0
16790,F,1965,0,0,1
16791,M,2005,0,0,0
16792,F,1984,0,1,0
16793,F,1930,0,0,0
16794,F,2018,0,0,0
16795,F,1984,1,1,0
16796,M,1996,0,0,0
16797,F,1930,1,1,1
16798,M,1986,0,0,1
16799,F,1999,0,0,0
16800,F,2004,1,0,0
16801,M,2003,0,0,0
16802,F,1930,1,0,1
16803,F,2015,0,0,0
16804,M,1970,0,0,0
16805,F,1938,0,1,0
16806,F,1984,0,0,1
16807,M,2003,0,0,0
16808,M,1970,0,0,0
16809,F,2000,0,0,0
16810,M,1995,0,0,0
16811,M,1998,0,0,0
16812,M,1997,0,0,0
16813,F,1956,0,0,1
16814,M,1987,0,0,0
16815,F,1968,0,0,1
16816,F,1968,0,0,0
16817,F,1983,1,1,1
16818,F,1936,0,0,1
16819,M,2001,0,0,0
16820,M,1985,1,0,0
16821,M,2012,0,0,0
16822,M,1981,0,0,1
16823,M,1958,0,0,1
16824,F,2006,0,0,1
16825,F,1994,0,0,0
16826,F,1997,0,0,0
16827,M,2018,0,0,0
16828,M,2003,0,0,0
16829,M,1966,0,0,1
16830,M,1984,0,0,1
16831,F,1975,0,0,1
16832,M,1958,0,0,1
16833,F,1930,0,1,0
16834,F,2003,0,0,0
16835,F,1969,0,0,1
16836,M,1995,1,0,0
16837,F,2002,0,0,0
16838,F,1989,0,0,0
16839,F,1968,0,0,0
16840,M,1982,0,0,0
16841,M,1992,0,0,0
16842,F,1965,1,0,1
16843,M,1967,0,0,0
16844,M,1993,1,0,0
16845,F,1969,0,0,0
16846,F,1982,0,0,0
16847,M,1997,0,0,0
16848,M,1967,0,1,0
16849,M,1966,0,0,0
16850,M,2004,0,0,0
16851,M,1969,0,0,0
16852,F,1953,0,1,0
16853,F,2002,0,0,0
16854,M,1978,0,0,0
16855,M,2002,0,0,0
16856,F,2001,0,0,0
16857,F,2009,0,0,0
16858,F,1948,0,0,1
16859,M,1953,0,1,1
16860,M,1951,1,0,0
16861,M,1991,0,0,0
16862,M,1958,1,1,1
16863,M,2002,0,0,0
16864,M,2004,0,0,0
16865,F,1990,0,0,0
16866,M,1955,0,0,0
16867,F,1977,0,0,1
16868,M,1993,0,0,0
16869,M,1994,0,1,0
16870,F,1948,0,0,0
16871,M,1964,1,0,1
16872,F,1946,0,1,1
16873,F,1949,1,1,1
16874,F,2011,0,0,0
16875,M,1954,0,0,1
16876,F,1963,0,0,1
16877,F,2000,0,0,0
16878,M,1991,0,0,0
16879,F,1986,0,0,0
16880,M,1930,0,0,1
16881,M,1981,0,1,0
16882,F,1964,0,0,0
16883,M,1954,0,1,1
16884,M,1992,0,0,0
16885,M,1949,0,0,0
16886,F,1984,0,0,0
16887,F,1930,0,1,0
16888,M,2000,0,0,0
16889,F,1986,0,0,0
16890,F,1952,0,0,0
16891,M,1997,0,0,0
16892,F,1961,0,1,1
16893,F,1989,1,1,0
16894,F,2003,0,0,0
16895,M,2005,0,0,1
16896,F,1978,0,0,0
16897,M,1971,0,0,0
16898,F,2001,0,0,0
16899,F,1969,0,0,1
16900,F,2006,0,0,0
16901,F,1992,0,0,0
16902,F,1984,1,0,1
16903,F,1986,0,1,0
16904,F,1979,1,0,0
16905,F,1985,0,0,1
16906,F,1988,0,0,0
16907,M,1988,1,1,0
16908,F,1995,0,0,1
16909,F,1968,0,0,1
16910,F,1988,0,0,0
16911,F,1997,0,0,0
16912,F,1970,1,0,0
16913,F,1974,0,1,0
16914,M,2002,0,0,0
16915,M,1942,0,1,0
16916,M,1991,0,0,1
16917,M,1991,1,0,0
16918,F,1984,0,1,0
16919,F,1975,0,0,1
16920,F,1983,0,0,0
16921,F,1998,0,0,0
16922,M,2010,0,0,1
16923,F,1943,0,0,1
16924,F,2000,1,1,1
16925,F,1972,0,0,0
16926,M,1983,1,0,1
16927,F,2013,0,0,0
16928,F,1996,0,0,0
16929,F,1933,0,0,0
16930,F,2010,0,0,0
16931,F,1990,1,0,0
16932,F,1975,0,0,1
16933,M,2000,0,0,0
16934,F,1980,0,1,0
16935,M,1969,0,0,0
16936,M,1973,0,0,1
16937,M,1980,0,0,0
16938,F,1987,1,0,0
16939,F,2000,0,0,0
16940,F,1970,0,1,1
16941,M,1983,0,0,0
16942,M,1930,0,1,1
16943,M,1963,0,0,0
16944,F,1993,0,0,1
16945,F,1978,1,0,1
16946,F,2004,0,0,0
16947,F,2011,0,0,0
16948,F,1993,0,0,0
16949,M,2006,0,1,1
16950,M,1966,0,0,1
16951,M,1931,0,1,1
16952,M,1954,0,0,0
16953,M,1991,0,1,0
16954,F,1965,0,0,0
16955,F,1994,0,0,0
16956,F,1949,0,0,0
16957,M,1969,0,0,0
16958,F,1984,0,0,0
16959,M,1985,0,0,0
16960,F,1969,0,0,1
16961,F,1985,0,0,0
16962,M,1956,0,0,0
16963,F,1991,0,0,0
16964,M,1987,0,0,0
16965,F,1986,0,0,0
16966,M,1989,0,0,0
16967,F,1999,0,0,0
16968,F,1992,0,0,0
16969,M,1984,0,0,0
16970,M,1986,0,0,0
16971,M,1938,0,0,1
16972,M,1975,0,1,1
16973,M,1947,0,0,1
16974,M,2008,0,0,1
16975,M,1960,0,0,1
16976,F,1975,1,0,0
16977,F,1986,0,0,0
16978,M,2000,0,1,0
16979,F,1967,0,1,0
16980,M,1971,1,0,1
16981,M,1966,0,0,1
16982,M,1993,0,0,0
16983,M,1956,0,0,1
16984,F,1969,0,0,1
16985,F,1991,0,0,0
16986,F,1942,1,1,1
16987,F,1978,0,0,0
16988,M,2010,0,1,1
16989,M,1991,0,0,0
16990,M,1956,0,0,0
16991,M,1991,0,0,0
16992,M,1982,0,0,0
16993,M,1955,0,0,1
16994,F,1991,1,0,0
16995,F,1964,0,0,1
16996,F,2003,0,0,0
16997,F,1976,0,1,0
16998,M,1977,0,0,0
16999,M,1973,0,1,0
17000,F,1970,0,0,0
17001,F,1981,0,1,0
17002,F,1984,0,0,0
17003,M,1983,0,0,0
17004,F,1944,0,0,0
17005,M,1979,0,0,0
17006,F,1930,0,1,1
17007,M,1970,0,1,1
17008,F,1979,1,0,0
17009,M,2002,0,1,0
17010,F,1962,0,0,1
17011,F,1988,0,0,1
17012,F,1957,0,0,1
17013,M,1996,0,0,0
17014,M,1983,1,0,0
17015,M,1988,0,1,0
17016,F,1964,1,0,1
17017,M,1940,0,0,0
17018,M,1983,0,0,0
17019,M,1990,0,0,0
17020,F,2002,0,0,0
17021,M,1992,0,1,0
17022,M,1940,0,0,1
17023,F,1983,0,0,0
17024,F,1972,1,0,0
17025,F,2006,1,0,0
17026,F,2006,1,1,0
17027,M,2008,0,0,1
17028,M,1950,1,0,0
17029,F,1982,1,0,1
17030,M,1997,0,0,0
17031,M,1961,0,0,1
17032,M,1989,0,0,1
17033,M,1957,0,1,1
17034,M,1983,1,0,0
17035,F,1957,0,0,0
17036,M,1998,0,0,0
17037,M,1973,0,0,1
17038,F,1966,0,0,0
17039,M,2007,0,0,0
17040,M,1982,1,0,0
17041,M,2002,1,0,0
17042,M,2006,1,0,0
17043,M,1987,1,0,0
17044,F,1972,0,0,0
17045,F,1996,0,0,0
17046,F,1986,1,0,0
17047,F,1994,0,0,0
17048,M,1959,0,0,1
17049,M,1948,1,1,1
17050,M,1930,0,0,0
17051,F,1953,0,0,1
17052,M,1969,1,0,0
17053,M,1959,0,0,0
17054,M,1993,0,0,1
17055,M,1988,1,0,0
17056,F,1977,0,0,1
17057,F,2007,0,0,0
17058,M,1995,1,0,0
17059,M,1930,1,0,0
17060,F,1988,0,0,0
17061,F,2009,0,0,0
17062,F,1992,0,1,0
17063,M,1978,0,0,0
17064,M,1971,0,0,0
17065,M,1983,0,0,0
17066,F,1974,0,0,0
17067,M,1995,1,0,0
17068,M,1947,1,0,0
17069,M,1955,1,0,1
17070,M,2011,0,0,0
17071,F,2000,0,0,1
17072,M,1961,0,0,0
17073,M,1975,0,0,1
17074,F,1976,0,0,1
17075,F,1980,1,0,0
17076,M,1953,0,0,0
17077,F,1976,0,0,1
17078,F,1970,0,1,0
17079,M,1979,0,0,1
17080,M,1999,0,0,0
17081,F,1959,0,1,0
17082,F,1989,1,0,0
17083,M,1989,0,0,0
17084,F,1986,0,0,0
17085,F,2004,0,0,0
17086,F,1930,0,0,1
17087,F,1961,0,0,0
17088,F,2000,0,0,0
17089,M,1937,0,0,0
17090,F,1992,0,0,0
17091,M,1989,0,0,1
17092,M,1993,1,1,0
17093,M,1945,0,0,0
17094,F,1951,0,0,0
17095,F,1985,0,0,0
17096,M,1983,0,0,0
17097,M,1962,0,0,0
17098,F,1963,0,1,1
17099,F,1982,0,0,0
17100,F,1981,0,0,0
17101,M,1960,0,0,0
17102,F,2008,0,0,0
17103,M,1972,0,0,0
17104,M,1974,0,1,0
17105,F,1944,0,0,1
17106,F,1970,0,0,0
17107,F,1967,0,0,1
17108,M,1994,0,0,0
17109,F,1993,0,0,0
17110,F,1973,0,0,0
17111,M,2013,0,0,0
17112,F,1988,0,1,0
17113,M,2003,0,0,0
17114,M,1992,1,0,1
17115,F,2011,0,0,1
17116,F,2001,0,0,0
17117,M,1949,0,0,0
17118,M,2002,1,1,0
17119,F,1998,0,0,1
17120,M,1991,0,0,0
17121,F,1967,0,1,1
17122,M,1985,1,0,0
17123,F,2008,0,0,0
17124,F,2012,0,0,0
17125,M,1988,0,1,0
17126,M,1986,0,0,0
17127,F,1958,0,0,0
17128,M,2001,0,0,0
17129,F,1940,0,1,1
17130,M,2008,0,0,0
17131,F,2008,0,0,0
17132,F,1989,0,0,0
17133,M,1959,0,0,0
17134,F,1977,0,0,1
17135,M,2001,0,0,0
17136,F,1930,0,0,1
17137,M,1978,0,0,0
17138,M,1975,0,0,0
17139,M,1962,0,0,1
17140,F,1975,0,1,1
17141,M,1992,1,0,0
17142,F,1934,0,1,1
17143,M,1944,0,1,1
17144,M,1930,0,1,1
17145,F,1990,0,0,1
17146,M,1935,0,0,1
17147,M,2002,0,0,0
17148,M,1981,0,0,0
17149,F,1963,0,0,0
17150,F,2005,0,0,0
17151,M,1930,0,1,1
17152,M,1992,0,0,0
17153,M,1942,1,0,0
17154,F,2004,0,0,0
17155,F,1982,0,0,1
17156,M,1995,0,0,0
17157,M,1995,0,0,0
17158,F,2002,0,0,1
17159,F,2003,0,0,0
17160,M,2001,0,0,1
17161,F,2001,0,0,1
17162,M,1951,0,0,1
17163,F,1945,0,0,0
17164,M,2006,0,0,0
17165,F,1987,0,0,0
17166,M,1952,0,1,1
17167,M,1967,0,0,0
17168,F,1989,0,0,0
17169,M,1995,0,0,0
17170,M,2005,1,0,0
17171,F,1932,0,0,1
17172,M,1975,0,0,0
17173,M,1979,0,0,0
17174,M,1999,1,0,0
17175,M,1984,0,0,1
17176,F,1951,0,0,0
17177,F,2007,1,0,0
17178,M,1999,0,1,1
17179,M,2004,1,0,1
17180,F,1942,0,0,1
17181,M,2007,0,1,0
17182,M,1976,0,0,0
17183,F,2004,1,0,0
17184,F,1979,0,0,0
17185,F,2005,0,0,0
17186,F,1993,0,0,1
17187,F,1935,0,0,0
17188,M,1971,0,0,0
17189,M,1980,0,0,0
17190,M,1973,0,0,1
17191,M,1931,0,1,1
17192,M,1979,0,0,0
17193,M,1954,0,1,1
17194,F,1952,0,0,1
17195,M,1957,0,1,1
17196,F,1930,0,0,0
17197,F,1966,1,0,1
17198,M,1956,0,1,0
17199,F,1993,0,0,0
17200,F,1982,0,0,0
17201,F,1983,0,0,1
17202,M,1999,0,0,0
17203,M,1997,1,0,0
17204,M,1983,0,0,1
17205,F,1977,0,0,0
17206,M,1933,0,1,1
17207,F,1999,1,0,0
17208,F,2000,0,0,0
17209,F,2006,0,0,0
17210,F,1962,0,0,1
17211,M,1930,0,0,0
17212,F,1985,0,0,0
17213,M,1976,0,0,0
17214,M,1984,1,0,1
17215,F,1965,1,0,0
17216,F,2002,0,0,0
17217,F,1971,0,0,0
17218,F,1984,0,1,1
17219,M,1961,0,0,1
17220,F,1962,1,0,1
17221,M,1974,0,0,0
17222,F,1988,0,0,0
17223,F,1999,0,0,0
17224,F,1963,1,0,1
17225,F,1981,0,0,0
17226,M,1982,0,0,0
17227,F,1991,0,0,0
17228,M,1940,1,0,1
17229,F,1938,1,0,1
17230,F,1989,0,0,0
17231,M,1996,0,0,0
17232,M,1987,1,0,0
17233,F,1995,0,1,1
17234,F,1972,0,0,0
17235,F,1982,0,1,1
17236,M,1964,0,1,0
17237,F,1989,0,0,0
17238,F,1930,1,0,0
17239,M,2006,0,0,0
17240,F,1983,0,0,0
17241,M,1930,1,0,1
17242,F,1964,0,0,0
17243,M,1986,1,0,0
17244,M,1973,0,1,0
17245,F,2003,0,0,0
17246,M,1981,0,0,1
17247,F,2004,0,0,0
17248,M,2010,0,0,0
17249,F,1943,1,0,1
17250,M,1994,0,0,0
17251,F,2004,0,0,1
17252,F,1989,0,0,1
17253,M,1966,0,0,1
17254,F,2004,0,0,1
17255,M,1992,1,0,1
17256,F,1962,0,1,1
17257,F,1980,0,0,1
17258,F,1942,0,0,0
17259,M,1961,0,1,0
17260,F,1969,1,0,1
17261,F,1962,0,0,0
17262,M,2006,0,0,0
17263,F,1983,0,0,1
17264,F,1930,0,0,1
17265,F,1990,0,0,0
17266,F,1983,0,1,1
17267,F,1994,0,0,1
17268,F,1994,0,0,0
17269,M,1958,0,1,0
17270,F,1930,0,0,1
17271,F,1936,0,0,0
17272,M,2011,0,0,0
17273,M,1984,0,0,1
17274,M,1990,0,0,0
17275,F,2002,0,0,0
17276,F,1956,0,0,1
17277,F,1989,0,0,0
17278,M,2001,0,0,0
17279,F,1973,0,1,1
17280,M,2004,1,0,0
17281,F,1948,0,0,0
17282,F,1945,0,1,0
17283,M,1963,0,0,1
17284,F,1970,1,0,0
17285,F,1984,0,1,1
17286,F,1975,0,0,0
17287,F,1985,0,0,0
17288,F,2007,0,0,0
17289,F,1965,0,0,0
17290,F,1940,0,0,0
17291,M,1994,0,0,0
17292,F,1959,0,0,1
17293,M,1982,0,0,0
17294,M,1993,0,0,1
17295,F,2013,0,0,0
17296,M,1964,0,0,0
17297,F,1970,0,0,1
17298,M,2001,0,1,0
17299,F,1988,0,0,0
17300,M,1982,0,0,1
17301,F,1974,0,0,0
17302,F,1952,0,0,0
17303,F,1986,0,0,1
17304,M,2008,0,0,0
17305,M,1981,0,0,1
17306,M,1990,0,0,0
17307,F,1997,0,1,0
17308,M,1958,0,0,0
17309,F,1999,1,0,0
17310,M,2005,1,0,0
17311,M,1992,0,0,0
17312,M,1983,0,0,0
17313,F,1980,0,1,0
17314,F,1948,0,0,0
17315,M,1995,0,0,0
17316,F,1963,0,0,1
17317,M,1992,0,0,0
17318,M,2012,0,0,0
17319,M,1952,1,0,0
17320,F,2007,1,0,0
17321,F,1976,0,0,0
17322,F,2005,0,0,1
17323,M,1971,0,1,0
17324,M,2003,0,0,0
17325,F,2009,0,1,0
17326,M,1987,0,0,0
17327,F,2014,0,0,1
17328,M,1985,0,0,0
17329,M,1963,0,0,1
17330,F,1930,1,0,0
17331,M,1978,0,0,1
17332,F,1984,0,0,1
17333,F,1950,0,1,1
17334,M,2004,0,0,0
17335,M,1998,0,0,0
17336,F,1964,0,0,1
17337,F,1992,0,1,0
17338,M,1989,0,0,1
17339,F,1981,0,0,0
17340,F,2002,0,0,0
17341,M,2009,1,0,0
17342,F,1999,0,0,0
17343,M,1990,0,0,0
17344,F,1971,0,0,1
17345,F,1983,0,1,1
17346,M,1965,0,0,0
17347,M,1983,0,0,0
17348,F,1961,0,1,1
17349,M,1989,0,0,0
17350,F,2014,0,0,0
17351,M,1995,0,0,1
17352,F,1981,0,0,1
17353,M,1968,0,0,0
17354,M,1994,1,0,1
17355,F,1978,0,0,0
17356,M,1991,0,0,1
17357,F,1998,0,0,0
17358,F,1968,1,0,1
17359,M,1974,1,0,1
17360,F,1930,0,1,0
17361,F,1994,0,0,1
17362,F,1946,0,0,0
17363,M,2007,0,0,0
17364,F,1946,0,0,0
17365,M,1983,0,0,0
17366,F,1990,0,0,0
17367,M,1974,1,0,0
17368,F,1972,0,0,1
17369,F,1951,0,0,1
17370,M,2000,0,0,0
17371,M,2007,0,0,0
17372,F,1973,0,0,1
17373,F,1975,0,0,0
17374,M,1952,1,0,1
17375,M,1992,0,0,0
17376,F,1996,0,0,0
17377,M,1974,1,0,1
17378,M,1981,0,0,0
17379,F,1969,1,0,0
17380,M,1997,0,1,1
17381,F,1947,0,0,1
17382,M,1976,0,0,0
17383,F,1953,0,0,0
17384,F,1986,0,0,0
17385,M,1998,0,0,0
17386,F,1973,0,1,1
17387,M,1965,0,0,1
17388,F,2008,0,0,0
17389,M,1930,0,1,0
17390,F,1996,0,0,0
17391,M,1979,0,0,0
17392,F,1967,0,0,1
17393,F,1982,0,0,0
17394,M,1980,0,0,0
17395,F,1980,0,0,0
17396,F,2012,0,0,0
17397,M,1978,0,1,0
17398,M,1993,0,0,1
17399,M,1954,0,0,1
17400,M,1960,0,0,0
17401,M,2006,0,0,0
17402,M,2007,0,0,0
17403,F,1930,0,0,1
17404,M,2016,0,0,0
17405,M,1995,0,0,0
17406,F,2003,0,0,1
17407,M,1948,0,0,0
17408,M,1985,0,1,0
17409,F,1996,0,0,0
17410,M,1981,1,0,0
17411,F,1930,1,0,0
17412,M,1970,0,0,0
17413,F,1971,0,0,1
17414,F,2009,0,1,0
17415,M,1952,0,0,0
17416,F,2000,0,0,0
17417,F,1972,0,0,0
17418,M,1998,0,0,0
17419,M,1981,0,0,1
17420,F,1983,0,0,1
17421,M,1930,0,0,1
17422,F,1991,1,0,0
17423,F,1975,1,1,1
17424,M,1986,0,1,1
17425,F,2004,0,0,0
17426,F,1972,0,0,0
17427,F,1958,0,0,0
17428,F,2002,0,0,0
17429,F,1988,0,0,0
17430,M,1981,0,0,0
17431,F,1962,1,1,1
17432,F,1960,0,0,1
17433,F,2009,0,0,0
17434,M,1930,0,1,0
17435,M,1970,1,0,0
17436,M,1982,0,0,0
17437,M,1962,0,0,0
17438,M,1942,0,1,1
17439,M,1986,0,1,0
17440,F,1988,0,0,0
17441,M,2004,0,0,0
17442,F,1988,0,0,1
17443,F,1968,0,0,0
17444,F,1988,0,0,0
17445,F,1989,0,0,0
17446,M,1931,0,1,0
17447,F,1976,0,0,0
17448,M,1976,1,1,0
17449,F,1967,0,0,1
17450,F,1956,0,0,1
17451,F,1980,0,0,0
17452,F,1999,0,0,0
17453,F,1970,0,0,0
17454,F,1952,0,0,1
17455,F,1971,0,0,0
17456,F,1962,0,0,0
17457,F,1989,1,0,0
17458,F,1996,0,0,0
17459,M,1977,0,1,0
17460,F,1992,0,0,0
17461,M,1941,0,0,1
17462,M,1969,0,0,0
17463,M,1991,0,0,0
17464,M,2001,0,0,0
17465,F,1953,0,0,0
17466,F,1999,0,1,0
17467,F,1981,0,0,0
17468,F,1975,0,0,0
17469,F,1999,0,0,0
17470,F,1985,0,0,0
17471,M,1947,0,0,0
17472,M,2006,1,0,0
17473,M,1953,1,0,1
17474,F,1977,0,0,0
17475,M,1994,0,0,1
17476,F,2007,0,0,0
17477,M,1984,0,0,0
17478,M,1993,0,0,0
17479,M,1984,0,0,0
17480,F,1967,1,0,0
17481,M,2008,0,0,0
17482,M,1979,0,0,0
17483,F,1930,0,0,1
17484,M,1991,0,0,0
17485,F,1971,0,0,1
17486,F,2012,0,0,0
17487,M,2008,0,0,0
17488,F,1995,0,0,0
17489,F,1945,0,1,1
17490,M,1993,0,0,0
17491,F,1970,0,0,0
17492,F,1993,0,0,0
17493,M,2004,0,0,0
17494,F,1987,0,0,0
17495,F,1968,0,0,1
17496,M,1953,0,0,1
17497,M,1984,0,0,0
17498,M,1970,0,0,0
17499,M,1980,0,0,0
17500,M,1978,1,0,0
17501,F,1999,0,0,0
17502,F,1997,1,1,0
17503,M,2002,0,0,0
17504,F,1992,0,1,1
17505,F,1958,1,0,0
17506,F,1935,0,0,0
17507,F,1958,0,0,0
17508,F,1972,0,0,1
17509,F,1981,0,0,0
17510,M,1958,0,0,1
17511,M,1930,0,1,1
17512,F,1976,0,1,0
17513,F,1968,0,0,1
17514,F,1976,0,0,0
17515,F,1930,0,0,0
17516,F,1985,1,0,1
17517,F,1997,0,0,1
17518,M,1964,0,0,1
17519,M,1997,0,1,0
17520,F,1974,0,1,0
17521,M,1981,0,0,0
17522,M,1971,0,0,0
17523,F,1980,1,0,0
17524,M,2010,0,0,0
17525,M,1967,0,0,1
17526,F,1973,0,0,0
17527,F,1950,0,0,1
17528,M,1996,0,0,0
17529,M,2011,0,0,0
17530,M,1964,0,1,0
17531,M,1966,0,0,0
17532,F,1968,0,0,0
17533,M,2015,0,0,0
17534,M,1930,0,0,1
17535,M,2018,0,0,0
17536,M,2011,0,0,0
17537,F,2004,0,0,0
17538,M,1961,0,0,0
17539,M,1947,0,1,0
17540,M,1980,0,0,1
17541,M,1967,0,0,0
17542,F,1997,1,0,0
17543,M,2001,0,0,0
17544,M,2008,0,0,0
17545,M,1967,1,0,0
17546,M,1950,0,1,1
17547,M,2005,0,0,0
17548,M,1998,0,0,0
17549,M,1992,0,0,0
17550,F,2004,1,0,1
17551,M,1974,0,0,0
17552,M,1989,0,0,0
17553,M,1943,0,0,0
17554,M,1997,0,0,0
17555,M,1958,0,0,0
17556,F,2008,1,0,0
17557,M,1995,0,0,1
17558,F,1979,0,1,1
17559,M,1973,1,0,0
17560,F,1937,0,0,0
17561,M,1974,0,0,1
17562,M,1974,0,0,1
17563,M,2001,0,1,0
17564,M,1999,0,0,0
17565,F,1992,0,0,0
17566,F,1983,0,0,0
17567,M,1985,0,0,0
17568,F,1973,0,0,0
17569,M,1942,0,0,1
17570,F,1982,0,0,1
17571,M,1962,0,1,0
17572,M,1999,0,1,0
17573,F,1936,0,0,1
17574,F,1982,1,0,1
17575,F,1936,0,0,1
17576,F,1988,0,0,0
17577,F,1991,0,1,1
17578,M,1995,0,0,0
17579,F,2003,1,0,0
17580,M,1955,0,0,0
17581,F,1998,1,0,1
17582,F,1974,0,1,1
17583,M,2004,1,0,1
17584,F,1930,0,0,0
17585,F,1954,0,0,0
17586,F,1957,0,0,0
17587,F,1978,1,0,1
17588,F,1985,0,0,1
17589,F,1994,0,0,1
17590,F,1937,0,1,0
17591,M,2008,0,0,0
17592,M,1966,0,0,1
17593,M,1997,0,0,0
17594,F,2004,0,0,0
17595,M,1990,0,0,0
17596,M,1989,1,0,0
17597,M,1973,0,1,0
17598,M,1951,0,0,0
17599,F,1986,0,0,0
17600,M,2011,0,0,0
17601,F,1998,0,0,1
17602,M,1986,0,0,0
17603,M,1992,0,0,0
17604,F,1966,0,0,1
17605,M,1974,0,0,1
17606,F,1961,0,0,0
17607,F,2015,0,0,0
17608,F,1954,1,0,1
17609,M,2010,0,0,0
17610,M,1968,0,0,0
17611,F,1945,0,1,1
17612,M,2013,0,0,0
17613,M,2016,0,0,0
17614,F,1985,1,0,1
17615,F,1992,0,0,1
17616,M,2006,1,0,1
17617,F,2016,0,0,1
17618,F,1953,0,0,0
17619,M,2005,0,0,1
17620,M,1930,0,1,1
17621,M,2004,0,0,0
17622,F,2003,0,1,0
17623,M,2019,0,0,0
17624,F,2005,0,0,0
17625,F,2000,1,0,0
17626,F,1984,0,0,0
17627,M,1968,0,0,0
17628,F,1995,0,0,0
17629,M,1969,0,0,1
17630,F,1931,0,0,1
17631,M,1989,0,0,1
17632,F,1994,0,0,1
17633,F,2003,0,0,1
17634,F,1983,0,0,0
17635,F,1938,1,0,0
17636,F,1984,0,0,0
17637,M,1968,0,0,0
17638,F,1983,0,0,1
17639,F,1985,0,0,1
17640,M,1930,1,0,1
17641,F,1974,0,0,0
17642,M,1958,0,0,1
17643,M,1970,1,0,1
17644,M,1984,0,1,0
17645,M,2016,0,0,0
17646,F,1995,0,0,1
17647,M,1939,0,0,0
17648,M,2012,0,0,0
17649,F,1998,1,0,0
17650,M,1997,0,0,0
17651,F,1955,0,0,0
17652,M,1937,1,0,0
17653,F,2007,0,0,0
17654,M,1987,0,1,1
17655,F,1957,0,0,1
17656,M,1996,1,0,0
17657,M,1968,0,0,0
17658,M,1988,0,0,0
17659,F,1930,0,1,1
17660,M,1995,0,0,0
17661,M,1963,1,1,1
17662,F,1992,1,0,0
17663,M,1979,0,1,0
17664,F,2006,0,0,0
17665,F,1968,0,0,0
17666,F,1950,0,0,1
17667,M,2008,0,0,0
17668,M,1999,0,0,1
17669,M,1954,0,0,0
17670,F,1991,0,0,0
17671,M,1986,0,0,0
17672,M,2004,0,1,1
17673,F,1949,0,0,1
17674,M,2006,0,0,0
17675,M,1986,0,0,0
17676,M,1995,0,1,1
17677,F,1962,0,0,1
17678,M,1930,0,0,1
17679,M,2011,0,0,0
17680,M,1997,0,0,0
17681,F,1991,0,0,0
17682,M,2006,0,1,0
17683,M,1983,0,0,1
17684,M,1959,0,1,1
17685,M,1977,0,0,0
17686,M,1967,1,0,0
17687,M,1998,0,0,0
17688,M,1967,0,0,0
17689,F,1978,0,0,0
17690,F,2004,0,0,0
17691,M,1982,0,0,1
17692,F,1995,1,0,0
17693,F,1930,1,0,0
17694,M,1956,0,1,1
17695,M,1979,0,0,0
17696,F,1942,1,0,0
17697,M,1966,0,1,1
17698,F,2004,0,0,0
17699,M,1930,0,0,0
17700,F,2007,0,0,0
17701,F,1936,1,0,1
17702,F,1977,1,0,0
17703,M,1983,0,0,0
17704,M,1998,0,0,1
17705,F,1976,0,0,0
17706,F,1968,0,0,0
17707,M,1970,0,0,0
17708,M,1978,0,1,0
17709,M,1986,0,0,0
17710,F,1964,0,0,0
17711,M,1991,1,0,1
17712,F,1984,0,0,0
17713,M,1972,0,0,1
17714,M,1982,0,0,0
17715,F,2007,0,0,0
17716,M,1977,0,0,1
17717,M,1977,0,0,0
17718,F,1979,0,0,0
17719,F,1986,0,0,0
17720,M,1990,0,0,0
17721,F,1982,0,0,0
17722,M,1998,1,0,1
17723,F,1939,1,0,0
17724,F,1972,0,0,0
17725,M,1975,0,0,1
17726,M,2015,0,0,0
17727,M,1951,0,0,0
17728,F,2000,0,0,0
17729,M,1993,1,0,0
17730,F,1994,0,0,0
17731,M,1973,0,1,1
17732,F,2000,0,0,0
17733,F,1961,0,0,0
17734,F,1974,0,0,0
17735,F,1995,0,0,0
17736,F,2006,0,0,0
17737,F,1975,0,0,0
17738,M,2010,0,0,0
17739,F,1997,0,1,1
17740,F,1985,0,0,0
17741,M,1987,1,0,0
17742,M,1995,0,1,0
17743,M,1963,0,0,0
17744,M,1999,0,0,0
17745,F,1995,1,0,0
17746,M,1980,0,0,0
17747,F,1980,0,0,0
17748,M,2004,0,0,0
17749,F,1981,0,1,0
17750,M,1993,0,0,1
17751,F,1994,1,0,0
17752,F,1976,0,0,1
17753,F,2001,1,0,0
17754,M,1988,1,0,0
17755,M,1984,0,0,0
17756,F,1975,0,0,0
17757,M,1996,1,0,0
17758,M,1970,0,0,0
17759,M,1962,0,0,0
17760,M,1963,0,1,0
17761,F,2005,0,1,0
17762,M,1964,0,0,0
17763,M,1962,0,0,1
17764,F,1931,0,1,0
17765,F,2003,1,0,0
17766,F,1945,0,1,1
17767,M,2010,0,0,0
17768,M,1961,0,1,1
17769,M,1955,0,0,1
17770,F,1963,1,0,0
17771,M,2007,1,0,0
17772,M,1947,0,1,0
17773,F,1930,0,0,0
17774,M,2001,0,0,0
17775,M,1989,0,0,0
17776,M,1996,0,1,0
17777,M,1968,0,0,0
17778,F,1992,0,0,0
17779,M,1966,1,0,0
17780,F,1986,0,0,1
17781,F,1980,0,0,0
17782,F,1983,0,0,0
17783,M,2010,0,0,1
17784,M,1981,0,0,0
17785,F,2007,0,0,0
17786,M,2005,0,0,0
17787,M,1946,0,0,1
17788,F,1968,0,0,1
17789,M,1971,0,0,1
17790,F,1980,0,0,0
17791,F,1930,0,1,0
17792,M,1981,0,0,1
17793,F,1985,0,0,0
17794,M,1986,0,0,0
17795,F,1953,0,0,1
17796,M,1982,0,0,0
17797,M,1976,1,0,0
17798,M,1950,1,0,0
17799,M,1970,0,0,0
17800,F,1959,0,0,1
17801,F,1997,0,1,0
17802,F,2003,0,0,0
17803,F,1938,1,0,1
17804,M,1960,0,0,1
17805,M,1967,0,0,1
17806,F,1974,0,0,1
17807,M,1982,0,0,1
17808,F,1996,0,0,0
17809,F,1997,1,0,0
17810,F,2003,1,0,0
17811,F,2007,0,0,0
17812,F,1999,0,0,0
17813,F,1990,0,0,1
17814,M,1939,0,0,1
17815,F,2007,0,0,0
17816,M,1980,0,0,1
17817,F,1934,0,1,0
17818,F,1953,0,0,0
17819,F,1982,0,0,0
17820,M,1995,0,1,0
17821,F,2012,0,0,0
17822,M,1979,1,0,0
17823,M,1965,0,0,1
17824,M,1995,0,0,0
17825,F,1951,0,0,1
17826,M,1985,0,0,0
17827,F,1975,0,0,0
17828,F,1982,1,0,1
17829,F,1951,0,1,1
17830,M,1950,0,0,1
17831,F,1969,0,0,0
17832,M,1988,0,0,1
17833,M,1983,0,1,0
17834,F,1930,0,1,1
17835,F,1932,0,0,1
17836,F,1981,0,0,0
17837,M,2002,0,0,0
17838,M,1957,0,0,1
17839,F,1992,0,0,0
17840,M,1941,0,1,1
17841,M,1995,1,0,0
17842,M,1991,1,0,0
17843,F,2004,0,0,0
17844,M,1930,0,0,1
17845,F,2000,0,0,0
17846,M,1960,1,0,0
17847,F,1986,1,1,0
17848,F,1991,0,0,0
17849,F,1992,0,0,0
17850,M,1942,0,0,1
17851,M,1930,0,1,0
17852,M,1946,1,0,1
17853,M,2010,0,0,0
17854,F,1960,0,1,0
17855,F,1986,1,0,0
17856,F,1984,0,0,1
17857,F,1999,1,0,0
17858,M,1977,0,0,0
17859,M,1982,0,0,0
17860,M,1969,0,0,0
17861,M,1987,0,0,0
17862,M,1956,0,0,1
17863,M,1980,0,0,0
17864,F,1979,1,0,1
17865,F,1982,0,0,1
17866,M,1960,0,0,0
17867,F,1990,0,0,0
17868,M,1969,0,0,0
17869,M,1979,1,0,1
17870,M,1941,0,0,0
17871,F,1989,0,0,0
17872,M,1956,0,0,0
17873,M,1974,1,0,1
17874,M,1944,0,0,0
17875,M,1980,0,0,0
17876,M,1991,0,0,0
17877,M,1991,1,0,0
17878,M,1976,0,1,0
17879,F,1981,0,0,0
17880,M,1989,0,1,0
17881,M,1976,0,0,0
17882,M,2016,0,0,0
17883,F,1985,0,0,0
17884,F,1981,0,0,0
17885,F,2008,0,0,0
17886,F,2001,0,0,1
17887,M,2000,0,0,1
17888,M,1983,0,0,0
17889,M,1987,0,0,0
17890,M,1987,1,0,0
17891,M,2008,0,0,0
17892,M,1952,0,0,0
17893,M,1943,0,0,0
17894,F,2005,0,0,0
17895,M,1988,0,0,1
17896,M,1987,0,0,0
17897,M,1972,0,0,0
17898,F,1991,0,0,0
17899,F,1956,0,0,0
17900,F,2002,1,0,0
17901,M,1964,0,0,0
17902,F,1973,0,0,0
17903,M,2004,0,0,0
17904,F,1989,0,0,0
17905,F,2003,0,1,0
17906,M,1930,0,0,1
17907,F,1985,0,1,1
17908,M,1991,0,0,1
17909,F,2010,0,0,0
17910,M,1974,0,0,0
17911,F,1989,0,0,0
17912,M,1965,0,1,1
17913,M,1936,0,0,0
17914,M,1960,1,0,1
17915,F,2000,1,0,0
17916,M,1991,0,1,0
17917,M,2005,0,0,0
17918,F,1996,0,1,0
17919,F,1954,0,1,1
17920,F,1994,0,0,0
17921,M,1964,0,0,1
17922,M,1992,0,0,0
17923,F,1961,0,0,0
17924,M,2001,0,0,0
17925,M,2003,0,0,0
17926,M,1930,0,0,1
17927,F,1999,0,0,1
17928,M,1953,0,0,1
17929,M,1969,1,1,1
17930,F,1996,0,0,1
17931,M,1996,1,0,0
17932,F,1988,0,1,1
17933,F,1952,0,0,0
17934,F,1992,0,0,0
17935,M,1965,0,1,1
17936,M,1973,0,0,1
17937,M,1972,1,0,0
17938,F,1930,0,0,1
17939,F,1967,1,0,0
17940,F,1972,1,0,1
17941,M,2010,0,0,0
17942,F,1943,0,1,0
17943,M,1960,1,1,1
17944,M,1973,1,0,0
17945,F,1988,0,0,0
17946,F,2009,0,0,0
17947,M,1968,0,0,1
17948,M,1981,1,0,0
17949,F,1930,0,0,0
17950,M,1964,0,0,0
17951,M,1978,0,0,0
17952,M,1930,0,0,0
17953,M,1981,0,0,0
17954,M,1930,0,0,0
17955,F,2012,0,0,0
17956,F,1930,0,0,0
17957,F,1953,0,0,1
17958,F,1998,0,1,1
17959,M,1930,1,0,0
17960,F,2014,0,0,0
17961,M,2003,1,0,1
17962,F,1969,0,0,0
17963,F,1943,0,0,0
17964,F,1973,0,0,0
17965,M,2009,0,0,0
17966,M,1996,1,0,0
17967,M,1992,0,0,0
17968,M,1970,0,1,1
17969,F,1984,0,0,0
17970,F,1936,0,0,1
17971,M,1946,1,0,1
17972,M,2009,0,0,0
17973,F,1964,0,0,0
17974,F,2003,0,0,0
17975,F,1935,0,0,0
17976,F,1964,0,1,1
17977,F,1984,1,0,1
17978,M,1989,0,0,1
17979,M,1971,0,0,1
17980,F,1947,0,1,0
17981,F,1973,0,1,0
17982,M,1984,0,0,1
17983,M,1999,0,0,1
17984,M,1985,0,0,1
17985,M,1947,0,1,0
17986,M,1959,0,0,0
17987,F,1942,0,1,0
17988,M,2000,0,0,1
17989,M,2009,0,0,1
17990,F,1962,0,0,1
17991,F,2006,0,0,1
17992,F,1942,0,1,0
17993,M,1961,0,1,0
17994,M,1974,0,0,0
17995,F,2002,0,0,0
17996,M,1981,0,0,0
17997,F,1985,0,1,0
17998,M,1972,0,0,0
17999,F,1930,0,0,1
18000,M,2000,0,1,0
18001,F,1988,0,0,1
18002,M,1983,0,0,0
18003,F,1939,0,0,1
18004,M,1979,0,0,1
18005,F,1964,0,0,0
18006,M,1935,1,1,1
18007,F,1974,0,0,1
18008,M,1988,0,1,0
18009,F,1944,0,0,1
18010,F,1930,0,0,1
18011,M,1966,1,0,0
18012,M,1995,0,0,0
18013,F,1990,0,0,0
18014,M,1931,0,1,0
18015,F,1961,0,0,0
18016,F,1987,0,1,0
18017,M,2010,0,0,1
18018,M,1960,0,0,0
18019,M,1966,0,0,0
18020,M,1961,0,0,1
18021,F,1997,1,0,0
18022,F,1988,0,0,1
18023,M,1950,0,0,0
18024,M,2016,0,0,0
18025,M,1988,0,0,0
18026,F,2007,0,0,0
18027,M,1999,0,1,0
18028,F,1955,0,1,1
18029,F,1984,0,0,0
18030,M,2002,0,0,0
18031,M,1969,1,0,0
18032,F,1993,1,0,0
18033,M,1985,0,0,0
18034,M,1977,0,0,1
18035,F,1941,0,1,1
18036,F,1977,0,0,0
18037,F,1990,0,0,0
18038,F,1970,0,0,0
18039,F,1968,0,0,1
18040,M,1991,1,0,0
18041,F,1984,1,0,1
18042,M,1982,0,0,0
18043,F,1948,0,1,1
18044,F,2016,0,0,0
18045,M,1972,1,0,0
18046,F,1958,0,0,1
18047,F,1950,0,1,1
18048,F,2008,0,1,0
18049,M,2008,0,0,0
18050,F,1994,0,0,0
18051,F,1963,0,0,0
18052,M,1954,0,0,0
18053,F,2010,0,0,1
18054,M,1976,0,0,1
18055,F,1956,0,0,1
18056,F,1990,1,1,1
18057,F,1974,0,0,1
18058,F,2004,0,0,0
18059,F,1967,0,0,1
18060,F,1986,0,0,0
18061,M,1988,0,0,0
18062,F,1975,0,1,1
18063,F,2011,0,0,1
18064,M,1993,0,0,1
18065,F,1956,0,0,0
18066,M,2010,0,0,0
18067,F,2009,0,0,0
18068,F,1992,1,0,0
18069,M,1982,0,0,1
18070,F,1977,0,0,0
18071,M,1930,0,1,0
18072,F,1976,0,0,0
18073,F,1972,0,0,0
18074,F,1949,0,0,1
18075,F,1998,0,1,0
18076,F,1971,0,1,1
18077,F,1964,0,1,0
18078,F,1968,0,0,0
18079,M,1976,0,0,1
18080,F,1978,0,1,0
18081,M,2002,0,0,0
18082,F,1989,0,0,0
18083,M,1935,0,0,0
18084,F,1994,1,0,0
18085,M,1981,0,0,1
18086,F,1982,0,0,0
18087,F,1971,1,0,1
18088,M,1982,0,0,0
18089,F,1986,1,0,0
18090,M,1957,1,0,0
18091,M,1976,0,1,0
18092,M,1978,0,0,0
18093,F,1993,1,0,0
18094,F,1989,0,0,1
18095,F,1975,0,1,0
18096,F,1954,0,1,1
18097,F,1942,0,1,1
18098,F,1972,0,1,1
18099,F,1930,0,0,0
18100,F,1987,0,0,0
18101,M,1987,1,1,0
18102,F,1947,1,0,0
18103,M,1977,0,0,0
18104,M,1992,0,0,1
18105,M,1981,0,0,1
18106,F,2000,0,0,0
18107,M,1985,0,0,1
18108,M,2002,0,0,0
18109,F,2000,0,0,0
18110,F,1975,0,0,0
18111,M,2014,0,0,0
18112,F,2002,0,0,0
18113,M,1996,0,0,0
18114,M,1990,0,0,1
18115,M,1966,1,0,0
18116,M,1990,0,0,1
18117,F,1937,0,1,1
18118,M,1994,0,0,1
18119,F,2013,0,0,0
18120,F,2001,0,0,0
18121,M,1975,0,0,0
18122,F,2000,1,0,0
18123,M,1995,0,0,0
18124,M,1947,0,0,1
18125,M,1935,0,0,1
18126,F,2006,1,1,0
18127,F,1986,0,0,1
18128,F,1976,0,0,0
18129,M,1956,0,1,1
18130,M,1991,0,0,1
18131,F,1976,0,0,1
18132,F,1949,0,0,0
18133,M,1981,0,0,0
18134,M,2017,0,0,0
18135,F,1986,0,0,0
18136,F,1997,0,0,0
18137,F,1996,0,0,1
18138,M,1995,0,0,0
18139,F,2014,0,0,0
18140,M,1938,0,0,1
18141,M,1953,0,0,0
18142,M,1932,0,1,0
18143,F,1930,0,0,1
18144,F,1977,0,1,1
18145,F,1992,1,0,0
18146,M,1970,0,0,1
18147,M,1969,0,1,1
18148,F,1992,1,0,0
18149,M,1993,0,1,1
18150,M,1983,0,0,1
18151,M,1994,0,1,0
18152,M,1968,0,0,1
18153,M,2004,0,0,0
18154,M,1962,0,0,0
18155,F,1943,1,0,1
18156,M,1930,0,0,0
18157,M,1934,0,0,1
18158,F,1930,0,1,1
18159,F,1968,0,1,0
18160,F,2006,0,0,1
18161,M,1979,0,0,0
18162,M,1930,1,1,1
18163,F,1936,0,0,1
18164,F,1988,0,1,0
18165,M,2012,0,0,0
18166,F,1969,0,0,0
18167,M,2007,0,0,1
18168,F,1970,0,0,0
18169,M,1967,0,0,0
18170,F,1938,0,0,0
18171,F,2011,0,1,0
18172,F,1955,0,1,0
18173,M,1983,0,0,0
18174,F,1930,0,0,0
18175,F,1958,1,0,0
18176,F,1977,0,0,0
18177,F,1998,1,0,0
18178,M,1981,0,0,1
18179,F,1947,1,0,1
18180,M,1981,0,0,0
18181,M,1981,0,0,0
18182,F,1980,0,0,1
18183,M,1992,0,0,0
18184,M,2000,0,0,1
18185,M,1997,0,0,1
18186,F,1978,0,0,0
18187,F,1954,0,0,1
18188,F,1975,0,0,1
18189,F,1946,0,0,1
18190,M,1935,0,0,1
18191,F,1930,0,0,1
18192,M,1930,0,1,1
18193,M,2005,0,0,0
18194,F,1965,0,0,0
18195,M,1989,0,0,0
18196,M,1997,0,0,0
18197,M,1985,0,1,0
18198,F,1930,0,1,0
18199,F,1946,1,0,1
18200,F,1978,0,0,1
18201,F,1959,1,0,0
18202,F,1969,1,1,1
18203,M,1985,0,0,0
18204,M,1994,0,0,0
18205,M,1981,0,0,0
18206,F,1957,0,0,1
18207,F,1930,0,1,1
18208,F,1964,1,1,0
18209,M,1991,1,0,0
18210,F,1999,0,0,0
18211,M,1970,0,0,1
18212,F,2011,0,0,0
18213,F,1930,0,1,1
18214,M,1965,0,0,1
18215,M,1938,0,1,1
18216,M,1949,0,1,0
18217,M,1965,0,0,1
18218,M,1967,0,1,1
18219,M,1955,0,0,1
18220,M,1987,0,0,1
18221,F,1977,0,0,0
18222,F,1953,0,0,1
18223,M,2005,0,0,0
18224,M,1978,0,0,1
18225,F,1981,0,0,0
18226,M,2012,0,0,0
18227,F,1962,0,1,0
18228,F,1973,0,0,1
18229,F,1978,1,0,0
18230,M,1946,0,0,1
18231,F,1953,0,0,1
18232,F,1950,0,0,0
18233,M,1981,0,0,1
18234,M,1987,0,0,1
18235,F,1973,0,0,1
18236,F,1966,0,0,0
18237,F,1958,0,0,1
18238,F,1997,1,0,0
18239,F,1968,1,1,1
18240,F,1941,0,1,1
18241,M,1994,1,0,0
18242,F,2012,0,0,0
18243,F,2016,0,0,0
18244,M,1988,0,0,0
18245,M,2000,0,0,0
18246,M,1964,1,0,1
18247,F,1969,0,0,0
18248,F,2010,0,0,0
18249,F,1943,1,0,0
18250,F,1993,0,0,0
18251,F,1998,0,0,1
18252,F,1970,0,0,0
18253,F,1989,0,0,0
18254,M,1973,0,0,1
18255,M,1982,0,0,0
18256,M,1939,0,0,1
18257,M,1972,0,0,1
18258,F,1985,0,1,1
18259,M,1979,0,0,0
18260,M,1948,0,0,1
18261,M,1996,0,1,1
18262,F,1962,0,0,1
18263,M,1978,0,0,1
18264,M,1977,0,0,1
18265,M,2000,0,0,0
18266,M,1987,0,0,1
18267,F,1992,0,0,1
18268,F,1978,0,0,0
18269,F,2005,0,0,0
18270,F,2013,0,0,0
18271,F,1989,1,0,0
18272,M,1947,0,1,0
18273,F,1965,0,0,1
18274,M,1980,0,0,1
18275,M,1998,0,0,0
18276,F,2017,0,0,0
18277,M,1993,0,0,0
18278,F,1984,0,0,0
18279,F,2002,0,0,1
18280,M,1967,0,0,1
18281,F,1968,0,0,1
18282,F,1990,1,0,0
18283,M,1982,0,0,0
18284,F,1983,0,0,1
18285,F,1970,0,0,0
18286,F,1997,0,0,0
18287,M,1930,0,0,1
18288,F,2005,0,0,0
18289,F,1997,0,1,0
18290,M,1974,0,0,1
18291,M,1930,0,0,0
18292,F,1991,0,0,0
18293,F,1999,0,0,1
18294,F,1986,0,1,0
18295,M,1961,0,0,1
18296,M,1959,0,1,1
18297,F,1965,0,0,1
18298,M,1930,0,0,1
18299,F,1959,0,1,1
18300,F,1952,0,0,0
18301,F,1949,0,0,1
18302,M,2001,0,0,0
18303,M,1983,0,1,1
18304,M,1996,0,0,0
18305,M,1995,0,0,0
18306,F,1988,0,0,0
18307,F,1971,0,1,1
18308,M,1930,0,1,1
18309,F,1962,0,0,0
18310,F,1968,0,0,0
18311,M,1987,1,0,0
18312,F,1930,0,0,0
18313,M,2006,0,0,0
18314,F,1958,0,0,1
18315,F,2012,0,0,0
18316,M,1976,0,0,1
18317,F,1948,0,1,1
18318,M,1979,0,0,0
18319,F,1938,0,0,0
18320,M,1999,1,0,1
18321,M,2017,0,0,0
18322,M,2005,0,0,0
18323,M,1987,1,0,0
18324,F,1970,0,0,0
18325,M,1993,1,0,0
18326,M,1976,0,1,1
18327,M,1965,1,0,0
18328,F,1997,0,1,0
18329,M,1997,0,0,1
18330,M,2007,1,1,0
18331,M,1938,0,1,1
18332,M,1936,1,1,0
18333,F,1976,1,0,0
18334,F,2003,0,0,0
18335,F,1930,0,1,1
18336,M,1997,0,0,1
18337,M,2007,1,0,0
18338,F,1997,0,0,0
18339,F,1999,0,0,0
18340,F,2003,0,0,0
18341,F,1994,0,1,0
18342,F,1978,0,0,1
18343,F,1959,0,0,0
18344,M,1985,0,0,1
18345,M,1985,1,0,0
18346,M,1986,0,0,1
18347,F,2007,0,0,0
18348,M,1959,0,0,0
18349,F,1948,0,0,1
18350,F,1931,0,0,0
18351,F,1989,0,0,1
18352,M,1934,1,0,1
18353,M,1955,0,0,1
18354,M,2002,0,0,0
18355,M,1997,0,0,0
18356,F,1978,0,0,0
18357,F,1985,0,0,1
18358,M,2004,0,0,0
18359,M,1978,0,0,0
18360,F,1977,0,1,0
18361,F,1956,0,1,0
18362,F,1992,0,0,0
18363,M,1996,0,0,0
18364,F,2007,0,0,0
18365,M,1973,1,0,0
18366,F,1976,0,0,1
18367,F,1930,1,0,1
18368,M,1958,1,0,1
18369,F,1992,1,0,0
18370,F,1979,0,0,1
18371,F,2005,0,1,0
18372,F,1989,0,0,0
18373,M,1975,0,0,1
18374,F,1930,0,0,0
18375,F,2000,1,0,0
18376,F,1939,0,1,0
18377,M,1973,1,0,0
18378,F,1959,0,0,1
18379,F,1980,0,0,1
18380,M,1995,1,0,0
18381,M,1941,0,0,0
18382,M,1990,0,0,1
18383,F,1961,1,0,0
18384,F,2004,0,0,0
18385,F,2000,0,0,0
18386,M,2012,0,0,0
18387,M,1983,0,1,0
18388,F,1973,0,0,0
18389,M,1980,0,0,1
18390,F,2008,0,0,0
18391,M,2000,0,0,0
18392,F,1959,0,0,0
18393,F,1992,0,0,0
18394,M,1978,0,1,1
18395,M,1994,1,0,1
18396,F,1963,0,1,1
18397,F,1993,0,0,0
18398,M,1985,0,0,1
18399,M,1951,0,0,1
18400,F,1979,0,1,1
18401,F,1998,0,0,1
18402,M,1968,0,0,1
18403,M,2008,0,0,0
18404,F,1999,0,0,0
18405,F,2007,1,0,0
18406,M,1962,0,0,0
18407,M,1970,0,1,0
18408,F,1966,0,0,0
18409,F,1975,0,0,0
18410,F,1942,1,0,0
18411,F,1975,0,0,1
18412,F,1992,1,0,0
18413,M,1998,0,0,1
18414,F,1976,0,0,0
18415,F,1946,0,0,1
18416,F,2004,0,0,1
18417,F,1967,1,0,1
18418,F,1985,0,0,0
18419,M,1952,0,0,1
18420,F,2009,0,0,0
18421,M,1930,1,1,1
18422,M,1985,0,0,0
18423,F,2011,0,0,0
18424,F,2004,0,0,0
18425,M,1930,0,0,0
18426,F,1967,1,0,0
18427,F,1988,0,0,0
18428,M,1930,0,0,0
18429,F,1976,1,0,1
18430,F,1954,0,0,0
18431,M,2000,0,1,0
18432,M,1988,0,0,0
18433,M,1977,1,0,0
18434,F,1991,0,0,0
18435,M,1930,0,1,1
18436,M,1943,0,0,1
18437,M,1968,0,0,1
18438,M,2004,0,0,0
18439,F,1986,0,0,0
18440,M,1997,0,0,0
18441,F,1967,0,0,1
18442,M,1991,0,0,0
18443,F,2011,0,0,0
18444,F,1972,1,0,0
18445,F,1992,0,0,1
18446,M,1937,0,1,0
18447,F,2002,1,0,0
18448,M,1996,0,0,0
18449,M,1987,0,0,0
18450,M,1970,0,0,0
18451,M,1951,1,0,0
18452,F,1988,0,0,1
18453,M,1976,0,0,0
18454,M,2008,1,0,0
18455,M,1996,0,0,0
18456,M,1990,0,0,1
18457,M,1987,0,0,0
18458,M,1964,0,0,1
18459,M,1930,0,0,0
18460,F,1995,1,0,1
18461,F,1967,1,0,0
18462,M,1943,0,1,0
18463,M,1945,1,0,0
18464,F,2000,0,0,0
18465,M,1947,0,1,0
18466,F,2004,0,0,0
18467,M,2004,0,0,1
18468,M,1980,0,1,1
18469,M,1991,0,0,1
18470,F,1933,0,1,1
18471,M,2011,0,0,0
18472,F,1979,0,0,1
18473,F,1953,0,0,1
18474,M,2012,0,0,1
18475,M,1989,0,0,0
18476,M,1954,0,0,0
18477,M,1982,0,0,0
18478,F,1982,1,0,1
18479,F,1950,0,1,1
18480,M,1969,0,1,1
18481,F,1996,0,0,0
18482,F,1930,1,1,1
18483,F,1985,1,0,0
18484,M,2005,0,1,0
18485,M,1981,0,0,0
18486,F,1983,0,0,0
18487,F,1970,0,0,1
18488,M,1965,1,0,0
18489,M,2008,0,0,0
18490,F,1987,0,0,0
18491,F,1969,0,0,1
18492,M,1981,0,1,0
18493,F,1992,1,0,0
18494,M,1960,1,0,0
18495,F,1960,0,0,1
18496,M,2011,0,0,0
18497,M,2022,0,0,1
18498,M,1976,0,0,0
18499,M,1971,0,1,1
18500,M,1987,1,0,0
18501,M,1978,1,0,0
18502,M,1985,0,0,0
18503,F,1972,1,0,0
18504,F,1992,0,0,1
18505,M,1991,0,0,1
18506,M,1985,1,0,0
18507,F,1971,1,0,0
18508,F,1967,1,0,1
18509,F,1939,0,0,1
18510,M,2003,0,0,0
18511,M,2013,0,0,0
18512,M,1960,0,1,1
18513,M,1980,1,0,0
18514,F,2012,0,0,1
18515,M,1986,0,0,0
18516,M,1951,1,1,1
18517,M,1992,0,0,1
18518,M,1976,0,0,0
18519,F,1996,0,1,0
18520,F,2002,0,0,1
18521,M,1957,0,0,0
18522,F,1994,0,0,0
18523,M,1988,0,0,0
18524,M,1981,1,0,0
18525,F,1996,0,0,1
18526,M,1930,1,0,1
18527,F,1961,0,0,1
18528,M,2006,0,0,0
18529,M,2013,0,0,0
18530,F,1954,0,0,0
18531,M,1975,0,0,1
18532,M,1972,0,0,1
18533,F,1985,0,1,0
18534,F,1988,0,0,0
18535,M,1954,0,0,0
18536,F,2002,1,0,0
18537,M,1945,1,0,1
18538,F,1979,0,0,0
18539,F,2007,0,0,0
18540,M,2010,0,0,0
18541,F,1996,0,0,1
18542,F,1993,0,0,0
18543,M,2009,0,0,0
18544,M,1969,0,0,0
18545,M,1965,0,0,1
18546,F,1966,0,0,0
18547,F,1957,1,0,0
18548,F,1991,1,0,1
18549,F,1973,0,0,0
18550,M,1958,0,0,1
18551,M,1969,1,1,0
18552,F,1976,0,0,0
18553,M,1944,0,1,0
18554,M,1989,0,1,0
18555,M,1990,0,0,0
18556,M,1979,0,0,0
18557,M,1979,0,0,0
18558,F,1980,0,0,0
18559,F,2008,0,0,0
18560,M,1953,0,0,0
18561,M,1973,0,0,1
18562,F,2017,0,0,0
18563,F,2012,0,0,0
18564,M,1944,0,0,1
18565,M,1993,0,0,0
18566,M,1980,0,0,0
18567,M,2001,0,0,0
18568,M,1930,0,0,1
18569,F,1984,0,0,0
18570,F,1992,0,0,0
18571,F,1956,0,0,1
18572,F,2003,0,0,0
18573,F,1951,1,0,0
18574,M,1986,0,0,1
18575,F,1963,0,0,0
18576,M,1975,0,0,1
18577,M,1988,0,0,0
18578,M,2008,0,0,0
18579,F,1979,0,0,0
18580,M,1998,0,0,1
18581,F,1980,0,0,0
18582,M,1959,1,0,0
18583,F,1969,1,0,0
18584,F,2018,0,0,0
18585,M,1990,0,0,0
18586,M,1995,0,0,0
18587,M,1993,0,0,1
18588,M,1977,0,0,1
18589,F,1992,1,0,0
18590,M,1998,0,0,0
18591,F,2005,0,0,0
18592,M,1991,0,0,0
18593,M,1961,0,0,1
18594,M,1960,0,0,0
18595,F,1975,1,0,0
18596,F,2014,0,0,0
18597,M,1977,0,0,0
18598,F,1939,0,0,0
18599,F,2004,0,0,0
18600,M,1991,0,1,0
18601,M,1961,0,0,0
18602,M,2013,0,0,1
18603,F,1991,0,0,0
18604,F,1930,0,0,1
18605,F,1935,0,0,0
18606,M,1935,0,1,0
18607,M,1991,0,0,0
18608,F,1945,0,0,1
18609,F,1977,0,0,0
18610,M,1999,0,0,0
18611,F,1994,0,0,0
18612,M,1971,0,0,0
18613,M,2014,0,0,1
18614,M,1985,0,0,1
18615,M,1979,0,0,1
18616,F,1966,0,0,0
18617,M,2011,0,0,0
18618,F,1985,0,0,0
18619,M,1957,0,0,0
18620,F,1930,1,1,0
18621,F,1999,0,0,0
18622,M,1945,0,1,0
18623,F,1959,0,0,1
18624,F,1938,1,1,1
18625,F,2013,0,0,0
18626,M,1964,0,0,1
18627,M,1946,0,0,0
18628,F,1982,0,1,0
18629,M,1989,1,0,1
18630,M,1979,0,0,1
18631,M,1949,0,0,1
18632,F,1998,1,1,0
18633,F,1999,0,1,1
18634,F,2016,0,0,0
18635,F,1985,0,0,0
18636,F,2007,0,0,1
18637,M,1984,0,1,0
18638,F,2001,0,0,0
18639,M,1994,0,0,0
18640,M,1991,0,0,0
18641,F,1978,0,1,1
18642,M,1976,0,0,0
18643,M,1987,0,0,0
18644,M,1992,0,0,0
18645,M,1994,1,0,1
18646,F,2010,0,0,0
18647,F,1949,0,0,0
18648,F,1999,0,0,0
18649,M,1982,1,0,0
18650,F,2005,0,0,0
18651,M,1965,0,0,1
18652,F,1981,1,0,0
18653,F,1974,0,0,0
18654,F,2005,0,0,0
18655,F,1973,0,0,0
18656,F,2013,0,0,0
18657,F,1996,0,0,0
18658,M,1930,0,0,0
18659,F,2004,0,1,0
18660,F,1981,0,0,0
18661,M,1946,0,0,0
18662,M,1968,0,0,0
18663,M,1938,0,0,0
18664,F,1980,0,0,0
18665,M,1964,0,0,0
18666,F,1954,0,0,0
18667,F,1955,1,0,0
18668,F,2006,0,0,1
18669,F,1999,0,0,1
18670,M,1958,0,0,1
18671,F,1937,1,0,0
18672,M,2000,0,0,0
18673,F,1998,0,0,1
18674,M,1968,0,1,1
18675,M,1992,0,0,0
18676,F,1956,0,0,0
18677,F,1966,0,0,0
18678,F,1951,0,1,0
18679,M,1989,1,0,1
18680,M,1993,0,0,1
18681,M,1998,0,0,0
18682,F,1938,1,0,1
18683,M,2005,0,1,0
18684,M,2007,1,0,0
18685,F,1980,0,0,0
18686,M,1993,0,0,1
18687,M,1954,1,0,0
18688,F,2008,0,0,0
18689,M,1987,0,0,0
18690,F,2012,0,0,0
18691,M,1990,0,0,1
18692,M,1980,0,0,1
18693,F,1984,1,0,1
18694,M,1985,0,0,1
18695,F,1965,0,0,1
18696,F,2001,1,0,0
18697,F,1973,0,0,1
18698,M,1986,1,0,0
18699,M,1990,0,0,0
18700,M,1970,0,0,0
18701,F,1978,0,0,0
18702,F,1972,1,0,0
18703,F,1930,0,0,0
18704,F,1986,0,0,1
18705,F,2006,0,0,1
18706,M,2001,0,0,1
18707,M,1939,0,0,1
18708,M,1991,0,0,1
18709,F,1966,0,0,0
18710,F,1984,0,0,0
18711,F,2003,0,0,0
18712,F,1978,1,0,1
18713,M,1997,0,0,0
18714,F,1995,0,0,0
18715,M,1984,0,0,0
18716,F,2010,0,0,0
18717,M,1966,0,0,1
18718,F,1993,0,1,0
18719,M,1962,0,0,0
18720,M,1963,0,0,1
18721,F,1987,0,1,0
18722,F,1980,0,0,0
18723,F,1973,0,0,0
18724,F,1991,0,0,0
18725,M,2012,0,0,0
18726,M,1979,1,0,1
18727,M,1954,0,0,0
18728,F,1997,0,0,0
18729,M,1960,0,0,0
18730,F,2005,0,0,1
18731,F,1989,0,0,0
18732,M,1986,0,0,0
18733,M,1983,0,1,1
18734,F,2000,0,0,0
18735,M,2005,0,0,0
18736,F,1988,0,0,0
18737,M,1969,1,0,0
18738,F,1998,0,0,0
18739,M,1986,0,0,1
18740,M,1930,0,0,0
18741,M,1977,0,0,0
18742,F,1988,0,0,1
18743,F,1984,0,0,1
18744,M,1930,0,0,0
18745,F,1969,0,0,1
18746,F,1997,1,0,0
18747,M,1966,0,0,0
18748,M,2002,1,0,0
18749,M,1981,0,0,0
18750,M,1948,1,1,0
18751,M,1981,0,0,1
18752,F,2003,1,0,0
18753,F,1983,1,0,0
18754,M,1949,0,0,0
18755,F,1998,0,0,0
18756,F,1966,1,0,1
18757,F,1946,1,0,1
18758,F,1974,1,0,1
18759,F,1982,0,0,1
18760,F,1997,0,0,0
18761,F,1995,0,0,0
18762,M,1988,0,0,0
18763,M,1966,1,0,1
18764,F,1930,1,0,1
18765,M,1998,0,0,1
18766,F,1970,0,0,0
18767,M,1956,0,0,0
18768,M,1982,0,0,1
18769,M,1983,0,0,1
18770,M,2008,0,0,0
18771,F,1979,0,0,1
18772,M,1984,0,0,1
18773,M,1990,1,0,0
18774,M,1975,0,0,0
18775,M,2001,0,1,1
18776,F,1998,0,0,0
18777,M,1978,0,0,1
18778,F,1939,0,0,1
18779,M,1987,0,0,0
18780,F,1982,0,0,0
18781,F,1983,0,0,0
18782,M,2001,0,0,0
18783,F,1989,0,0,0
18784,M,1979,0,1,0
18785,M,1980,0,1,0
18786,M,1973,0,0,1
18787,M,2002,0,0,1
18788,M,1995,0,0,0
18789,M,2010,0,0,0
18790,M,1945,0,0,0
18791,M,1992,0,1,1
18792,M,1977,0,0,1
18793,F,1983,0,0,1
18794,F,2016,0,0,1
18795,F,2005,0,1,0
18796,M,1984,0,1,0
18797,M,1970,1,0,1
18798,M,1972,1,0,0
18799,F,2006,0,0,1
18800,F,2002,0,1,1
18801,F,1974,0,0,0
18802,F,1972,0,1,0
18803,M,2007,0,0,0
18804,M,1975,0,1,1
18805,F,1985,0,0,0
18806,M,1988,0,1,0
18807,M,1938,0,1,1
18808,M,1987,1,0,0
18809,F,1994,0,0,0
18810,F,1964,0,0,0
18811,F,1965,0,1,0
18812,F,1947,1,1,1
18813,M,1967,0,0,1
18814,F,1968,0,1,1
18815,F,1983,0,1,0
18816,F,1930,1,0,1
18817,F,2001,0,0,0
18818,F,1972,0,0,0
18819,M,2002,0,0,0
18820,F,1983,0,0,0
18821,F,1984,0,1,0
18822,M,1983,0,0,0
18823,M,2011,0,0,1
18824,M,1992,0,0,1
18825,M,1930,0,0,1
18826,F,1980,0,1,0
18827,M,1957,0,0,1
18828,F,1975,1,0,1
18829,F,1930,0,0,1
18830,F,1974,0,0,1
18831,F,1980,0,0,0
18832,F,2005,0,0,0
18833,F,2005,0,0,0
18834,M,1995,0,0,1
18835,F,1987,1,0,1
18836,F,2003,0,0,1
18837,F,1981,0,0,1
18838,F,1981,0,0,0
18839,M,1932,0,0,0
18840,M,1930,0,1,1
18841,F,1964,1,0,0
18842,F,1963,1,0,0
18843,F,1952,0,0,0
18844,F,1974,0,0,1
18845,M,1950,0,0,1
18846,M,2006,0,0,0
18847,F,1959,0,0,1
18848,M,2003,0,0,0
18849,M,2001,0,0,0
18850,M,1952,0,0,0
18851,F,1996,0,0,0
18852,M,2001,0,1,0
18853,F,1972,0,0,0
18854,F,1998,0,0,1
18855,F,2001,0,0,0
18856,F,2008,0,0,1
18857,F,1992,0,0,1
18858,F,1964,0,1,0
18859,M,1959,0,1,1
18860,M,1988,0,0,0
18861,F,1933,0,0,1
18862,M,1971,0,0,0
18863,F,1951,0,0,0
18864,M,1994,0,0,0
18865,F,1990,0,0,0
18866,M,1987,0,0,0
18867,F,1990,0,0,0
18868,M,2015,0,0,0
18869,M,1982,0,0,0
18870,F,1975,0,1,1
18871,F,1976,0,1,0
18872,M,1930,0,0,1
18873,M,1930,0,1,0
18874,M,2011,0,0,0
18875,M,1942,0,1,0
18876,F,1931,0,0,0
18877,F,2014,0,0,0
18878,M,1965,0,1,0
18879,M,1981,0,0,0
18880,M,1933,0,0,0
18881,M,1936,1,0,1
18882,F,1930,1,1,1
18883,M,1964,1,0,0
18884,F,1970,0,1,0
18885,F,1998,0,0,0
18886,M,1993,0,0,0
18887,M,1968,0,0,1
18888,F,1994,0,0,1
18889,M,1981,0,0,1
18890,M,2009,0,0,0
18891,M,1980,0,0,0
18892,F,2013,0,0,0
18893,M,1953,0,0,1
18894,M,1978,0,0,1
18895,M,1995,0,0,1
18896,F,1986,0,0,0
18897,F,1994,0,1,0
18898,F,1999,0,0,0
18899,F,1991,0,0,0
18900,F,1991,0,0,0
18901,M,1988,0,0,0
18902,F,2016,0,0,0
18903,M,1950,0,0,1
18904,M,1949,0,0,0
18905,M,1983,0,0,0
18906,M,1930,0,0,0
18907,M,1990,0,1,1
18908,M,1980,0,0,1
18909,M,1970,1,1,0
18910,M,1981,0,1,0
18911,M,1995,1,0,0
18912,F,1982,0,0,1
18913,M,2006,0,0,0
18914,M,1999,0,0,0
18915,M,1957,0,0,0
18916,M,1930,0,0,1
18917,M,1996,0,0,0
18918,F,1987,0,0,0
18919,M,1988,0,0,1
18920,F,1977,0,0,0
18921,M,1953,0,0,1
18922,M,1979,0,0,0
18923,M,2006,0,0,0
18924,F,1994,0,0,0
18925,M,1973,0,0,0
18926,M,1990,0,0,1
18927,M,1989,1,0,0
18928,M,1989,0,0,0
18929,M,1984,0,1,0
18930,M,2000,0,0,0
18931,F,1958,0,0,0
18932,F,2006,0,1,0
18933,M,1974,0,0,0
18934,M,1993,0,0,0
18935,F,1981,0,0,1
18936,F,1943,1,0,1
18937,M,1944,1,1,0
18938,F,1954,1,0,0
18939,F,1936,0,0,0
18940,F,1930,0,0,1
18941,F,1958,1,0,0
18942,M,1970,0,1,1
18943,F,2000,0,0,1
18944,F,1965,0,0,0
18945,M,1980,0,0,0
18946,M,1930,0,0,0
18947,F,1961,0,0,1
18948,M,2003,0,0,0
18949,M,1975,0,1,0
18950,F,1957,0,0,1
18951,M,1980,1,0,0
18952,M,1930,0,0,1
18953,M,1962,0,0,0
18954,M,1999,0,0,0
18955,M,2000,1,0,0
18956,F,1997,1,1,0
18957,F,1992,0,0,0
18958,F,1981,0,0,0
18959,F,1973,0,0,1
18960,F,1943,0,0,1
18961,F,1958,0,0,0
18962,F,1989,1,0,1
18963,M,1989,0,0,0
18964,F,1959,0,0,1
18965,F,1992,0,0,0
18966,M,1968,1,0,0
18967,M,2007,0,0,0
18968,F,1972,0,0,0
18969,F,1975,0,0,0
18970,M,1992,0,0,0
18971,F,2004,0,1,0
18972,F,2006,1,0,0
18973,F,1977,0,0,0
18974,F,1973,0,1,0
18975,M,2012,0,0,0
18976,F,2012,0,0,1
18977,M,2002,0,1,0
18978,F,2000,0,0,0
18979,M,1996,0,0,0
18980,M,1977,0,1,0
18981,M,1954,0,1,0
18982,F,1953,0,0,0
18983,F,1965,0,0,1
18984,F,1955,0,1,1
18985,M,1999,0,0,0
18986,F,1966,0,1,1
18987,F,1962,0,1,0
18988,F,2009,0,0,0
18989,F,1943,0,0,0
18990,M,1960,0,0,1
18991,M,1994,0,0,0
18992,F,2011,0,0,0
18993,F,1978,0,0,0
18994,M,1989,0,0,0
18995,M,2005,1,0,1
18996,F,1982,0,0,1
18997,M,1992,1,0,1
18998,M,1960,0,0,0
18999,M,2013,0,0,0
19000,M,1956,0,0,1
19001,F,1984,1,0,0
19002,M,1965,1,0,0
19003,F,1939,0,0,0
19004,M,1972,0,1,0
19005,F,1957,0,1,1
19006,F,2008,1,0,0
19007,F,2006,1,0,0
19008,M,1989,0,0,0
19009,M,1995,1,0,0
19010,F,1970,0,0,0
19011,F,1970,1,0,1
19012,F,1949,0,0,1
19013,M,1984,0,0,0
19014,F,2008,0,0,0
19015,F,1948,0,0,0
19016,F,1950,1,0,1
19017,M,1989,0,0,0
19018,F,1949,0,1,0
19019,M,2009,0,0,0
19020,M,1988,0,0,0
19021,F,2002,1,0,0
19022,M,1958,0,0,1
19023,F,1995,0,0,0
19024,M,1954,1,0,1
19025,F,2004,0,1,0
19026,M,1930,0,0,1
19027,F,1989,0,1,0
19028,F,1991,0,0,0
19029,M,1960,0,0,1
19030,M,1973,0,0,1
19031,F,1989,0,0,0
19032,M,1992,0,0,1
19033,M,1931,0,1,0
19034,M,1985,0,0,0
19035,F,1984,0,1,1
19036,M,2003,1,0,0
19037,F,1941,0,1,1
19038,F,2000,0,1,1
19039,F,2001,0,0,0
19040,F,1956,0,0,0
19041,F,2020,0,0,0
19042,M,1978,0,1,0
19043,F,1992,0,0,0
19044,F,1987,0,0,0
19045,M,1999,0,0,0
19046,F,1995,1,0,0
19047,F,2012,0,0,0
19048,M,1960,0,0,0
19049,M,1989,1,0,0
19050,F,1953,0,0,0
19051,F,1930,0,0,1
19052,M,2003,0,0,0
19053,F,1967,1,1,1
19054,F,2001,0,0,0
19055,M,1997,1,0,0
19056,F,1985,0,0,0
19057,M,1930,0,0,1
19058,M,1991,0,0,0
19059,F,1986,0,0,1
19060,M,1978,0,0,1
19061,F,1986,0,0,0
19062,F,2003,0,0,0
19063,M,1950,1,1,0
19064,F,1993,0,0,0
19065,M,2008,0,0,0
19066,F,1976,0,0,0
19067,M,1948,1,0,1
19068,F,1999,0,1,0
19069,M,1989,1,0,0
19070,M,1984,0,0,0
19071,M,1994,0,0,1
19072,M,1983,0,0,0
19073,M,1933,0,1,0
19074,M,1983,0,0,0
19075,M,1970,1,0,1
19076,F,1991,0,0,1
19077,M,1977,1,0,1
19078,F,1973,0,1,0
19079,F,1962,0,0,0
19080,F,1993,0,1,0
19081,M,1988,0,0,0
19082,M,1959,0,0,0
19083,M,1992,0,0,0
19084,F,2003,0,0,0
19085,M,1994,0,0,0
19086,M,1960,1,0,0
19087,F,1955,0,0,0
19088,M,1966,0,1,1
19089,M,1949,1,0,0
19090,F,1936,0,0,1
19091,M,1930,0,0,1
19092,F,1964,1,0,0
19093,M,1986,1,0,1
19094,F,2007,0,0,0
19095,M,2004,0,0,0
19096,F,1998,0,0,0
19097,M,1954,1,0,1
19098,M,1997,0,1,0
19099,M,1997,0,0,0
19100,M,1996,0,1,0
19101,F,1984,0,0,1
19102,F,1976,1,0,1
19103,M,1976,0,0,1
19104,F,1995,0,0,1
19105,M,1956,1,0,0
19106,M,1985,0,0,1
19107,F,1961,0,1,1
19108,M,1982,0,0,0
19109,F,1996,0,0,0
19110,F,1991,0,0,0
19111,F,1999,0,0,0
19112,M,2008,0,0,0
19113,M,1979,0,0,0
19114,M,2001,0,0,0
19115,M,2006,0,0,0
19116,M,1963,0,1,0
19117,F,1947,1,0,0
19118,M,1997,0,0,1
19119,F,1930,0,0,0
19120,M,1964,0,0,1
19121,M,1980,1,0,0
19122,F,2012,0,0,0
19123,M,1971,1,0,0
19124,F,2003,0,0,0
19125,M,2001,0,0,0
19126,F,1968,0,0,0
19127,M,1930,0,1,1
19128,F,1979,0,0,1
19129,F,1956,0,0,0
19130,M,1930,0,0,1
19131,M,2008,0,0,0
19132,M,1968,0,1,0
19133,F,1945,0,0,1
19134,M,1952,1,0,1
19135,F,1948,0,0,1
19136,F,1993,0,0,1
19137,F,1975,1,0,0
19138,M,1945,0,0,0
19139,F,1969,0,1,0
19140,M,2005,0,0,0
19141,F,2002,0,1,0
19142,F,1951,0,1,1
19143,M,2018,0,0,0
19144,F,1967,0,0,0
19145,F,1961,1,0,1
19146,M,1972,0,0,0
19147,F,1961,0,1,0
19148,M,1961,0,0,1
19149,F,2016,0,0,0
19150,M,2011,0,0,0
19151,F,1997,0,0,0
19152,F,1972,0,0,0
19153,M,1975,0,0,0
19154,M,2002,0,0,0
19155,F,1943,1,1,0
19156,M,1930,0,1,1
19157,F,1961,1,0,1
19158,M,1976,0,0,0
19159,M,1972,0,1,0
19160,M,1996,0,0,0
19161,F,2005,0,0,0
19162,F,1956,0,0,1
19163,F,1961,0,0,0
19164,M,1955,1,0,0
19165,F,1973,1,1,1
19166,M,2006,0,1,0
19167,F,2007,0,0,0
19168,M,2001,0,0,0
19169,M,1937,0,0,1
19170,M,2008,0,0,0
19171,M,1986,0,0,0
19172,F,1994,1,0,1
19173,F,2007,0,0,0
19174,F,1970,0,0,1
19175,F,1935,0,0,1
19176,M,1984,0,0,0
19177,F,2010,0,0,0
19178,M,1989,0,0,0
19179,F,1995,0,0,0
19180,F,1989,0,0,1
19181,M,1987,0,0,0
19182,M,1930,0,0,0
19183,M,1972,0,0,0
19184,F,1972,1,0,1
19185,M,1995,0,0,0
19186,F,1957,0,1,1
19187,M,1952,0,0,1
19188,F,1966,0,1,1
19189,M,1969,0,0,1
19190,M,2007,0,0,0
19191,M,1973,0,0,0
19192,M,1940,0,0,1
19193,M,1971,0,0,0
19194,F,1961,0,1,1
19195,F,1989,0,0,1
19196,M,1996,0,0,0
19197,M,2003,1,0,0
19198,F,1947,0,0,0
19199,M,1985,0,0,0
19200,M,1952,0,1,1
19201,F,1992,0,1,0
19202,M,1949,1,1,1
19203,F,1980,0,0,1
19204,M,1989,1,0,0
19205,F,1989,0,0,0
19206,F,1958,0,0,0
19207,F,1972,0,0,1
19208,F,1958,0,0,1
19209,M,1940,0,0,1
19210,M,1987,1,0,0
19211,M,1965,0,0,0
19212,F,1984,0,1,0
19213,F,1991,0,0,0
19214,F,1971,1,0,1
19215,M,2019,0,0,0
19216,M,2007,1,0,0
19217,M,1954,0,0,1
19218,F,1974,0,0,0
19219,M,1996,0,0,0
19220,M,1974,0,0,0
19221,M,2010,0,0,0
19222,F,2004,0,0,0
19223,F,2003,1,0,0
19224,F,2005,0,0,0
19225,M,1986,1,0,0
19226,M,1974,0,0,0
19227,M,1930,0,1,0
19228,M,1949,0,1,0
19229,M,2013,0,0,0
19230,F,1930,1,0,0
19231,M,1995,0,1,0
19232,F,1968,1,1,1
19233,M,1985,0,0,0
19234,M,1930,0,0,0
19235,F,1952,0,0,1
19236,M,1931,0,0,0
19237,M,1966,0,0,0
19238,F,1992,0,0,0
19239,M,1962,0,0,0
19240,M,1940,1,0,0
19241,M,1998,0,0,0
19242,F,1970,0,0,1
19243,F,1956,1,0,1
19244,F,1993,0,0,0
19245,F,1989,0,0,0
19246,M,1983,0,0,0
19247,M,1970,0,0,0
19248,M,1980,0,1,0
19249,F,1978,0,1,1
19250,F,1930,0,0,1
19251,F,1981,1,0,1
19252,M,1934,0,0,0
19253,M,1930,0,0,1
19254,F,1997,0,0,0
19255,M,1951,0,0,0
19256,M,1990,0,0,1
19257,M,1953,0,1,0
19258,M,1991,0,0,0
19259,M,2014,0,1,0
19260,M,1958,0,1,1
19261,F,1977,0,0,1
19262,F,1938,0,1,1
19263,F,1991,1,0,1
19264,F,1982,0,0,0
19265,M,1992,0,0,0
19266,F,2004,0,0,0
19267,F,1971,0,0,0
19268,F,1981,0,0,1
19269,M,2011,0,1,0
19270,F,1937,0,0,0
19271,M,1978,0,0,0
19272,F,1993,0,0,0
19273,F,1958,0,1,1
19274,M,1947,0,1,1
19275,M,2003,0,0,0
19276,M,2005,0,0,1
19277,F,1989,0,0,1
19278,F,1969,0,0,1
19279,F,1930,1,0,1
19280,M,2018,0,0,0
19281,M,1930,0,0,1
19282,F,1976,1,0,1
19283,M,1940,0,0,0
19284,M,1943,0,0,1
19285,F,1981,0,0,0
19286,F,1989,0,0,0
19287,F,1967,0,0,1
19288,F,1975,0,0,0
19289,F,1994,1,0,1
19290,F,1981,0,0,1
19291,M,1987,1,1,1
19292,F,1979,0,0,0
19293,M,1948,0,1,0
19294,F,1988,1,0,0
19295,F,1972,0,0,1
19296,F,1982,0,0,0
19297,M,1982,1,0,1
19298,M,1985,0,0,0
19299,F,1966,0,0,1
19300,F,2016,0,0,0
19301,M,1965,0,0,0
19302,F,1974,0,0,0
19303,M,1976,1,0,0
19304,M,1961,0,1,1
19305,M,2010,0,0,0
19306,F,1949,0,1,0
19307,M,1986,0,0,1
19308,M,1987,0,0,0
19309,M,1998,0,0,0
19310,M,1996,0,0,1
19311,M,2010,0,0,0
19312,M,1978,1,0,0
19313,F,1992,1,0,0
19314,M,1955,1,0,0
19315,F,1971,0,0,1
19316,M,1975,0,0,0
19317,M,1990,0,0,0
19318,M,1984,1,0,0
19319,M,1931,0,1,0
19320,F,1990,0,0,0
19321,F,2017,0,0,0
19322,F,1985,1,0,0
19323,F,2000,0,0,0
19324,M,1987,0,0,1
19325,F,1979,0,0,0
19326,M,2000,0,0,0
19327,M,2011,0,0,0
19328,F,1985,0,0,0
19329,F,1937,0,0,0
19330,M,1981,0,0,0
19331,M,1973,1,0,0
19332,F,1988,0,0,1
19333,F,1969,0,1,0
19334,M,1960,0,0,0
19335,M,1945,0,0,0
19336,F,1933,0,0,1
19337,M,1972,0,0,1
19338,M,1944,0,0,0
19339,F,1955,1,0,0
19340,F,1968,0,0,0
19341,F,1981,1,0,0
19342,F,2013,0,0,0
19343,M,1930,0,0,1
19344,F,1978,1,1,1
19345,M,1990,0,1,1
19346,F,1990,0,1,1
19347,F,1961,1,0,0
19348,M,2003,1,0,0
19349,F,1937,0,0,0
19350,M,1972,0,0,1
19351,F,1994,0,0,0
19352,M,1965,0,0,0
19353,F,1958,0,0,1
19354,M,1995,0,0,0
19355,M,1966,1,0,0
19356,F,1988,0,0,1
19357,F,1939,1,0,1
19358,F,1988,1,0,0
19359,M,1985,1,1,1
19360,F,2016,0,0,0
19361,F,1949,0,0,0
19362,F,1987,0,1,1
19363,F,1988,0,0,1
19364,F,1943,0,0,1
19365,F,1969,0,0,1
19366,F,1997,0,0,1
19367,M,1973,0,0,1
19368,M,1969,1,1,0
19369,F,1984,0,0,0
19370,F,1930,0,0,0
19371,M,1985,0,0,0
19372,F,1980,0,0,0
19373,M,1979,0,1,0
19374,M,1960,0,0,1
19375,F,1999,0,0,1
19376,M,1956,0,0,0
19377,M,1930,0,0,1
19378,F,2006,0,0,0
19379,F,1997,1,0,0
19380,F,2008,0,0,0
19381,F,2014,0,0,0
19382,F,1998,0,0,0
19383,M,1997,1,0,0
19384,M,1958,1,0,1
19385,F,1944,0,0,0
19386,M,1974,0,1,0
19387,F,1949,0,0,0
19388,F,1961,0,0,0
19389,F,1993,0,0,0
19390,M,1970,0,0,0
19391,M,2000,1,0,0
19392,F,1980,1,0,0
19393,M,1975,0,0,0
19394,M,1965,0,0,0
19395,M,1930,0,0,1
19396,M,2004,0,0,0
19397,F,1981,0,0,1
19398,F,1937,1,1,1
19399,M,1995,0,0,0
19400,M,1999,0,0,0
19401,F,1961,0,0,0
19402,M,1966,0,0,0
19403,F,2008,0,0,0
19404,M,1992,0,0,1
19405,F,2002,0,0,0
19406,M,2002,0,0,1
19407,F,1969,1,0,0
19408,F,1969,0,0,1
19409,M,1981,0,0,1
19410,F,2004,1,0,0
19411,F,2001,0,0,1
19412,F,1971,0,0,0
19413,M,2007,1,0,0
19414,F,2011,0,0,0
19415,M,1991,0,0,0
19416,F,1981,0,0,0
19417,M,2010,0,0,0
19418,M,1970,0,0,0
19419,F,1983,1,0,0
19420,F,2002,0,0,0
19421,F,1979,0,1,0
19422,M,2013,0,0,0
19423,M,1989,1,0,0
19424,M,1988,0,0,0
19425,F,1980,0,0,0
19426,F,1978,1,0,1
19427,F,1960,0,0,0
19428,F,1982,0,0,0
19429,F,2007,0,0,0
19430,M,1999,0,0,0
19431,F,1930,0,1,0
19432,M,2010,0,0,0
19433,M,1930,0,1,1
19434,F,1930,1,0,1
19435,M,2007,0,0,0
19436,F,1954,1,0,1
19437,F,1970,0,0,0
19438,M,1947,0,0,0
19439,F,1999,0,0,1
19440,F,1970,0,0,0
19441,F,1995,0,1,0
19442,F,2002,0,1,1
19443,F,1979,0,1,0
19444,F,1961,0,0,0
19445,M,1964,0,0,0
19446,M,1951,0,0,0
19447,M,1997,0,1,0
19448,F,1930,1,1,1
19449,M,1980,0,0,0
19450,M,2003,0,0,0
19451,F,1954,0,0,0
19452,M,1983,0,1,0
19453,F,1998,1,0,0
19454,M,1993,0,0,0
19455,M,1983,0,0,0
19456,F,2011,0,0,0
19457,F,1933,1,1,1
19458,F,1967,0,0,0
19459,F,1980,0,0,0
19460,M,1988,0,0,0
19461,M,1949,0,0,0
19462,M,1930,0,0,1
19463,F,2004,0,0,0
19464,M,1980,0,0,0
19465,F,1972,0,0,0
19466,F,1950,0,1,0
19467,M,1962,0,0,1
19468,F,1970,0,0,1
19469,F,1982,1,0,1
19470,M,2006,0,1,0
19471,F,1978,0,0,0
19472,F,1987,0,0,0
19473,F,2005,0,0,0
19474,F,1930,0,0,1
19475,M,1980,1,0,0
19476,F,1963,1,0,1
19477,F,1986,0,0,0
19478,M,2001,1,0,0
19479,M,1961,0,1,0
19480,F,1930,1,0,1
19481,M,1950,0,0,0
19482,F,1969,0,0,0
19483,M,1987,0,0,0
19484,F,1975,0,0,1
19485,M,1962,1,0,1
19486,M,1989,0,0,0
19487,M,1962,0,0,1
19488,M,1985,0,0,0
19489,F,2014,0,0,0
19490,F,2000,0,0,0
19491,M,1984,1,0,0
19492,M,1978,0,0,1
19493,F,2018,0,0,0
19494,F,1954,0,0,1
19495,M,1973,1,0,0
19496,F,2009,0,0,0
19497,M,1962,0,0,0
19498,F,1988,0,0,0
19499,M,2006,0,0,0
19500,M,1962,0,1,0
19501,F,1957,0,1,1
19502,M,1977,1,0,0
19503,M,1972,0,0,0
19504,M,1977,0,0,1
19505,M,1963,0,1,0
19506,M,1984,0,1,1
19507,F,2014,0,0,0
19508,M,2000,0,0,0
19509,F,1997,0,0,0
19510,F,1988,0,0,0
19511,M,1985,0,0,0
19512,M,1935,1,0,1
19513,F,1980,1,0,0
19514,M,1972,0,0,1
19515,F,1984,0,0,0
19516,M,1977,0,0,1
19517,M,1972,1,0,1
19518,M,1950,0,0,0
19519,F,1951,0,0,1
19520,F,2006,1,0,0
19521,F,1996,1,0,0
19522,M,1988,0,1,0
19523,F,1954,1,1,1
19524,F,1974,0,1,0
19525,F,1985,1,0,0
19526,M,2003,0,0,0
19527,M,1961,1,0,1
19528,M,1948,1,0,1
19529,M,1999,1,0,0
19530,F,2009,0,0,0
19531,F,1982,0,0,0
19532,F,1982,0,1,0
19533,F,1937,1,0,1
19534,M,1993,0,0,0
19535,M,1996,0,0,0
19536,M,1997,0,0,0
19537,F,2002,0,0,0
19538,F,1985,0,0,0
19539,F,1959,0,0,0
19540,F,1957,0,0,0
19541,M,2002,0,0,0
19542,F,1952,0,0,0
19543,M,1980,0,0,0
19544,M,2012,0,0,0
19545,M,1962,0,0,1
19546,M,1950,0,0,1
19547,M,1992,1,0,0
19548,M,1981,1,0,0
19549,F,1986,0,0,0
19550,M,1978,0,0,1
19551,F,1986,0,0,1
19552,F,1976,1,0,0
19553,M,2015,0,0,1
19554,M,1993,0,0,1
19555,F,1984,1,0,1
19556,F,1966,0,0,0
19557,F,2015,0,0,0
19558,F,1950,0,0,1
19559,M,1980,1,0,0
19560,F,1953,0,0,0
19561,M,1972,1,0,0
19562,F,1941,0,0,1
19563,F,1971,0,0,0
19564,F,2009,0,1,0
19565,F,1965,0,0,0
19566,M,1978,0,0,1
19567,F,1994,0,0,0
19568,F,1977,0,0,0
19569,F,1970,0,1,0
19570,M,1976,0,0,1
19571,M,2006,1,0,0
19572,M,1936,1,0,0
19573,M,1960,0,0,1
19574,F,1982,0,0,0
19575,F,1988,0,0,1
19576,F,1939,1,0,1
19577,F,1976,0,1,1
19578,M,2006,0,0,0
19579,M,1939,0,0,1
19580,M,1991,0,0,0
19581,M,2006,0,0,0
19582,M,1975,1,0,1
19583,F,1995,0,0,0
19584,F,1984,1,0,0
19585,F,1971,0,1,1
19586,M,2019,0,0,0
19587,M,1979,0,0,0
19588,M,1948,1,0,1
19589,M,2005,1,0,0
19590,F,2016,0,0,1
19591,F,1959,0,0,0
19592,F,1980,0,0,0
19593,M,1968,0,0,0
19594,M,1991,0,0,0
19595,M,1976,0,0,1
19596,M,1939,1,0,0
19597,M,1967,0,0,0
19598,F,2003,0,0,0
19599,F,1952,0,0,0
19600,M,1983,1,0,0
19601,F,2014,0,0,1
19602,M,1998,0,0,0
19603,M,2001,1,1,0
19604,M,1984,0,0,0
19605,M,1951,1,0,0
19606,M,1961,0,0,1
19607,F,1994,0,0,0
19608,M,1970,0,1,0
19609,F,1992,0,0,0
19610,F,1988,0,0,0
19611,F,1974,0,1,1
19612,M,2005,0,0,1
19613,F,1986,0,0,0
19614,F,1986,0,1,0
19615,M,1996,0,0,0
19616,F,1971,0,0,0
19617,F,1970,0,0,1
19618,M,2000,0,0,0
19619,M,2005,1,0,0
19620,F,1983,0,0,0
19621,M,1999,1,0,0
19622,M,1990,0,0,0
19623,F,2020,0,0,0
19624,F,1986,0,0,0
19625,M,1989,1,0,0
19626,M,2004,0,0,1
19627,M,1962,1,0,0
19628,M,1990,0,1,1
19629,F,1980,0,0,1
19630,F,1964,0,0,1
19631,M,1969,0,0,0
19632,F,2007,0,0,0
19633,F,1979,0,0,1
19634,F,1997,0,0,0
19635,M,1954,1,0,0
19636,M,1930,0,0,1
19637,M,1949,1,0,1
19638,M,1963,0,0,0
19639,F,1984,0,0,0
19640,F,1960,0,1,0
19641,M,2011,0,0,1
19642,M,1995,0,0,0
19643,F,1970,1,0,1
19644,M,1987,0,0,0
19645,F,2002,0,0,0
19646,M,1971,0,0,1
19647,M,1941,0,0,0
19648,M,1945,0,0,0
19649,M,1995,1,0,0
19650,F,1934,0,0,0
19651,M,1992,0,0,0
19652,M,1979,0,0,0
19653,M,1955,1,0,0
19654,M,2015,0,0,0
19655,M,1980,0,0,0
19656,F,1999,0,0,0
19657,F,1989,0,0,0
19658,F,1955,0,1,0
19659,F,1992,0,0,0
19660,F,1984,0,0,0
19661,F,1983,0,1,0
19662,M,1965,0,0,1
19663,F,1958,0,1,0
19664,M,1975,0,0,1
19665,F,1990,0,0,0
19666,F,1977,0,0,1
19667,M,1991,0,0,0
19668,F,1930,0,1,1
19669,M,1984,0,0,1
19670,F,1950,1,0,0
19671,F,1950,0,0,1
19672,M,1975,0,1,0
19673,M,1972,0,0,0
19674,M,1972,0,0,0
19675,M,1966,0,0,1
19676,F,2003,0,0,0
19677,F,1930,0,1,1
19678,M,1978,0,0,0
19679,M,1942,0,0,0
19680,M,1977,0,0,0
19681,F,1976,0,0,0
19682,F,1994,0,0,0
19683,F,1991,0,0,0
19684,F,2012,0,0,1
19685,F,1930,0,0,1
19686,F,1949,0,1,1
19687,F,1994,1,0,0
19688,M,1980,0,0,0
19689,F,1966,0,0,0
19690,M,2002,0,0,0
19691,M,1996,0,0,0
19692,F,1983,1,0,0
19693,F,1939,0,1,0
19694,M,1994,0,0,0
19695,M,1965,0,0,0
19696,F,1930,0,0,1
19697,M,1948,0,0,1
19698,M,2003,0,0,0
19699,M,1991,0,0,0
19700,M,1983,0,0,0
19701,M,1997,0,0,0
19702,M,2012,0,0,0
19703,F,1954,0,0,1
19704,F,2005,1,0,0
19705,F,1994,0,0,0
19706,F,1972,1,0,1
19707,M,1981,0,0,1
19708,F,1997,0,0,0
19709,M,1934,1,0,1
19710,F,2001,1,0,0
19711,M,1959,0,1,1
19712,M,1967,1,1,0
19713,F,1966,0,0,1
19714,M,2008,1,0,0
19715,F,1982,0,0,0
19716,M,1975,0,0,0
19717,F,1971,0,1,1
19718,F,1985,0,0,0
19719,F,1965,0,0,0
19720,F,1984,0,0,1
19721,F,1998,0,1,0
19722,M,1997,0,0,0
19723,M,1970,0,1,1
19724,M,1996,0,0,0
19725,M,1963,0,0,0
19726,M,1996,0,0,1
19727,M,2002,0,1,0
19728,M,1930,0,0,0
19729,F,1943,0,0,0
19730,F,1978,0,0,0
19731,M,1991,0,0,0
19732,M,1962,0,0,1
19733,F,1930,1,1,1
19734,M,1989,0,0,0
19735,M,1930,0,1,0
19736,M,1991,0,0,0
19737,F,2006,0,0,0
19738,F,1980,0,0,0
19739,M,2009,0,0,0
19740,M,1964,0,0,0
19741,F,2003,0,0,1
19742,M,1968,0,0,1
19743,M,1957,1,0,1
19744,M,1930,1,1,0
19745,M,2006,0,0,0
19746,M,1994,0,0,0
19747,M,1988,0,0,1
19748,M,1967,0,0,0
19749,F,1984,0,0,0
19750,F,2000,0,0,0
19751,M,1992,0,0,0
19752,M,1975,0,1,1
19753,M,1989,0,0,0
19754,M,1933,0,0,0
19755,F,1971,0,0,0
19756,F,2000,0,0,0
19757,F,1982,0,0,0
19758,M,1965,0,0,1
19759,F,1974,0,0,1
19760,F,1991,0,0,1
19761,M,1985,0,0,0
19762,M,1982,0,0,1
19763,F,1953,0,1,1
19764,F,1964,1,1,1
19765,F,2007,0,0,0
19766,F,1936,0,1,0
19767,M,1930,0,1,0
19768,F,1989,0,0,0
19769,M,1968,0,0,0
19770,F,1930,0,0,0
19771,F,1980,0,0,0
19772,F,1975,0,0,0
19773,M,1962,0,0,1
19774,M,1941,0,0,0
19775,M,2010,0,0,0
19776,F,1981,0,0,0
19777,F,1942,0,1,1
19778,M,1961,1,0,1
19779,F,1971,0,0,0
19780,M,1975,0,1,0
19781,M,1944,0,0,1
19782,F,1964,0,0,0
19783,M,1930,1,0,1
19784,F,1984,0,1,0
19785,M,2014,0,0,0
19786,F,1949,0,0,0
19787,M,1986,0,0,0
19788,M,1979,0,0,0
19789,F,1974,0,0,1
19790,M,1991,0,0,0
19791,F,2004,0,0,0
19792,F,1951,1,0,1
19793,F,2019,0,0,0
19794,M,1930,0,0,0
19795,F,1978,0,0,0
19796,F,2014,0,0,0
19797,F,1946,0,1,0
19798,M,2010,0,0,0
19799,M,1992,0,0,0
19800,M,1930,0,1,1
19801,F,1967,0,0,1
19802,M,1971,0,1,0
19803,M,1967,0,0,0
19804,F,1998,0,0,0
19805,M,2015,0,0,0
19806,F,1966,1,0,0
19807,M,1970,0,1,0
19808,M,1983,0,0,1
19809,M,1935,0,0,0
19810,F,1957,1,0,0
19811,M,2002,0,0,0
19812,M,1988,0,0,0
19813,M,1992,0,0,0
19814,M,1997,0,1,0
19815,F,1941,0,1,0
19816,F,1988,0,1,0
19817,F,1956,0,0,1
19818,F,1965,0,0,1
19819,F,2002,1,0,1
19820,M,1941,0,1,1
19821,F,1980,1,0,1
19822,F,1988,0,0,0
19823,M,2006,1,0,0
19824,M,1996,0,0,0
19825,F,2000,0,0,0
19826,F,2009,0,0,0
19827,F,1967,0,0,1
19828,F,1999,0,0,0
19829,M,1977,0,0,0
19830,F,1945,0,0,0
19831,M,1960,0,0,0
19832,F,1973,1,0,0
19833,M,2013,0,0,0
19834,F,2009,0,0,1
19835,F,1993,0,0,0
19836,M,1971,0,0,1
19837,F,2000,0,0,0
19838,M,2000,0,0,1
19839,F,1947,0,0,0
19840,F,1985,0,0,0
19841,F,2008,0,0,0
19842,M,1970,0,0,0
19843,F,2004,1,0,0
19844,F,1971,0,1,0
19845,F,1989,0,0,0
19846,F,1979,0,0,1
19847,F,2000,0,0,0
19848,F,1990,0,0,0
19849,M,1993,0,0,1
19850,F,1999,0,0,0
19851,F,1989,0,0,0
19852,F,2013,0,0,0
19853,F,1962,0,0,1
19854,F,1964,0,0,0
19855,M,1988,0,0,1
19856,F,1988,0,0,0
19857,F,1990,0,0,1
19858,F,1962,0,1,0
19859,M,1994,0,0,0
19860,M,1955,0,0,1
19861,F,2005,0,0,0
19862,M,1954,0,0,1
19863,M,2015,0,0,0
19864,F,1991,0,0,0
19865,F,1961,0,0,1
19866,F,1956,0,0,0
19867,M,2005,0,0,0
19868,F,1969,0,0,0
19869,M,1972,0,0,0
19870,M,1967,0,0,1
19871,M,1930,0,1,0
19872,M,1930,0,0,1
19873,F,1945,1,0,0
19874,F,1999,0,0,0
19875,F,1992,0,0,0
19876,F,1978,0,0,0
19877,M,1991,0,0,0
19878,M,1999,0,0,1
19879,M,1956,0,0,0
19880,F,2005,0,0,0
19881,F,2015,0,0,0
19882,F,1964,1,0,1
19883,F,1965,0,0,0
19884,F,2008,0,0,0
19885,F,2009,1,0,0
19886,M,1984,0,0,0
19887,F,1976,0,0,1
19888,M,1990,0,1,0
19889,M,1994,0,0,0
19890,F,1985,0,0,0
19891,F,1966,0,0,1
19892,F,2008,1,0,0
19893,M,1980,0,1,0
19894,M,1999,0,0,0
19895,F,1930,0,1,0
19896,M,1979,0,1,1
19897,F,1938,1,0,1
19898,M,1968,0,0,1
19899,F,1930,0,0,1
19900,F,1985,0,0,0
19901,M,1982,0,0,0
19902,F,1988,0,0,0
19903,F,1997,0,1,0
19904,M,2007,0,0,0
19905,F,1976,0,1,1
19906,M,1957,1,1,0
19907,M,1986,1,0,1
19908,F,1993,0,1,1
19909,F,1939,1,0,0
19910,M,2003,0,0,1
19911,M,1983,0,0,0
19912,F,1963,0,0,0
19913,M,2000,1,0,0
19914,M,1982,0,0,0
19915,F,1956,0,1,0
19916,M,2000,0,0,0
19917,M,1967,0,0,0
19918,F,2010,0,0,1
19919,F,1986,0,0,0
19920,F,1950,0,0,0
19921,F,1966,0,0,0
19922,F,1947,0,0,0
19923,M,2017,0,1,0
19924,F,1985,1,0,0
19925,M,1998,1,0,1
19926,F,1984,0,0,0
19927,M,1954,0,0,0
19928,M,1933,0,0,0
19929,M,1930,0,0,0
19930,F,1993,1,0,0
19931,F,2012,0,0,0
19932,M,2014,0,0,1
19933,F,2006,0,0,0
19934,M,1958,1,0,1
19935,F,1971,0,0,0
19936,F,1933,1,1,0
19937,F,1969,0,1,1
19938,F,1985,0,0,0
19939,F,1993,0,0,0
19940,M,1940,0,0,1
19941,M,2017,0,0,0
19942,M,2005,0,0,0
19943,F,1965,0,0,0
19944,F,1991,0,0,0
19945,M,1959,0,0,0
19946,M,1963,0,0,1
19947,M,1966,0,0,1
19948,M,1968,0,0,0
19949,M,1956,0,0,1
19950,M,1956,0,0,1
19951,F,1982,0,0,0
19952,M,1988,0,0,1
19953,F,1973,0,1,0
19954,M,1946,0,0,1
19955,M,1998,0,0,0
19956,F,1986,0,0,1
19957,F,1993,0,0,1
19958,M,2001,0,0,0
19959,M,1992,0,0,0
19960,M,2006,0,0,0
19961,M,2008,0,0,1
19962,F,1930,0,1,1
19963,M,2003,0,1,0
19964,M,1966,0,0,0
19965,M,1930,0,0,0
19966,M,1949,0,0,0
19967,F,1968,0,0,0
19968,M,1962,0,0,0
19969,M,1993,0,0,1
19970,F,1948,1,0,0
19971,M,1930,1,0,0
19972,M,1990,0,0,0
19973,M,2008,1,0,0
19974,F,1957,0,0,1
19975,M,1930,1,0,1
19976,M,2001,1,0,1
19977,F,2017,0,0,0
19978,M,1986,0,0,0
19979,F,1994,0,0,0
19980,M,1977,0,0,0
19981,F,1997,0,0,1
19982,M,1987,1,0,0
19983,M,2002,0,0,0
19984,F,2014,0,0,0
19985,M,1984,0,0,0
19986,M,1964,0,0,0
19987,M,2006,0,0,0
19988,M,1930,0,0,1
19989,M,1970,1,0,0
19990,M,1993,0,1,0
19991,M,1942,0,0,1
19992,F,1956,0,0,1
19993,F,1966,0,0,0
19994,F,1978,0,0,1
19995,F,1993,0,0,0
19996,F,1973,0,0,0
19997,M,1978,1,0,1
19998,F,1944,0,0,0
19999,M,1968,0,1,0
20000,F,1989,0,1,0
20001,M,1989,1,1,0
20002,M,1998,0,0,0
20003,M,1977,0,1,0
20004,F,1992,1,0,1
20005,F,2004,0,0,0
20006,F,1959,0,1,0
20007,F,1993,0,0,0
20008,F,1988,0,0,0
20009,M,1935,1,1,0
20010,M,1954,1,0,1
20011,F,1969,0,0,0
20012,F,1977,0,0,0
20013,M,1930,0,1,1
20014,F,1987,0,0,1
20015,M,1997,1,0,0
20016,F,1944,0,0,0
20017,M,1968,0,0,1
20018,F,2001,0,0,0
20019,F,1968,0,0,0
20020,M,2008,0,0,0
20021,F,1953,1,0,1
20022,F,1976,1,0,0
20023,M,1972,1,0,0
20024,F,1970,0,1,0
20025,F,1969,1,0,0
20026,F,1983,0,0,0
20027,F,1981,0,0,0
20028,M,1992,0,0,0
20029,M,1977,0,1,1
20030,M,1983,0,0,1
20031,M,1979,1,1,0
20032,M,2006,0,0,0
20033,F,1995,0,0,1
20034,M,2015,0,0,0
20035,M,1986,0,0,0
20036,M,2002,0,0,0
20037,M,2011,0,0,0
20038,F,1977,1,0,0
20039,F,2001,0,0,0
20040,M,1995,0,0,0
20041,M,1973,0,0,0
20042,F,1960,0,1,0
20043,M,1991,0,1,0
20044,F,1953,0,0,1
20045,F,1943,0,0,1
20046,M,1984,0,1,1
20047,M,1984,0,0,0
20048,F,1996,1,0,0
20049,M,1979,0,1,0
20050,F,1960,1,1,1
20051,M,1946,0,0,0
20052,F,2001,0,0,0
20053,M,1983,0,0,1
20054,M,1966,0,0,0
20055,F,2011,0,0,0
20056,M,2020,0,0,0
20057,M,1984,0,0,0
20058,M,2000,0,0,0
20059,F,2002,1,0,0
20060,M,1999,1,0,1
20061,M,1999,0,0,0
20062,F,1973,0,0,0
20063,M,2015,0,0,0
20064,M,1975,0,1,1
20065,M,1990,0,0,1
20066,M,2007,0,0,1
20067,M,1968,0,0,0
20068,F,1974,0,1,1
20069,M,1998,0,0,0
20070,F,2014,0,0,1
20071,F,1970,1,1,0
20072,F,1949,0,1,0
20073,M,2014,0,0,0
20074,M,2002,0,1,0
20075,F,2016,0,0,0
20076,M,1963,0,0,0
20077,F,1987,0,0,0
20078,M,1992,0,0,1
20079,F,1965,0,0,1
20080,M,1995,1,0,1
20081,F,1965,0,0,0
20082,F,2005,0,0,0
20083,M,1984,0,1,0
20084,F,1959,1,0,0
20085,F,2009,1,0,0
20086,F,1999,1,0,0
20087,M,1992,0,0,0
20088,F,1930,0,0,0
20089,F,1977,0,0,0
20090,F,2007,0,0,0
20091,M,1930,1,0,1
20092,F,1934,0,0,0
20093,M,1979,0,1,0
20094,F,1930,0,1,1
20095,F,1996,1,0,1
20096,F,1989,0,0,0
20097,F,2002,0,1,0
20098,F,1965,0,0,0
20099,M,1930,1,0,1
20100,M,1955,0,0,0
20101,M,2001,0,0,0
20102,F,1995,0,1,0
20103,F,1959,1,1,0
20104,F,2001,0,0,0
20105,F,1984,0,0,0
20106,M,2010,0,0,0
20107,F,1990,0,0,0
20108,F,1979,1,0,0
20109,F,1978,0,0,0
20110,M,1969,0,0,0
20111,M,1937,1,0,0
20112,F,1952,0,1,0
20113,F,1955,0,0,1
20114,F,1961,0,0,0
20115,F,1977,0,0,0
20116,F,1984,0,0,0
20117,F,1950,0,1,0
20118,F,1959,0,0,0
20119,F,1997,1,1,0
20120,M,1966,0,1,0
20121,M,1977,0,0,0
20122,F,1971,0,1,0
20123,F,1945,0,0,1
20124,M,1996,0,0,0
20125,F,1998,0,0,1
20126,M,1974,0,0,1
20127,M,1994,0,0,0
20128,M,2008,0,0,0
20129,F,2003,1,0,0
20130,M,1930,0,0,1
20131,F,1979,0,0,0
20132,F,1966,0,0,0
20133,M,1986,0,0,1
20134,M,1949,0,0,1
20135,M,2015,0,0,1
20136,F,1930,1,0,0
20137,M,1979,0,0,1
20138,M,1995,0,0,1
20139,M,1937,0,1,0
20140,F,1968,0,0,1
20141,M,1983,1,0,0
20142,M,2007,0,0,0
20143,M,1982,1,0,0
20144,F,1976,1,1,0
20145,M,1973,0,0,0
20146,M,1997,0,0,0
20147,F,1996,1,0,0
20148,F,2003,0,0,0
20149,M,1995,0,1,0
20150,F,1962,0,0,0
20151,F,1930,1,1,1
20152,M,1987,1,0,1
20153,F,1972,0,0,1
20154,M,2004,0,0,1
20155,F,2004,1,0,0
20156,F,1951,0,0,1
20157,M,2016,0,0,0
20158,F,1967,1,0,0
20159,F,1966,1,1,0
20160,M,1950,1,0,1
20161,F,1971,0,0,0
20162,F,2007,0,0,0
20163,F,1941,1,1,0
20164,M,1992,0,0,1
20165,M,1944,0,0,0
20166,F,1953,0,0,0
20167,F,1972,1,0,0
20168,F,1953,0,0,0
20169,M,1935,0,1,1
20170,M,1967,0,0,1
20171,F,1957,0,1,1
20172,F,1999,0,0,0
20173,F,1960,0,0,0
20174,M,1999,0,0,0
20175,M,1975,0,0,0
20176,F,1994,1,0,0
20177,F,1990,1,0,0
20178,F,1930,0,0,0
20179,M,1980,0,0,0
20180,F,1975,0,1,1
20181,M,1958,0,0,1
20182,F,1977,0,0,0
20183,F,1961,0,1,1
20184,M,1957,0,0,0
20185,F,1992,0,1,0
20186,F,2002,1,0,1
20187,M,1977,1,0,1
20188,M,1990,0,0,1
20189,M,1954,0,1,0
20190,M,1989,0,0,0
20191,M,1936,1,1,1
20192,F,1934,1,1,1
20193,F,1940,1,0,1
20194,M,1963,1,1,1
20195,F,1994,0,0,0
20196,M,1987,0,0,0
20197,M,1964,0,0,0
20198,F,1983,1,0,1
20199,F,1984,0,0,0
20200,M,1938,0,0,0
20201,F,2005,1,0,0
20202,M,1962,0,0,0
20203,F,1966,0,0,0
20204,F,1975,0,0,0
20205,F,2000,1,0,0
20206,F,1987,0,0,1
20207,F,1976,1,0,0
20208,M,2002,0,0,1
20209,M,1946,0,0,1
20210,F,1979,0,0,0
20211,F,1981,0,0,0
20212,F,1960,0,0,1
20213,M,1930,0,0,1
20214,F,1987,0,1,0
20215,M,2003,0,0,0
20216,M,1930,0,0,0
20217,M,1973,0,0,0
20218,M,1930,0,1,1
20219,M,1935,0,0,1
20220,M,1996,0,0,0
20221,F,1983,1,0,1
20222,M,2016,0,0,0
20223,M,1994,0,0,0
20224,F,2005,0,0,1
20225,F,1992,0,1,1
20226,M,2009,0,0,0
20227,M,1997,0,0,0
20228,F,1993,0,0,0
20229,F,1981,0,0,0
20230,M,2007,0,0,0
20231,M,2010,0,0,0
20232,F,1944,0,0,0
20233,F,1994,0,0,0
20234,M,1971,0,0,1
20235,F,1994,1,1,0
20236,F,1979,0,0,0
20237,F,1982,0,0,0
20238,M,1943,0,1,1
20239,M,1985,0,0,0
20240,M,1984,0,0,0
20241,M,2001,0,0,1
20242,F,2010,0,0,0
20243,F,1973,0,0,0
20244,F,1973,0,0,0
20245,M,1976,0,0,0
20246,F,1953,0,0,0
20247,M,1981,0,0,0
20248,F,1989,0,0,1
20249,M,1976,0,0,0
20250,F,1985,0,0,1
20251,M,2006,1,0,1
20252,M,1949,0,0,1
20253,M,1994,1,0,0
20254,F,1983,0,1,0
20255,F,1993,0,0,0
20256,F,1943,0,0,1
20257,F,1992,0,0,0
20258,F,1936,0,1,0
20259,F,1996,0,0,0
20260,F,1962,1,0,0
20261,M,1984,0,0,0
20262,M,2008,0,0,0
20263,M,1938,0,0,1
20264,M,1997,0,0,0
20265,M,1989,0,0,0
20266,F,1974,0,0,0
20267,M,2003,0,0,0
20268,M,1995,0,0,0
20269,F,1986,0,0,0
20270,F,2009,0,0,0
20271,M,1976,0,0,0
20272,F,2004,0,1,0
20273,F,1963,0,0,0
20274,F,1949,0,0,0
20275,M,1961,0,0,0
20276,F,1956,0,1,0
20277,F,1987,0,1,0
20278,M,2005,1,0,0
20279,M,1950,0,0,1
20280,F,1994,0,1,0
20281,M,1982,0,0,0
20282,F,1999,0,0,0
20283,F,2001,0,0,0
20284,F,1974,0,0,0
20285,F,1979,0,0,1
20286,M,2008,0,0,0
20287,F,1994,0,0,0
20288,F,1930,0,0,1
20289,M,1966,0,1,1
20290,F,1995,0,0,0
20291,M,1989,0,0,1
20292,F,1980,0,0,1
20293,M,1989,0,0,0
20294,F,1941,0,0,0
20295,F,1968,0,1,0
20296,M,1961,0,0,1
20297,M,1957,0,0,0
20298,F,1968,0,0,0
20299,M,1964,0,1,0
20300,M,1943,0,0,1
20301,F,1963,0,0,1
20302,M,2002,1,0,0
20303,M,1930,0,0,1
20304,M,2011,0,0,0
20305,F,1970,1,0,1
20306,F,1978,0,0,0
20307,F,1991,0,0,1
20308,F,1957,0,0,0
20309,F,1984,0,0,0
20310,M,1968,0,0,0
20311,F,2004,0,0,0
20312,F,1951,0,0,0
20313,M,1954,0,0,0
20314,F,1981,0,0,0
20315,F,1999,0,0,0
20316,M,1948,0,0,1
20317,M,2010,0,0,0
20318,M,1979,0,0,0
20319,M,1987,0,1,0
20320,M,1970,0,1,1
20321,F,1988,0,0,0
20322,F,1956,0,0,1
20323,F,2002,0,0,0
20324,M,1948,0,0,1
20325,F,1984,0,0,0
20326,M,1992,1,0,0
20327,M,1971,1,0,1
20328,F,1958,0,0,1
20329,F,1986,1,0,0
20330,F,1984,0,0,1
20331,M,1997,0,0,0
20332,F,2011,0,0,0
20333,F,1993,0,0,1
20334,F,1980,0,1,0
20335,F,1989,1,0,0
20336,F,1989,1,0,1
20337,F,2003,0,0,1
20338,M,2000,1,0,1
20339,F,2003,0,0,0
20340,F,1980,1,1,1
20341,F,1970,0,1,0
20342,M,1979,0,0,1
20343,F,1968,0,0,0
20344,F,2001,0,0,1
20345,M,1982,0,0,1
20346,M,1992,0,0,0
20347,F,1985,0,0,0
20348,M,2008,0,0,0
20349,F,2003,0,0,0
20350,M,1980,0,1,1
20351,F,1997,0,0,1
20352,M,1996,0,0,0
20353,M,1987,0,0,1
20354,M,1969,0,1,0
20355,F,1959,0,0,0
20356,F,2010,0,0,0
20357,M,1992,0,0,0
20358,F,1977,0,0,0
20359,M,1971,1,0,0
20360,M,1962,1,0,1
20361,F,1974,0,0,0
20362,M,1995,0,0,0
20363,F,1978,0,0,0
20364,M,1981,0,1,0
20365,M,2004,0,0,1
20366,M,1997,0,0,1
20367,F,1975,1,0,0
20368,M,1962,0,0,0
20369,F,1993,0,0,1
20370,F,1930,0,0,1
20371,M,2017,0,0,0
20372,F,1983,0,0,0
20373,F,1980,0,0,0
20374,M,1955,0,1,0
20375,M,1996,0,0,0
20376,F,1993,0,0,1
20377,F,1993,1,0,0
20378,M,1957,0,1,0
20379,M,1951,0,0,1
20380,F,1990,0,0,1
20381,F,1999,0,0,0
20382,M,1999,0,0,1
20383,M,2006,0,0,0
20384,F,1947,0,1,1
20385,F,1982,0,0,1
20386,M,1959,0,0,1
20387,F,1988,0,0,0
20388,M,1930,1,0,1
20389,F,1964,0,1,1
20390,M,1975,0,0,1
20391,F,1970,1,0,1
20392,M,2000,0,0,1
20393,F,1992,0,0,0
20394,F,1959,0,0,0
20395,F,1982,1,0,0
20396,F,1968,0,0,1
20397,M,1988,0,1,0
20398,M,1985,1,1,1
20399,M,1950,0,0,1
20400,M,1978,0,0,0
20401,F,1977,0,0,0
20402,F,1984,1,0,0
20403,M,1991,0,1,0
20404,M,1987,0,0,0
20405,F,1982,0,1,0
20406,M,1948,0,0,1
20407,M,1981,0,0,1
20408,F,1955,1,0,0
20409,F,1999,0,0,0
20410,F,1971,0,1,1
20411,F,2011,0,0,0
20412,M,1996,0,0,0
20413,M,1996,0,0,0
20414,M,1992,0,0,1
20415,F,1955,0,0,0
20416,F,2010,0,0,0
20417,M,1951,0,1,0
20418,F,2011,0,0,1
20419,M,1989,0,1,0
20420,F,1988,0,0,1
20421,F,1939,0,0,0
20422,M,1966,0,1,1
20423,M,1930,0,1,1
20424,M,1930,0,1,1
20425,M,1956,0,0,0
20426,F,1997,1,0,1
20427,F,1973,1,0,0
20428,M,1980,0,0,1
20429,M,1994,0,0,1
20430,F,1958,0,0,1
20431,M,2006,1,1,0
20432,M,1999,0,0,0
20433,F,2010,0,0,0
20434,M,2001,0,1,0
20435,F,1998,1,0,0
20436,F,1986,0,0,0
20437,M,1955,0,0,1
20438,F,1993,0,0,0
20439,M,1954,0,0,0
20440,F,1930,0,0,1
20441,M,1949,1,0,0
20442,M,2000,0,0,0
20443,M,1995,1,0,0
20444,F,1954,0,0,1
20445,F,1996,0,0,0
20446,F,1980,0,0,1
20447,M,1971,1,0,0
20448,F,1964,0,0,1
20449,M,1977,1,1,0
20450,M,2003,0,0,1
20451,F,1990,0,0,0
20452,F,1949,0,0,1
20453,F,1982,0,0,0
20454,M,1930,1,0,1
20455,F,1976,0,0,1
20456,M,1998,0,0,0
20457,M,1968,0,0,0
20458,M,1947,0,0,1
20459,F,1979,0,0,0
20460,F,1979,1,0,0
20461,F,1973,0,0,1
20462,F,1970,1,0,1
20463,M,1995,0,0,1
20464,M,2010,0,0,0
20465,M,1966,1,0,1
20466,M,1982,0,1,0
20467,F,1972,0,0,0
20468,F,1986,0,0,1
20469,M,1972,0,0,1
20470,M,1999,0,0,0
20471,M,1990,0,0,1
20472,F,2000,0,1,1
20473,M,1989,0,0,1
20474,F,2005,0,0,0
20475,M,1963,0,1,0
20476,F,1941,0,0,0
20477,M,2005,0,0,0
20478,M,1982,0,1,1
20479,F,1986,0,0,0
20480,M,1939,1,0,1
20481,M,1980,0,0,1
20482,M,1951,0,0,0
20483,F,1965,0,1,1
20484,F,1975,1,0,0
20485,F,1993,1,0,1
20486,M,1975,0,0,1
20487,F,2000,0,0,0
20488,F,1990,0,0,0
20489,M,2011,0,0,0
20490,F,1945,0,0,1
20491,M,1978,0,0,0
20492,M,1946,0,0,0
20493,M,1979,1,0,0
20494,F,1977,1,1,0
20495,M,1967,0,1,0
20496,F,1983,0,0,0
20497,F,1986,1,0,0
20498,F,1989,0,0,0
20499,M,1999,0,0,1
20500,M,1989,0,0,0
20501,M,1955,0,1,1
20502,M,1991,1,0,0
20503,M,1930,0,1,1
20504,M,2010,0,0,0
20505,M,1953,0,0,1
20506,M,1987,0,0,0
20507,F,1970,1,0,0
20508,M,1998,0,0,0
20509,M,2008,0,0,1
20510,F,1960,0,1,0
20511,M,1946,0,0,0
20512,F,1981,1,0,1
20513,M,1991,1,0,1
20514,F,1983,0,0,1
20515,F,1983,0,0,0
20516,F,1987,0,0,1
20517,F,1979,0,0,1
20518,F,1969,0,1,0
20519,M,1971,0,1,0
20520,F,1994,0,0,1
20521,M,1987,0,0,0
20522,M,2001,1,0,0
20523,M,1972,1,0,1
20524,F,1997,0,0,0
20525,M,2015,0,0,0
20526,F,1992,1,0,0
20527,F,1971,0,0,0
20528,M,1969,0,1,0
20529,M,1954,0,1,1
20530,F,1930,0,1,0
20531,M,1982,1,0,0
20532,M,1986,0,0,0
20533,M,1979,0,1,0
20534,M,1990,0,0,0
20535,M,2003,0,0,0
20536,F,2004,0,1,1
20537,M,1985,0,0,1
20538,F,1943,0,0,1
20539,F,1991,1,0,0
20540,M,1964,0,0,1
20541,M,1950,0,1,0
20542,M,1965,1,0,0
20543,M,1961,0,1,0
20544,F,2003,0,1,0
20545,M,1988,0,0,1
20546,F,2007,1,0,0
20547,F,1994,1,0,0
20548,F,2004,0,0,0
20549,M,1970,1,1,0
20550,M,2004,0,0,0
20551,F,2004,0,0,0
20552,F,1984,0,1,0
20553,F,2011,0,0,0
20554,M,1930,1,0,1
20555,M,1988,0,0,0
20556,F,1951,0,0,0
20557,F,2003,0,0,0
20558,F,1975,0,0,0
20559,F,1969,0,0,1
20560,F,2000,0,0,0
20561,F,1963,0,1,1
20562,M,1995,1,0,0
20563,F,1991,0,0,0
20564,M,2000,0,0,0
20565,M,1961,0,0,1
20566,F,1975,0,0,0
20567,F,1977,0,0,0
20568,F,1978,0,0,1
20569,M,1976,0,1,0
20570,M,1996,1,0,0
20571,F,1965,0,0,0
20572,F,1998,0,0,1
20573,F,1977,1,0,1
20574,F,1985,0,0,1
20575,F,1992,0,0,0
20576,F,1985,0,0,0
20577,F,1977,0,0,0
20578,F,1965,1,0,1
20579,F,1981,1,0,0
20580,M,1958,1,1,1
20581,M,1995,0,0,0
20582,F,1988,0,0,0
20583,F,1970,0,1,1
20584,F,2003,0,0,1
20585,F,1930,0,0,1
20586,F,1962,0,0,0
20587,M,2002,0,0,0
20588,F,1930,0,0,1
20589,M,1994,0,0,0
20590,M,1934,0,1,0
20591,M,1964,1,0,0
20592,F,2005,0,0,1
20593,M,1999,0,0,0
20594,F,2004,0,0,0
20595,M,1988,0,0,0
20596,F,1958,0,0,1
20597,M,1940,1,0,1
20598,M,2001,0,0,0
20599,M,2002,0,0,0
20600,F,1973,0,0,0
20601,F,2005,0,0,1
20602,F,1958,0,1,1
20603,M,1967,0,0,0
20604,M,1981,0,0,1
20605,M,1960,1,0,1
20606,M,1961,0,0,0
20607,M,1999,0,0,0
20608,F,2003,0,0,1
20609,M,1983,0,0,1
20610,F,1959,0,0,0
20611,F,2000,0,0,1
20612,M,2002,0,0,0
20613,M,2001,0,0,0
20614,M,1991,0,0,0
20615,M,2017,0,0,0
20616,M,1998,0,0,1
20617,F,1971,0,0,0
20618,F,1959,0,0,0
20619,F,1930,0,1,0
20620,M,1984,0,0,1
20621,F,1994,0,0,0
20622,M,1930,0,0,0
20623,F,2022,0,0,0
20624,M,1982,0,0,0
20625,M,1981,0,0,0
20626,F,1948,0,1,1
20627,M,2008,0,0,0
20628,M,1980,0,0,1
20629,M,2004,0,0,0
20630,F,2011,0,0,1
20631,F,1999,0,0,0
20632,F,1936,1,0,0
20633,F,2008,0,0,0
20634,M,1991,0,1,0
20635,M,1962,0,1,1
20636,M,1998,0,0,0
20637,M,1930,0,1,1
20638,M,1983,0,0,0
20639,F,2009,0,0,1
20640,M,1999,0,0,0
20641,M,2008,0,0,0
20642,F,1997,0,0,0
20643,F,1988,1,0,0
20644,M,1961,0,1,0
20645,M,1930,0,0,1
20646,M,1988,1,0,1
20647,M,1966,1,0,1
20648,M,1985,0,0,1
20649,F,2000,0,0,0
20650,F,1995,0,0,0
20651,F,1940,1,0,1
20652,F,1992,0,0,1
20653,F,1933,0,0,0
20654,F,1981,1,0,1
20655,M,1979,1,1,0
20656,M,1949,0,0,0
20657,F,1977,1,0,1
20658,F,2018,0,0,0
20659,F,1997,0,0,1
20660,F,1979,0,0,1
20661,M,1976,0,0,0
20662,M,1977,0,0,0
20663,F,1984,0,0,0
20664,F,1980,0,0,1
20665,M,1945,0,0,0
20666,F,1990,0,0,1
20667,M,1984,0,0,1
20668,M,1958,0,0,1
20669,F,1956,0,0,0
20670,F,2003,0,0,1
20671,M,2012,0,0,0
20672,M,1963,0,0,0
20673,F,1972,0,0,1
20674,M,1982,0,0,0
20675,F,1961,0,0,1
20676,M,1987,0,0,0
20677,F,1973,0,1,0
20678,F,1992,0,0,0
20679,F,1997,0,1,1
20680,M,1987,0,0,1
20681,M,2008,0,0,0
20682,M,1998,0,0,0
20683,F,1983,0,1,0
20684,F,1973,0,0,0
20685,M,1950,1,1,0
20686,F,1984,1,0,0
20687,M,1998,0,1,0
20688,F,2004,0,0,0
20689,M,1953,0,0,1
20690,M,1979,0,0,1
20691,F,1985,0,1,1
20692,M,1978,0,0,1
20693,F,1960,0,0,0
20694,M,1939,0,0,1
20695,F,2006,0,0,0
20696,M,1987,0,0,0
20697,F,1963,0,0,0
20698,F,2005,0,1,0
20699,M,1930,0,0,0
20700,M,1987,0,0,0
20701,M,1930,0,0,1
20702,F,2007,1,0,0
20703,F,1954,0,0,0
20704,F,1995,0,1,1
20705,M,1981,0,0,0
20706,F,1966,0,0,1
20707,M,1957,0,0,1
20708,M,1971,0,0,0
20709,F,1983,0,0,0
20710,M,1978,1,0,1
20711,F,1930,1,1,1
20712,F,1951,0,0,0
20713,F,2000,0,1,1
20714,M,1979,0,0,0
20715,M,1970,0,0,0
20716,F,2015,0,0,0
20717,F,1947,0,0,1
20718,M,1999,1,0,0
20719,M,1994,0,1,0
20720,F,2003,1,0,0
20721,M,1954,0,0,0
20722,M,1965,0,1,0
20723,F,1952,0,0,0
20724,F,1935,0,0,1
20725,M,1976,0,0,0
20726,M,1991,1,0,1
20727,M,1975,0,1,1
20728,F,1994,1,0,1
20729,M,1967,0,0,1
20730,F,1945,1,0,1
20731,F,1998,0,0,0
20732,M,1975,0,0,1
20733,F,1983,0,0,0
20734,F,1982,0,0,0
20735,F,1954,0,0,1
20736,F,1969,1,0,0
20737,M,1987,0,0,1
20738,F,1984,1,0,0
20739,M,1979,0,0,0
20740,F,1980,1,0,0
20741,F,1979,1,1,1
20742,M,1960,0,0,1
20743,F,2003,0,0,0
20744,M,1969,0,0,1
20745,F,1966,1,0,0
20746,F,1930,0,0,0
20747,F,1983,0,0,0
20748,F,1969,0,0,1
20749,F,1955,0,1,0
20750,F,1970,0,0,1
20751,F,2012,0,0,0
20752,F,2011,0,0,0
20753,M,1985,0,0,1
20754,F,1980,1,0,0
20755,M,1973,0,1,0
20756,F,2004,0,0,0
20757,M,1965,0,0,1
20758,M,2004,0,0,0
20759,M,1970,0,1,1
20760,F,2000,0,0,0
20761,F,1966,0,0,1
20762,F,1954,0,0,0
20763,M,1996,0,0,0
20764,F,1971,0,0,1
20765,F,1977,0,1,1
20766,M,1997,0,0,1
20767,F,2005,0,0,0
20768,M,1964,1,0,1
20769,M,1930,0,0,1
20770,F,1987,0,0,0
20771,F,2012,0,0,0
20772,M,2015,0,1,0
20773,F,1979,0,0,1
20774,M,2008,0,0,0
20775,F,2010,0,0,0
20776,M,1997,0,1,0
20777,M,1965,0,0,0
20778,F,1967,1,0,1
20779,F,1963,0,0,0
20780,M,1992,0,1,0
20781,F,1991,0,0,0
20782,M,1952,0,0,1
20783,M,1988,1,0,0
20784,F,2005,0,0,0
20785,M,1997,1,0,0
20786,M,1962,0,1,0
20787,M,1971,0,0,1
20788,F,1985,0,0,0
20789,F,2008,0,0,0
20790,M,1971,0,0,0
20791,M,1989,0,0,0
20792,F,2005,0,0,0
20793,M,1963,0,0,0
20794,F,1988,0,0,1
20795,M,1980,0,0,0
20796,M,1947,0,0,1
20797,M,1974,0,1,1
20798,M,1965,0,0,0
20799,F,1981,0,0,0
20800,M,1959,0,0,1
20801,F,2002,0,0,0
20802,M,2008,0,0,0
20803,M,2004,0,0,0
20804,M,1990,0,0,0
20805,F,1965,0,0,1
20806,M,1993,0,0,0
20807,M,1966,0,0,0
20808,F,1979,0,0,1
20809,M,1930,0,1,1
20810,F,1978,0,0,0
20811,F,1995,1,0,0
20812,M,1969,1,0,0
20813,M,1980,0,0,1
20814,F,2002,1,0,0
20815,M,1985,0,0,0
20816,M,1986,0,0,0
20817,M,1985,0,0,1
20818,F,2001,0,0,0
20819,M,1930,0,0,0
20820,F,2007,0,0,0
20821,F,1946,0,0,1
20822,F,1982,0,0,0
20823,M,1999,0,0,1
20824,F,1933,0,0,1
20825,F,2018,0,0,0
20826,F,1999,0,0,0
20827,M,1987,0,0,0
20828,M,1997,0,0,0
20829,F,1984,1,0,1
20830,F,1968,0,1,0
20831,M,2005,0,0,0
20832,F,1977,0,0,0
20833,M,1965,0,0,1
20834,M,2003,0,0,1
20835,M,1979,0,0,0
20836,M,1986,0,1,0
20837,M,2001,0,0,0
20838,M,1999,0,0,0
20839,F,1999,0,0,0
20840,F,1992,0,0,0
20841,M,1992,1,0,0
20842,F,1944,0,0,1
20843,F,1975,0,0,0
20844,F,1974,1,0,1
20845,F,1980,0,0,0
20846,M,1978,0,0,0
20847,M,1972,0,0,0
20848,M,2003,0,0,1
20849,M,1985,0,0,1
20850,M,1999,0,0,1
20851,F,1957,0,0,0
20852,M,1994,0,0,1
20853,F,1972,0,0,0
20854,F,1967,0,0,0
20855,M,1976,0,0,0
20856,M,1979,1,0,0
20857,M,1983,1,0,0
20858,F,1966,0,0,1
20859,M,1998,0,0,0
20860,M,1974,0,0,0
20861,F,2010,0,1,0
20862,F,1994,0,0,0
20863,F,1992,1,0,0
20864,F,2006,1,0,1
20865,M,1979,0,1,0
20866,M,1997,1,0,0
20867,F,1951,0,1,1
20868,F,1988,0,0,1
20869,M,1968,0,0,1
20870,M,1957,0,0,0
20871,F,1971,0,0,1
20872,F,1990,0,0,0
20873,F,1983,0,0,1
20874,F,2006,0,0,0
20875,F,1967,1,0,0
20876,M,1930,0,0,1
20877,M,1960,0,0,1
20878,M,1991,0,0,0
20879,F,1990,0,0,0
20880,F,1958,0,0,0
20881,M,2014,0,0,0
20882,M,2004,0,0,0
20883,F,1996,0,0,0
20884,F,1995,1,0,1
20885,F,2011,0,0,0
20886,M,1973,0,0,0
20887,F,1991,0,0,0
20888,M,1991,0,0,0
20889,M,1980,0,0,1
20890,M,2008,0,0,0
20891,F,1985,1,0,0
20892,M,2008,0,0,0
20893,M,1973,0,1,0
20894,M,1954,0,0,0
20895,M,1968,1,1,1
20896,M,1994,0,0,0
20897,F,1971,0,0,1
20898,M,1988,1,0,0
20899,F,1981,1,0,0
20900,F,1972,1,0,0
20901,M,2018,0,0,0
20902,F,2010,0,0,0
20903,M,1987,0,0,0
20904,F,1998,0,0,0
20905,F,1984,1,0,0
20906,M,1980,0,0,0
20907,F,1994,0,0,0
20908,M,1990,0,0,0
20909,M,2001,0,1,0
20910,F,1978,0,0,1
20911,F,1964,1,0,1
20912,F,2008,0,0,0
20913,F,1966,1,0,0
20914,F,1975,0,0,1
20915,F,1968,0,0,0
20916,M,1953,1,1,1
20917,M,1994,0,1,0
20918,F,1958,0,0,1
20919,M,1952,1,0,1
20920,M,2006,0,0,0
20921,F,1980,0,0,1
20922,F,1981,0,0,0
20923,F,1950,0,0,0
20924,M,1930,0,1,1
20925,M,1968,1,0,0
20926,M,1930,0,1,1
20927,M,1997,0,0,0
20928,M,1970,0,0,0
20929,F,1985,0,0,1
20930,F,1973,0,1,0
20931,M,1967,0,0,0
20932,M,1962,0,0,0
20933,F,1990,0,1,0
20934,M,1986,0,0,0
20935,F,1965,0,1,1
20936,F,1976,0,0,1
20937,M,1996,0,0,0
20938,M,1986,0,0,0
20939,F,1956,0,0,1
20940,M,2000,0,1,0
20941,F,1984,0,0,1
20942,M,2005,0,0,0
20943,M,1953,0,0,0
20944,F,1930,0,1,1
20945,F,1943,0,1,1
20946,M,1993,0,0,1
20947,F,1993,0,0,0
20948,F,1955,0,0,1
20949,F,1959,1,0,1
20950,F,1937,0,0,1
20951,F,1983,0,0,0
20952,M,2002,1,0,0
20953,F,1982,0,0,0
20954,F,1985,0,0,0
20955,M,1930,0,0,0
20956,F,1967,0,0,0
20957,F,2010,0,0,0
20958,M,1965,0,0,0
20959,F,1952,0,0,1
20960,F,1958,1,1,1
20961,M,1960,0,0,0
20962,M,1977,0,1,0
20963,M,1986,0,1,1
20964,M,2003,0,0,0
20965,M,1935,0,0,0
20966,M,1969,1,0,0
20967,F,1993,0,0,0
20968,M,1979,0,0,0
20969,M,2003,0,0,0
20970,M,1980,0,0,0
20971,M,1947,0,0,1
20972,F,1965,0,0,0
20973,M,1954,0,1,0
20974,F,1956,0,0,0
20975,M,1972,0,0,0
20976,F,1985,0,0,0
20977,F,1989,0,0,0
20978,F,1938,1,0,0
20979,M,1968,0,0,1
20980,F,1970,1,0,0
20981,M,1968,0,0,1
20982,M,1988,0,0,0
20983,F,1972,0,0,0
20984,M,1994,0,0,0
20985,M,1991,1,0,1
20986,M,1964,1,0,0
20987,M,1969,0,1,0
20988,M,1963,1,1,1
20989,F,1959,0,0,1
20990,M,1987,0,0,0
20991,F,1981,0,0,0
20992,F,1965,0,1,0
20993,M,1996,0,0,0
20994,M,2018,0,0,0
20995,F,2008,0,0,1
20996,F,1992,0,0,0
20997,F,1987,0,0,0
20998,M,1973,0,1,0
20999,M,1952,0,0,1
21000,F,1986,0,0,0
21001,M,1993,0,0,1
21002,M,2003,0,0,0
21003,M,1995,0,0,0
21004,M,1995,0,0,0
21005,M,1978,0,0,0
21006,F,1995,0,1,1
21007,M,1988,0,1,1
21008,M,1990,0,0,1
21009,M,1981,0,0,0
21010,M,1967,1,0,0
21011,F,1972,1,1,1
21012,F,1998,0,1,0
21013,M,1992,0,0,0
21014,M,1962,1,0,0
21015,M,1954,1,1,0
21016,F,2005,0,0,0
21017,M,2006,0,0,0
21018,F,1936,1,0,1
21019,F,2003,0,0,0
21020,M,1997,0,0,0
21021,M,1987,0,0,0
21022,F,1997,0,0,1
21023,M,1996,0,0,0
21024,F,1996,0,1,0
21025,M,1978,0,0,0
21026,F,2008,0,0,1
21027,F,1962,0,0,1
21028,M,2017,0,0,0
21029,M,2006,0,0,0
21030,F,1941,0,0,1
21031,F,1992,0,0,0
21032,M,1993,0,0,1
21033,F,2010,0,0,0
21034,M,2011,0,1,0
21035,F,1983,1,0,0
21036,M,2011,0,0,0
21037,M,1997,0,0,0
21038,M,1969,0,0,0
21039,M,1979,0,0,1
21040,F,1989,0,1,0
21041,F,1981,0,0,0
21042,F,1968,0,1,0
21043,F,1992,1,0,1
21044,M,1962,0,0,1
21045,F,1983,1,0,1
21046,F,1956,0,0,0
21047,F,1981,0,0,1
21048,M,2006,0,0,0
21049,F,1997,0,0,0
21050,M,1984,0,0,1
21051,M,1930,0,0,1
21052,F,1998,0,0,0
21053,F,1930,0,1,1
21054,F,1959,1,0,0
21055,F,1958,0,0,0
21056,M,1968,0,1,0
21057,M,1930,0,0,0
21058,F,1996,1,0,0
21059,M,1960,0,0,0
21060,F,2004,0,0,0
21061,F,1996,1,0,0
21062,F,1966,0,1,1
21063,F,1957,0,0,1
21064,M,1973,1,0,1
21065,F,2012,0,0,0
21066,F,1999,0,1,0
21067,F,2006,1,0,0
21068,M,1985,1,0,0
21069,M,2006,0,0,0
21070,M,1995,0,0,0
21071,M,1996,1,1,0
21072,F,1949,0,1,1
21073,M,1994,0,0,0
21074,M,1930,0,1,0
21075,F,1991,1,0,0
21076,M,1970,0,0,0
21077,F,1977,0,0,0
21078,F,1981,1,0,0
21079,F,1960,0,0,0
21080,F,1984,0,0,0
21081,M,1995,0,0,1
21082,F,1965,0,1,0
21083,F,2001,0,0,0
21084,F,1991,1,0,0
21085,M,1960,0,1,1
21086,M,1986,1,0,0
21087,M,1972,1,1,0
21088,F,1977,0,0,0
21089,M,1994,0,0,1
21090,F,1985,0,0,1
21091,F,2002,0,0,0
21092,M,1955,1,0,0
21093,M,1990,0,0,0
21094,M,1952,1,0,1
21095,M,1987,0,0,0
21096,M,1970,0,0,0
21097,F,2002,1,1,0
21098,F,1957,0,0,1
21099,F,2018,0,0,0
21100,M,1986,0,0,0
21101,F,1993,0,0,0
21102,F,2003,1,0,0
21103,M,1930,0,0,0
21104,M,2006,0,0,0
21105,M,1930,0,0,0
21106,F,1935,0,0,0
21107,M,2006,0,0,0
21108,M,1984,0,0,1
21109,F,1986,0,0,0
21110,M,1996,1,0,0
21111,M,1984,0,1,0
21112,M,1977,1,0,1
21113,F,1951,0,1,1
21114,M,2004,1,0,1
21115,M,1986,1,0,1
21116,M,1993,1,0,0
21117,F,1994,0,1,0
21118,F,1983,1,1,0
21119,M,1988,0,1,0
21120,M,2016,0,0,0
21121,M,1976,0,0,1
21122,M,2012,0,0,1
21123,F,1955,0,0,0
21124,F,1980,0,0,0
21125,M,1990,0,0,0
21126,F,2007,0,0,0
21127,M,1975,0,0,0
21128,M,1984,1,0,1
21129,M,1983,0,0,1
21130,M,1980,0,0,0
21131,F,1968,0,0,1
21132,F,1976,1,0,1
21133,M,1939,0,0,0
21134,F,1968,0,1,0
21135,F,1977,1,0,1
21136,M,1982,0,0,0
21137,M,2000,0,0,0
21138,F,2008,0,0,0
21139,M,2017,0,0,0
21140,M,1970,0,0,1
21141,M,1984,0,0,1
21142,M,1967,0,1,1
21143,M,1942,0,0,0
21144,M,1986,0,0,0
21145,F,2006,0,0,1
21146,F,1958,0,0,0
21147,F,1988,0,0,0
21148,M,1995,1,0,1
21149,M,1997,0,0,0
21150,M,1970,1,0,0
21151,F,1970,0,0,1
21152,F,1950,0,0,0
21153,M,2003,0,0,0
21154,M,2003,0,1,0
21155,F,1979,0,1,1
21156,F,1976,0,0,1
21157,F,1955,0,0,0
21158,F,1953,0,1,0
21159,F,1980,0,0,1
21160,M,1951,0,1,1
21161,M,1985,0,0,0
21162,F,1984,0,0,0
21163,M,1988,0,0,0
21164,F,2004,0,0,0
21165,F,2009,0,0,0
21166,M,1980,0,0,1
21167,F,1958,0,0,1
21168,F,1996,1,1,0
21169,F,1954,0,0,1
21170,M,1943,0,0,1
21171,F,1991,0,0,0
21172,F,2011,0,0,1
21173,F,1989,1,0,0
21174,M,2002,1,0,0
21175,F,1958,0,0,0
21176,M,1978,0,0,1
21177,F,2011,0,0,0
21178,M,1972,0,0,0
21179,F,1955,0,0,1
21180,M,1981,0,0,0
21181,F,1992,0,0,0
21182,M,1974,0,0,0
21183,M,1934,0,0,0
21184,M,1950,0,0,1
21185,F,2005,0,0,0
21186,F,1979,0,0,0
21187,F,2001,0,0,0
21188,F,1993,0,1,0
21189,F,1947,0,0,1
21190,M,1979,0,1,0
21191,M,2000,0,0,0
21192,M,1989,0,0,0
21193,F,1964,0,0,1
21194,F,1994,0,0,0
21195,M,1978,1,0,0
21196,F,1993,0,0,0
21197,F,1991,0,0,1
21198,M,1943,0,1,0
21199,M,1980,0,0,1
21200,M,1970,1,0,0
21201,F,1980,0,0,1
21202,M,2007,0,0,0
21203,M,2003,0,0,0
21204,F,1943,0,0,1
21205,M,1947,1,1,1
21206,M,1981,1,0,1
21207,M,1998,0,0,1
21208,F,2009,1,0,0
21209,F,1930,0,0,0
21210,F,2003,0,0,0
21211,M,1997,0,0,1
21212,M,1994,0,0,0
21213,F,1998,0,0,0
21214,F,1983,0,0,0
21215,M,1930,0,0,1
21216,F,1986,0,0,1
21217,M,1976,0,1,0
21218,F,1968,0,0,0
21219,M,1961,0,1,1
21220,M,1981,0,0,0
21221,F,2000,1,0,0
21222,F,1967,0,0,0
21223,M,1934,0,0,0
21224,F,2010,0,0,0
21225,F,1995,1,0,0
21226,M,1974,0,0,0
21227,M,1966,0,0,1
21228,M,1991,0,1,0
21229,M,1961,0,0,0
21230,M,1951,0,0,1
21231,F,1974,1,1,1
21232,F,1962,0,0,1
21233,F,1986,1,0,0
21234,M,2004,0,0,0
21235,M,2000,0,0,0
21236,M,1930,0,0,0
21237,M,1950,0,1,0
21238,F,2001,0,0,0
21239,M,2002,0,0,0
21240,M,1967,0,0,0
21241,F,1930,1,0,1
21242,F,1980,0,0,0
21243,M,1998,0,0,0
21244,M,1959,0,0,1
21245,F,1945,0,0,0
21246,F,1967,1,0,0
21247,M,1971,0,0,1
21248,F,2001,0,0,0
21249,F,1958,0,1,0
21250,M,1966,0,1,0
21251,F,1989,0,0,1
21252,F,2005,0,0,0
21253,F,1991,0,0,1
21254,M,1982,0,0,1
21255,F,1964,0,1,1
21256,F,1946,0,0,1
21257,M,1958,0,0,0
21258,F,1984,1,0,0
21259,M,1986,1,0,1
21260,M,1953,0,0,0
21261,F,1973,0,0,1
21262,M,1966,0,0,0
21263,F,1989,0,0,0
21264,M,1953,0,1,0
21265,M,1994,0,0,0
21266,M,1930,0,1,0
21267,M,2003,0,0,0
21268,M,1980,0,0,1
21269,F,2004,0,0,0
21270,M,1968,1,1,0
21271,M,1949,1,1,0
21272,F,1966,0,1,1
21273,F,1990,0,0,0
21274,M,2004,0,0,0
21275,F,1990,0,1,0
21276,F,1965,1,0,0
21277,M,2000,0,0,0
21278,M,2008,0,0,0
21279,M,1986,0,0,0
21280,M,2004,0,0,0
21281,F,1975,0,1,0
21282,M,1984,0,0,0
21283,F,1987,0,1,0
21284,F,1930,0,1,1
21285,M,1971,1,0,0
21286,M,2010,0,0,0
21287,M,2016,0,0,0
21288,M,1930,1,1,1
21289,F,1980,0,1,0
21290,F,1989,0,0,0
21291,M,1976,0,1,1
21292,M,2002,0,0,1
21293,F,1985,0,0,1
21294,F,1954,0,0,1
21295,F,1988,1,0,0
21296,M,1993,0,0,0
21297,M,1996,0,0,0
21298,M,1960,0,1,0
21299,M,1974,0,0,0
21300,M,1930,0,0,1
21301,F,1930,0,1,1
21302,M,1987,0,0,0
21303,M,1967,0,0,0
21304,M,1990,0,0,0
21305,F,1993,0,0,0
21306,M,1994,0,0,0
21307,F,1996,1,0,0
21308,F,1954,1,0,1
21309,F,1993,1,0,1
21310,M,1989,0,1,0
21311,F,1974,1,0,0
21312,M,1977,0,1,1
21313,F,1979,0,0,0
21314,M,1948,0,1,1
21315,F,1993,0,1,0
21316,F,1996,0,1,0
21317,M,2019,0,0,0
21318,M,1966,0,0,1
21319,M,1967,0,0,0
21320,M,1951,0,1,1
21321,F,1987,0,0,0
21322,F,1984,0,0,0
21323,F,1956,1,0,0
21324,F,1991,0,0,0
21325,M,1981,1,0,1
21326,F,1949,0,0,1
21327,M,1968,1,0,1
21328,M,1988,1,0,0
21329,M,1956,0,0,0
21330,M,1983,0,1,0
21331,M,1956,0,1,1
21332,F,1974,1,0,1
21333,M,1991,0,0,0
21334,F,2001,0,0,0
21335,M,1961,0,0,0
21336,M,1958,0,0,0
21337,F,1943,0,1,0
21338,M,1965,0,1,1
21339,F,1985,0,0,1
21340,F,1975,0,1,0
21341,F,1980,0,0,1
21342,M,1986,1,0,1
21343,M,2003,0,1,1
21344,M,2001,0,0,1
21345,M,1960,0,0,0
21346,M,1996,0,0,0
21347,M,1987,0,0,0
21348,F,2008,0,1,0
21349,F,2007,0,0,0
21350,F,1996,0,0,0
21351,F,1961,0,1,1
21352,M,1960,1,0,1
21353,M,1976,0,0,0
21354,F,1994,0,0,0
21355,M,1939,0,0,1
21356,M,1987,1,0,0
21357,F,1935,1,0,1
21358,M,1971,0,0,0
21359,M,1954,0,0,1
21360,M,1954,1,0,1
21361,F,2011,0,0,1
21362,M,2001,0,0,0
21363,F,1989,0,0,0
21364,F,1996,0,0,1
21365,M,1970,0,0,0
21366,M,1967,0,1,0
21367,M,1990,0,0,0
21368,M,1992,0,0,0
21369,M,1956,1,1,0
21370,F,1992,0,0,0
21371,M,1950,0,1,1
21372,M,1976,0,0,0
21373,F,1976,1,0,1
21374,F,1999,0,0,0
21375,F,1963,0,0,0
21376,F,2002,0,0,0
21377,F,1964,0,0,1
21378,F,1968,0,0,0
21379,F,1967,0,0,0
21380,M,1968,0,0,0
21381,F,1957,0,0,1
21382,M,1971,0,0,1
21383,M,2010,0,0,0
21384,M,1973,1,1,0
21385,F,1997,0,1,0
21386,F,2005,0,1,0
21387,F,2000,1,0,0
21388,F,1994,0,0,0
21389,F,1966,0,1,1
21390,F,1987,0,0,0
21391,F,1957,0,0,1
21392,F,1995,0,0,0
21393,F,1986,0,0,1
21394,M,1994,1,0,0
21395,M,2013,0,0,0
21396,F,1980,0,0,0
21397,F,1930,0,0,0
21398,F,2005,0,0,0
21399,F,1963,0,1,0
21400,F,1956,0,0,1
21401,F,1979,0,0,0
21402,M,2003,0,0,0
21403,M,1930,1,0,1
21404,F,1968,0,0,1
21405,F,1936,0,0,1
21406,F,2009,1,0,0
21407,M,1993,0,0,0
21408,M,2005,0,0,0
21409,F,1953,0,1,1
21410,M,2009,0,0,0
21411,F,1984,0,1,0
21412,F,1987,0,0,0
21413,F,2011,0,0,1
21414,M,1965,0,1,0
21415,M,1971,0,0,1
21416,M,1994,1,0,0
21417,M,1936,0,0,1
21418,F,2010,0,0,0
21419,M,2014,0,0,0
21420,F,1978,0,0,0
21421,F,2000,0,0,0
21422,M,1983,0,0,1
21423,M,1948,0,1,1
21424,F,2005,0,0,0
21425,M,1952,0,0,0
21426,M,2004,1,0,0
21427,M,1991,0,1,0
21428,M,1945,0,0,0
21429,F,1965,0,1,0
21430,F,1999,0,0,1
21431,M,1974,0,0,0
21432,F,1992,0,0,0
21433,F,1990,1,0,0
21434,F,1986,1,0,0
21435,F,1969,0,0,0
21436,F,1980,1,0,0
21437,M,1986,1,0,0
21438,M,1985,0,0,0
21439,M,1976,0,1,0
21440,F,1981,0,1,0
21441,F,1993,0,0,0
21442,M,1976,1,0,0
21443,F,1971,0,0,0
21444,F,1975,1,0,0
21445,M,1957,1,0,0
21446,F,1994,1,0,0
21447,M,1995,0,0,0
21448,M,1941,0,0,1
21449,M,1998,0,1,0
21450,M,1988,0,1,0
21451,M,2013,0,0,0
21452,F,2004,1,0,1
21453,M,1991,0,0,1
21454,M,1992,0,0,0
21455,F,1987,0,0,0
21456,M,1931,0,0,0
21457,F,2011,0,0,0
21458,F,1982,0,0,1
21459,M,1985,0,0,0
21460,F,1930,0,0,0
21461,F,1961,0,0,1
21462,F,1992,0,0,0
21463,F,1942,0,1,0
21464,F,1994,0,0,0
21465,M,1958,0,0,0
21466,M,1936,0,1,1
21467,F,1980,1,1,0
21468,M,2002,0,0,0
21469,F,2011,0,0,1
21470,M,1979,1,0,0
21471,F,1959,1,1,1
21472,F,1930,0,1,1
21473,F,1947,1,0,1
21474,M,1981,0,0,1
21475,F,2002,0,0,0
21476,M,1985,0,0,0
21477,M,1932,0,1,1
21478,F,1930,1,0,0
21479,F,1994,0,0,0
21480,M,1987,0,0,0
21481,F,1939,0,1,1
21482,M,1942,0,1,1
21483,F,1993,0,0,0
21484,M,1963,1,0,1
21485,M,1992,0,0,1
21486,F,1951,0,0,1
21487,M,1982,0,0,0
21488,M,1989,1,0,0
21489,F,1961,0,0,1
21490,M,1980,1,1,1
21491,M,1961,0,0,0
21492,F,2001,0,0,0
21493,F,1998,1,0,0
21494,F,1984,0,1,0
21495,M,1996,0,0,0
21496,F,1991,1,0,0
21497,F,1983,0,0,0
21498,M,1994,0,0,0
21499,M,1933,0,0,1
21500,M,1997,1,1,0
21501,M,1984,0,1,1
21502,M,1984,0,0,1
21503,F,1979,0,0,0
21504,M,1989,0,0,1
21505,M,1958,0,0,1
21506,M,1956,0,0,0
21507,F,1994,0,1,1
21508,F,1953,0,1,0
21509,M,1995,0,0,1
21510,F,1984,0,1,0
21511,F,1982,1,0,0
21512,F,2003,0,0,0
21513,M,1995,1,0,0
21514,F,2007,1,0,0
21515,F,1979,0,0,0
21516,M,2002,0,0,0
21517,F,1937,0,1,1
21518,F,1992,0,0,1
21519,F,1962,0,0,1
21520,F,1964,0,0,0
21521,M,1996,1,0,0
21522,M,1991,0,0,0
21523,M,1991,1,0,0
21524,F,1976,1,0,1
21525,F,1930,1,0,1
21526,F,1977,0,0,0
21527,F,1992,0,1,0
21528,M,1975,1,0,1
21529,F,2002,0,0,1
21530,F,1997,0,0,0
21531,F,1936,0,0,0
21532,F,1987,1,0,1
21533,M,1998,0,0,1
21534,F,2004,1,1,0
21535,M,1983,0,0,0
21536,M,2003,0,0,0
21537,F,1950,0,0,0
21538,F,1965,0,0,0
21539,M,1993,0,1,0
21540,F,1930,0,0,1
21541,F,1991,0,0,0
21542,M,1987,1,0,1
21543,M,1997,0,0,0
21544,F,1967,0,0,0
21545,F,2002,0,1,0
21546,M,1993,0,0,1
21547,F,1995,0,0,0
21548,F,1977,0,1,1
21549,M,2006,0,0,0
21550,M,1986,1,0,0
21551,F,1950,0,1,0
21552,M,2004,1,0,0
21553,F,1965,0,1,0
21554,M,1959,0,0,1
21555,F,1987,0,0,0
21556,M,2014,0,0,0
21557,F,1967,0,1,0
21558,F,1951,1,0,0
21559,F,1930,0,0,0
21560,F,1981,0,0,0
21561,F,2010,0,0,0
21562,F,1967,0,0,0
21563,F,2008,1,0,0
21564,M,1971,0,0,1
21565,M,1962,0,0,0
21566,F,1949,0,0,0
21567,M,1992,0,0,0
21568,F,2000,0,0,0
21569,M,1981,0,0,0
21570,M,2006,0,1,0
21571,M,1990,0,1,1
21572,F,1995,0,0,1
21573,M,1956,0,0,0
21574,M,1940,1,0,0
21575,M,1969,0,0,0
21576,M,1960,0,1,1
21577,M,1980,1,0,0
21578,F,1982,1,0,1
21579,F,2008,0,0,0
21580,F,1974,0,0,0
21581,F,1963,0,0,1
21582,F,1988,0,0,0
21583,F,1987,0,0,0
21584,F,2013,0,0,0
21585,M,1987,0,0,1
21586,M,1956,0,0,0
21587,F,1976,0,1,1
21588,M,1984,0,0,0
21589,F,2003,0,0,0
21590,F,1993,1,0,0
21591,M,1996,0,0,0
21592,F,2001,0,0,1
21593,F,1976,0,0,1
21594,F,1992,0,0,0
21595,F,1959,0,0,1
21596,F,1984,0,0,0
21597,F,1930,0,0,0
21598,F,1992,0,0,1
21599,M,1951,0,0,1
21600,F,1943,0,1,0
21601,F,1994,0,0,0
21602,M,1986,0,0,0
21603,F,1991,0,0,0
21604,F,1995,0,0,1
21605,M,1968,0,1,0
21606,F,1965,0,0,0
21607,M,1996,0,0,1
21608,F,1996,0,0,0
21609,F,1983,0,0,0
21610,M,1984,0,0,1
21611,M,2008,0,0,1
21612,M,1967,0,0,0
21613,F,2009,0,0,0
21614,F,1998,0,0,1
21615,M,1980,0,0,1
21616,F,1968,0,0,0
21617,M,1999,0,0,0
21618,F,1986,1,0,0
21619,F,1992,0,0,1
21620,M,2017,0,0,0
21621,F,1991,1,0,0
21622,M,2002,1,0,0
21623,M,1984,0,0,0
21624,F,2004,0,0,0
21625,F,1992,0,0,0
21626,M,1986,0,0,0
21627,M,1982,0,0,0
21628,M,1989,0,0,0
21629,M,1953,0,0,0
21630,M,1978,1,0,1
21631,M,1970,0,1,0
21632,M,1986,0,0,1
21633,F,2021,0,0,1
21634,M,2005,0,0,0
21635,M,2006,0,0,0
21636,M,1989,1,0,0
21637,F,1945,0,0,1
21638,M,1979,0,0,1
21639,M,1961,0,1,0
21640,M,2000,0,1,0
21641,F,1982,0,0,0
21642,M,1952,0,0,1
21643,M,1960,0,0,0
21644,F,1995,0,0,0
21645,F,1986,1,0,0
21646,M,1958,0,0,1
21647,M,1996,1,0,0
21648,M,1987,0,0,0
21649,F,2012,0,0,0
21650,F,1964,0,1,1
21651,F,1966,0,1,0
21652,F,2011,0,0,0
21653,M,1987,0,0,0
21654,M,1956,0,0,0
21655,M,2003,0,0,0
21656,M,1977,0,0,1
21657,M,1992,0,0,1
21658,M,1956,0,0,0
21659,F,2013,0,0,1
21660,M,2012,0,0,0
21661,M,1997,0,0,0
21662,M,1983,0,0,0
21663,M,1983,0,1,1
21664,F,2010,0,0,0
21665,F,1973,0,0,1
21666,F,1968,1,1,0
21667,F,1982,0,0,0
21668,M,1955,0,1,0
21669,F,1972,0,0,1
21670,F,1993,0,0,1
21671,F,1945,0,0,1
21672,F,1938,0,0,0
21673,F,1976,0,1,0
21674,M,2000,0,0,0
21675,M,1957,0,0,0
21676,F,2005,0,0,0
21677,F,1999,0,0,1
21678,F,1961,0,0,1
21679,F,2001,0,0,0
21680,F,1948,0,0,1
21681,F,2000,0,0,0
21682,F,1990,0,0,1
21683,F,1991,0,0,0
21684,M,1968,0,1,0
21685,F,1969,0,0,0
21686,M,1992,0,0,0
21687,M,1972,0,0,0
21688,F,1980,0,0,0
21689,M,1966,0,0,1
21690,M,1970,0,0,0
21691,F,2000,0,0,0
21692,F,1948,0,0,1
21693,F,2011,0,0,0
21694,M,1990,0,1,0
21695,M,1972,0,0,0
21696,M,1985,0,0,0
21697,M,1987,0,0,0
21698,F,1990,1,0,0
21699,M,1993,0,0,0
21700,F,1952,0,0,0
21701,M,1986,1,1,1
21702,F,1986,0,0,1
21703,M,1997,0,0,0
21704,M,1970,0,0,0
21705,M,2006,1,0,1
21706,F,1930,1,0,0
21707,M,2000,1,0,0
21708,M,1987,0,0,0
21709,M,1975,0,1,0
21710,F,1959,0,1,1
21711,M,1991,0,0,0
21712,M,1994,1,0,0
21713,M,1981,0,0,1
21714,M,1996,0,0,0
21715,M,1989,0,0,0
21716,F,1943,0,0,0
21717,M,2000,0,0,1
21718,M,2014,0,1,0
21719,M,1998,0,0,0
21720,F,2006,0,0,0
21721,F,1971,0,0,0
21722,M,1994,0,1,1
21723,M,1956,0,0,1
21724,M,1989,0,0,0
21725,F,2006,0,0,0
21726,M,1960,0,0,0
21727,F,2000,1,0,0
21728,M,2014,0,0,0
21729,M,1976,0,0,0
21730,M,1997,1,0,1
21731,F,1974,0,0,0
21732,F,1965,0,0,1
21733,F,1979,0,0,0
21734,F,1996,0,0,0
21735,F,1959,0,1,0
21736,M,2001,0,0,0
21737,M,1974,1,1,1
21738,F,1969,0,0,1
21739,F,1983,0,0,0
21740,F,1965,0,1,1
21741,M,1979,0,0,0
21742,M,1976,0,0,0
21743,M,1965,0,0,1
21744,M,1980,0,0,0
21745,F,1962,0,0,1
21746,M,1950,0,0,0
21747,M,1974,0,0,1
21748,M,1965,0,0,0
21749,F,1983,0,1,0
21750,M,1949,0,0,1
21751,F,1977,0,0,1
21752,F,1967,0,0,1
21753,M,2006,1,0,1
21754,M,1970,1,0,1
21755,M,1982,0,1,0
21756,M,1971,1,0,0
21757,F,1968,0,0,1
21758,M,1965,0,0,1
21759,F,1969,0,0,1
21760,M,1988,0,0,0
21761,F,1936,0,0,0
21762,M,1956,1,0,1
21763,F,1986,0,0,0
21764,F,1987,1,0,1
21765,M,2019,0,0,0
21766,F,2002,1,0,0
21767,F,1998,0,0,0
21768,F,1987,0,1,1
21769,M,1950,0,0,0
21770,F,1989,0,0,1
21771,M,2003,0,0,0
21772,F,1971,0,0,0
21773,M,1969,0,0,0
21774,M,1989,0,0,1
21775,F,1955,0,0,0
21776,F,1953,0,0,1
21777,M,2010,0,0,0
21778,F,1969,1,1,0
21779,F,2015,0,0,0
21780,F,1986,1,0,1
21781,M,1930,0,0,1
21782,M,1970,0,0,0
21783,M,1996,0,0,0
21784,M,1968,0,1,0
21785,M,1997,0,1,1
21786,F,1977,0,0,0
21787,M,2000,0,0,1
21788,F,1991,1,1,1
21789,M,1955,0,0,1
21790,M,1937,0,0,1
21791,F,1977,0,0,1
21792,M,1964,0,0,0
21793,M,1994,0,0,0
21794,F,2002,0,0,1
21795,F,1980,0,0,0
21796,M,1981,0,0,0
21797,F,1930,0,0,1
21798,F,1987,0,0,1
21799,M,1988,0,0,0
21800,F,1970,0,0,0
21801,F,1994,0,1,1
21802,M,1998,0,0,0
21803,M,1974,0,0,1
21804,F,2007,0,0,0
21805,F,1972,0,0,0
21806,M,1992,1,0,0
21807,M,1966,1,0,1
21808,M,1948,0,0,1
21809,M,1998,0,0,0
21810,M,1988,0,0,0
21811,F,1958,0,0,0
21812,F,1977,0,0,0
21813,F,1936,0,0,1
21814,F,1976,0,1,1
21815,M,1950,0,0,0
21816,F,2004,0,0,1
21817,F,1998,1,1,0
21818,M,1942,0,0,1
21819,F,1999,1,0,0
21820,F,1941,0,0,0
21821,M,1997,0,0,0
21822,M,2006,0,0,0
21823,M,1987,0,0,0
21824,M,2004,0,0,0
21825,F,1968,0,0,0
21826,F,2015,0,0,0
21827,F,1930,0,0,1
21828,F,1981,0,0,0
21829,F,1967,0,0,0
21830,F,1963,0,0,0
21831,F,1979,0,0,0
21832,F,1972,0,0,1
21833,F,1990,0,0,0
21834,F,1963,0,0,0
21835,M,2015,0,0,0
21836,F,1934,0,1,0
21837,M,1991,0,0,0
21838,F,1959,1,0,1
21839,M,1954,0,0,1
21840,F,1992,1,0,0
21841,F,1983,0,1,0
21842,M,1984,0,0,0
21843,M,1987,0,0,0
21844,F,1996,0,0,0
21845,F,1983,1,0,1
21846,M,1988,0,1,0
21847,M,1947,0,0,1
21848,F,1977,0,0,1
21849,F,1995,0,0,1
21850,F,1944,0,0,0
21851,F,1952,0,1,0
21852,F,1987,0,0,1
21853,M,1978,0,0,1
21854,F,1946,0,0,1
21855,M,1961,0,0,1
21856,M,2008,0,0,0
21857,M,2000,0,0,0
21858,M,1993,0,0,0
21859,M,1991,0,0,1
21860,F,1984,0,0,0
21861,M,1973,1,0,0
21862,F,1984,0,0,0
21863,F,1953,0,1,1
21864,M,1991,0,0,0
21865,M,1953,0,1,0
21866,M,1977,0,0,0
21867,M,1978,0,0,1
21868,F,1964,0,0,0
21869,M,1969,0,1,0
21870,M,1984,0,0,0
21871,M,1996,1,0,0
21872,M,1946,0,0,1
21873,F,1980,0,0,0
21874,M,1979,0,0,1
21875,M,1930,0,0,1
21876,F,1953,0,0,0
21877,M,1986,1,0,0
21878,F,1981,0,1,0
21879,M,1998,0,0,0
21880,F,2003,0,0,0
21881,M,1986,0,0,0
21882,F,1970,0,0,1
21883,M,1997,0,0,0
21884,F,1961,0,0,1
21885,M,2000,0,0,0
21886,F,1986,0,0,1
21887,M,1964,0,0,1
21888,M,1930,0,1,1
21889,M,1940,0,1,1
21890,F,1949,1,0,1
21891,F,1979,0,0,0
21892,F,1959,0,1,1
21893,M,1987,0,0,0
21894,F,1966,0,0,0
21895,M,2004,0,0,0
21896,M,1973,0,0,1
21897,M,2004,0,0,0
21898,M,1952,1,0,0
21899,F,1961,0,0,1
21900,F,1936,0,0,0
21901,M,2002,0,0,0
21902,M,1930,1,0,1
21903,M,1982,0,0,0
21904,F,1952,0,1,0
21905,M,1999,0,0,0
21906,M,1971,0,1,1
21907,F,1984,1,0,0
21908,F,1961,0,0,0
21909,M,2010,0,0,0
21910,F,2000,0,1,0
21911,M,1948,0,0,1
21912,M,2000,0,0,0
21913,M,1984,0,0,1
21914,M,1987,1,0,1
21915,F,1974,0,0,0
21916,F,1997,0,0,1
21917,F,1945,0,1,0
21918,F,1974,0,0,0
21919,M,1941,0,0,1
21920,M,1961,0,0,1
21921,M,1975,0,0,0
21922,F,2017,0,0,0
21923,F,1966,0,1,1
21924,F,1966,0,0,1
21925,M,1942,0,1,1
21926,F,1977,0,0,0
21927,M,2020,0,0,1
21928,F,1979,1,1,1
21929,M,1964,0,1,0
21930,M,1980,1,0,0
21931,M,1990,0,0,1
21932,F,1958,0,0,1
21933,F,2012,0,0,0
21934,M,1980,0,0,1
21935,F,1989,0,0,0
21936,M,2000,0,0,0
21937,F,1975,0,0,0
21938,F,1936,0,0,1
21939,F,1998,0,0,0
21940,F,1966,0,0,0
21941,F,1970,0,1,0
21942,F,2003,0,0,0
21943,F,1970,0,0,0
21944,M,1988,1,1,0
21945,F,1994,1,0,1
21946,M,1994,0,0,0
21947,M,1930,0,0,0
21948,M,2009,1,0,0
21949,M,1950,0,0,0
21950,M,1985,0,1,0
21951,M,1999,0,0,0
21952,F,1989,0,0,0
21953,M,1947,0,1,0
21954,F,1945,0,0,0
21955,M,1999,0,0,0
21956,M,1971,1,0,0
21957,F,1973,0,1,0
21958,M,1986,0,0,1
21959,M,1968,0,0,1
21960,M,1962,0,0,0
21961,F,2000,0,1,0
21962,F,2009,0,0,0
21963,F,2003,0,0,0
21964,M,1990,0,0,0
21965,F,1986,0,1,0
21966,M,1958,0,1,0
21967,F,1983,0,0,0
21968,M,1990,0,1,0
21969,F,2010,0,0,0
21970,M,1949,0,0,1
21971,F,1999,0,0,0
21972,F,1945,0,0,0
21973,F,1992,0,0,1
21974,M,2002,0,0,0
21975,F,1981,0,0,0
21976,F,1997,1,0,0
21977,F,1988,0,0,0
21978,M,1982,0,0,1
21979,F,1962,1,0,1
21980,F,1930,1,1,0
21981,M,2021,0,1,0
21982,F,1994,0,0,1
21983,F,1979,0,0,1
21984,F,2005,0,1,0
21985,F,1967,0,0,0
21986,M,1977,0,0,0
21987,F,2010,0,0,0
21988,F,1976,0,0,0
21989,F,1998,0,0,1
21990,F,1988,0,0,0
21991,M,1936,0,0,1
21992,M,2009,0,0,0
21993,M,1965,0,0,1
21994,M,2000,0,0,0
21995,M,2003,0,0,0
21996,M,1995,0,0,1
21997,M,2004,1,0,0
21998,M,1930,1,1,1
21999,M,2009,0,0,0
22000,M,2005,0,0,0
22001,F,2012,0,0,0
22002,F,1998,0,1,0
22003,F,1981,0,1,0
22004,F,1978,0,0,0
22005,M,1975,0,0,1
22006,M,1973,0,0,1
22007,M,1956,0,0,0
22008,M,1935,0,1,1
22009,M,1967,0,0,0
22010,F,1982,0,0,1
22011,M,2000,0,0,1
22012,M,1979,0,0,0
22013,M,1969,0,0,0
22014,F,1989,0,0,0
22015,M,1962,0,1,0
22016,M,1974,0,0,0
22017,F,1997,0,1,0
22018,F,1995,0,0,0
22019,F,1950,0,0,1
22020,F,2012,0,0,0
22021,M,2011,0,0,0
22022,F,2002,0,0,0
22023,M,1930,0,0,0
22024,M,1973,0,0,0
22025,F,1995,0,0,1
22026,M,1972,0,0,0
22027,F,1996,0,0,0
22028,M,1982,1,0,0
22029,F,1993,0,0,0
22030,M,1973,1,1,0
22031,F,1987,1,0,1
22032,F,1994,0,0,0
22033,M,1982,0,0,1
22034,M,1991,0,0,1
22035,F,1991,0,0,0
22036,F,2007,0,0,0
22037,M,1974,0,0,0
22038,M,1930,0,1,0
22039,M,1981,0,0,0
22040,F,1990,1,0,1
22041,F,1989,0,0,0
22042,M,1952,0,0,1
22043,M,2019,0,0,0
22044,M,1980,0,0,0
22045,F,1986,0,0,1
22046,M,1987,0,0,1
22047,F,1982,0,0,0
22048,M,2001,1,0,0
22049,F,2001,0,0,0
22050,M,2008,0,0,1
22051,M,1973,1,0,0
22052,F,2016,0,0,0
22053,M,1979,0,0,0
22054,F,1995,0,1,0
22055,M,2002,0,0,1
22056,F,1982,1,0,1
22057,F,1992,0,0,0
22058,M,1982,0,0,1
22059,M,2000,0,0,0
22060,M,1976,1,0,1
22061,M,1986,1,0,0
22062,F,1964,0,0,0
22063,M,2007,0,0,0
22064,M,1992,0,0,0
22065,M,1994,0,0,0
22066,M,1970,1,0,0
22067,M,1956,0,0,0
22068,M,1980,0,1,1
22069,M,1987,1,0,1
22070,M,1964,0,0,0
22071,M,1991,0,0,0
22072,M,1936,0,1,0
22073,F,1998,0,0,1
22074,M,2013,0,0,1
22075,M,2007,0,0,0
22076,M,1992,1,0,1
22077,M,1930,0,0,0
22078,F,2001,0,0,1
22079,M,1936,0,0,1
22080,F,1980,0,1,0
22081,M,2001,0,0,0
22082,M,1990,0,0,0
22083,M,1960,0,1,0
22084,M,1988,1,0,0
22085,M,2000,0,1,0
22086,F,1991,0,0,1
22087,M,1953,0,0,0
22088,F,1930,0,0,0
22089,F,1962,0,1,0
22090,M,1933,0,0,1
22091,M,1963,0,1,0
22092,F,1963,0,0,1
22093,M,1970,0,0,0
22094,M,1975,0,0,0
22095,M,1997,1,0,0
22096,M,1983,0,0,1
22097,F,1962,1,0,0
22098,M,1975,0,0,0
22099,M,2008,0,1,0
22100,F,1953,0,0,1
22101,M,1969,0,1,0
22102,M,1955,0,1,0
22103,M,2001,0,0,0
22104,F,2008,0,0,0
22105,M,1988,1,1,1
22106,M,1974,0,0,0
22107,F,1940,0,0,1
22108,F,1977,0,0,0
22109,M,1930,1,0,1
22110,F,1992,1,0,0
22111,F,1970,0,0,0
22112,F,2011,0,0,0
22113,M,1960,1,0,1
22114,M,1943,0,0,1
22115,F,1975,0,0,0
22116,M,2004,0,0,0
22117,F,1983,1,1,0
22118,M,1993,0,0,1
22119,F,1991,1,0,0
22120,F,1983,0,0,1
22121,F,2004,0,0,0
22122,M,1977,0,0,0
22123,M,1991,0,0,1
22124,F,1972,1,0,1
22125,F,1972,1,0,0
22126,F,2001,0,0,0
22127,M,1989,0,0,0
22128,F,1990,0,0,0
22129,M,1984,0,0,0
22130,F,1948,1,0,0
22131,F,1995,0,0,0
22132,M,1989,0,0,0
22133,F,1972,0,0,1
22134,F,1982,1,0,0
22135,M,1961,0,0,0
22136,F,1973,0,0,0
22137,M,1989,0,1,0
22138,F,1980,0,0,0
22139,F,1953,0,0,0
22140,M,2003,0,0,0
22141,M,2002,0,0,0
22142,M,2000,0,0,0
22143,M,1988,1,0,0
22144,F,1986,0,1,0
22145,M,1947,0,1,0
22146,F,1993,0,0,0
22147,F,2007,0,1,0
22148,M,1953,0,0,0
22149,M,1994,0,0,1
22150,M,1966,0,0,1
22151,F,1959,1,0,1
22152,F,1978,0,0,0
22153,F,1984,0,0,0
22154,F,1997,0,0,0
22155,F,1998,0,0,1
22156,F,1957,0,0,1
22157,M,1974,0,1,0
22158,F,1957,1,0,1
22159,M,1992,0,0,0
22160,M,1950,0,0,0
22161,M,1937,0,0,1
22162,F,2004,1,1,0
22163,M,2004,1,0,0
22164,F,1964,0,1,0
22165,F,1979,1,0,0
22166,F,1987,0,0,1
22167,F,1959,0,0,0
22168,F,1995,0,0,0
22169,M,1994,0,0,0
22170,F,2003,0,0,0
22171,F,1955,0,0,0
22172,M,2005,0,0,0
22173,M,1959,1,0,0
22174,M,1969,0,0,1
22175,F,1958,0,0,1
22176,M,2002,0,0,0
22177,M,1985,0,0,0
22178,F,1997,0,0,0
22179,M,1941,0,0,1
22180,F,1981,0,0,1
22181,M,1993,1,0,0
22182,F,1998,0,0,0
22183,M,1978,0,0,1
22184,F,1993,1,1,0
22185,M,1991,0,0,0
22186,M,1986,0,0,0
22187,M,1930,1,0,0
22188,F,1982,0,0,0
22189,M,1994,0,0,0
22190,M,1982,0,0,0
22191,M,1997,0,0,0
22192,M,1941,0,0,0
22193,M,1965,0,0,0
22194,F,2005,1,0,0
22195,M,1965,0,0,1
22196,M,1978,0,1,1
22197,M,1970,1,0,1
22198,F,1954,0,0,0
22199,M,2001,0,1,1
22200,F,1985,0,0,0
22201,F,1972,0,0,0
22202,M,1958,1,0,0
22203,F,1967,0,0,0
22204,M,1985,0,0,0
22205,M,1955,0,1,0
22206,M,1987,0,0,0
22207,M,1991,1,0,1
22208,F,2012,0,0,0
22209,F,2003,0,0,0
22210,M,1987,0,1,0
22211,M,2002,0,0,0
22212,F,2009,0,0,0
22213,M,2000,0,0,1
22214,M,1937,0,0,0
22215,M,2005,0,0,1
22216,F,2004,0,0,0
22217,M,1960,0,1,0
22218,M,1972,0,0,0
22219,M,1985,0,0,0
22220,M,1962,1,0,1
22221,M,1981,0,1,0
22222,M,2022,0,0,0
22223,F,1995,1,0,0
22224,F,1930,0,0,1
22225,M,1981,0,0,0
22226,M,1951,0,0,0
22227,F,1949,0,0,0
22228,F,1968,0,0,0
22229,M,1984,0,0,0
22230,M,1999,0,0,0
22231,F,2005,0,1,0
22232,F,1950,0,1,0
22233,F,1974,0,0,0
22234,F,1974,0,0,0
22235,M,1968,1,1,1
22236,M,1990,0,0,0
22237,F,1957,0,0,0
22238,F,1979,0,0,0
22239,F,1988,0,0,1
22240,M,1973,0,0,0
22241,M,1956,0,1,0
22242,M,1989,0,0,0
22243,F,1930,0,0,0
22244,F,2005,1,0,0
22245,M,1970,0,0,0
22246,M,1997,0,0,0
22247,F,1979,1,0,0
22248,M,1964,0,0,1
22249,F,1930,0,0,1
22250,M,2010,0,0,0
22251,M,2001,0,0,1
22252,F,1969,1,0,1
22253,F,1955,0,0,0
22254,M,1991,0,0,0
22255,M,2002,0,0,0
22256,F,1968,0,0,1
22257,F,1994,0,0,0
22258,F,1944,0,1,1
22259,F,1971,1,0,0
22260,M,1968,0,0,0
22261,M,1949,0,1,1
22262,M,1930,0,1,1
22263,M,2000,0,0,0
22264,F,1987,0,0,0
22265,F,1944,0,0,1
22266,M,1980,0,0,1
22267,F,1992,1,0,0
22268,F,1983,0,0,0
22269,F,1930,1,0,0
22270,F,1982,1,0,1
22271,M,1965,0,1,0
22272,F,1988,0,0,0
22273,M,2007,0,0,0
22274,F,1956,0,0,1
22275,M,1988,0,0,1
22276,M,1952,0,0,1
22277,F,1966,0,0,0
22278,M,1973,0,0,0
22279,M,1941,0,1,0
22280,M,1988,0,0,0
22281,M,1957,0,0,0
22282,M,1981,0,0,0
22283,F,1990,1,0,1
22284,F,1969,1,1,0
22285,M,1992,1,1,0
22286,F,1987,0,0,0
22287,M,1977,0,0,0
22288,M,1943,0,1,1
22289,F,1939,0,0,0
22290,M,2002,0,0,0
22291,M,1990,0,0,0
22292,F,1963,0,0,0
22293,M,1993,0,0,0
22294,F,1991,0,0,1
22295,F,1982,0,0,0
22296,F,1964,0,0,0
22297,F,1974,0,0,1
22298,M,1938,0,0,0
22299,M,1977,0,0,0
22300,M,1974,0,0,0
22301,F,1981,0,0,0
22302,F,1971,0,1,1
22303,F,1989,0,0,0
22304,M,1969,0,0,0
22305,M,1993,0,0,0
22306,F,1946,0,1,0
22307,M,1980,0,0,0
22308,M,1930,0,0,0
22309,M,1947,0,0,0
22310,M,1973,0,1,0
22311,F,1961,0,0,0
22312,M,1968,0,1,1
22313,F,2001,0,1,1
22314,M,1974,0,0,1
22315,F,1975,0,0,0
22316,F,1982,1,0,0
22317,M,1966,0,1,0
22318,F,1973,1,0,1
22319,F,1972,0,1,1
22320,M,1932,1,1,1
22321,F,1977,0,0,1
22322,M,1956,0,0,0
22323,F,1980,1,0,0
22324,F,1931,0,0,1
22325,M,1963,0,0,0
22326,M,1973,0,0,0
22327,M,1992,1,0,1
22328,F,1930,0,0,1
22329,M,1950,0,0,1
22330,M,1993,0,0,0
22331,M,2005,0,0,0
22332,M,1985,0,0,0
22333,F,1997,0,0,1
22334,M,1982,0,0,0
22335,F,1958,1,0,0
22336,M,1950,0,0,0
22337,F,2006,0,0,0
22338,F,2002,0,0,1
22339,F,1997,0,0,1
22340,F,1974,0,0,0
22341,F,1947,0,0,0
22342,F,1980,0,0,0
22343,F,2007,0,0,0
22344,F,1971,0,0,1
22345,M,1988,0,0,0
22346,F,1988,0,0,1
22347,M,1975,0,0,0
22348,F,1965,0,0,0
22349,M,1952,0,0,0
22350,M,1946,0,0,0
22351,M,1956,0,1,0
22352,F,1960,0,1,1
22353,M,2003,0,0,0
22354,M,1962,0,0,0
22355,F,1982,0,0,0
22356,F,1947,0,0,1
22357,F,1989,1,0,1
22358,F,1984,0,1,0
22359,F,1992,0,0,0
22360,M,1989,0,0,0
22361,M,1939,1,0,1
22362,M,1991,0,0,1
22363,F,1977,1,1,1
22364,M,1989,0,0,1
22365,M,1977,0,0,1
22366,F,1971,0,0,0
22367,M,1963,1,0,1
22368,M,1979,1,0,0
22369,F,1935,0,0,0
22370,M,2005,0,0,1
22371,M,1992,0,0,0
22372,M,1992,0,0,1
22373,F,1996,1,0,1
22374,F,1965,0,0,0
22375,M,1992,1,0,1
22376,F,2017,0,0,0
22377,F,1974,0,0,0
22378,F,1934,0,1,0
22379,F,2014,0,0,0
22380,F,1967,0,1,0
22381,M,1953,1,0,0
22382,F,1990,0,0,1
22383,F,1971,0,0,1
22384,M,2022,0,0,0
22385,F,1976,0,1,0
22386,F,1963,1,0,1
22387,F,1988,1,0,1
22388,F,1988,0,0,1
22389,M,1970,1,0,0
22390,M,1979,0,0,1
22391,M,1949,0,0,0
22392,F,1977,0,0,1
22393,F,1969,0,0,0
22394,F,1987,1,0,1
22395,M,1987,1,0,0
22396,F,1959,0,0,1
22397,F,1956,1,0,1
22398,M,2003,1,0,0
22399,F,1983,0,0,0
22400,F,1969,0,0,0
22401,F,2013,0,0,0
22402,M,1984,0,0,0
22403,M,1930,0,1,1
22404,M,1996,0,0,0
22405,F,1997,0,0,0
22406,F,1980,1,0,0
22407,M,1979,0,0,1
22408,F,1986,0,0,0
22409,M,1955,1,0,0
22410,M,2009,1,0,1
22411,M,1997,1,0,0
22412,F,1983,0,0,0
22413,M,1947,0,0,1
22414,M,1991,0,0,0
22415,M,1999,0,1,1
22416,M,2012,0,0,0
22417,F,2000,1,0,0
22418,M,2011,0,0,0
22419,F,1993,0,0,1
22420,F,1966,0,0,0
22421,F,1971,0,0,0
22422,M,1964,0,0,0
22423,M,2003,0,0,0
22424,F,2007,0,0,0
22425,M,1972,0,0,0
22426,M,1958,0,0,1
22427,M,1980,0,0,1
22428,M,1970,0,0,1
22429,M,1982,0,0,0
22430,M,1990,0,0,0
22431,F,1987,0,0,0
22432,M,1958,0,1,0
22433,M,1982,0,0,0
22434,M,1959,0,0,1
22435,F,1977,0,0,0
22436,F,1993,0,0,1
22437,F,1969,0,0,0
22438,F,1982,0,0,0
22439,F,1951,0,1,0
22440,F,1997,0,0,0
22441,F,2011,0,0,0
22442,F,1966,0,0,0
22443,F,1943,1,0,0
22444,F,1958,0,0,1
22445,F,1940,0,1,1
22446,F,1931,0,0,1
22447,F,1985,0,0,0
22448,F,2000,0,0,0
22449,M,2017,0,0,0
22450,M,2010,0,0,0
22451,F,1967,0,0,1
22452,F,2009,0,1,0
22453,M,1974,0,0,1
22454,M,1965,0,0,0
22455,M,1980,0,0,0
22456,M,1988,0,0,0
22457,M,1997,0,0,1
22458,M,1937,0,0,0
22459,M,2016,0,0,0
22460,M,1998,0,0,0
22461,M,1987,1,0,0
22462,F,1990,0,0,0
22463,F,1963,0,0,0
22464,M,1977,0,0,0
22465,F,2004,1,0,0
22466,F,1960,0,0,0
22467,M,1998,0,0,0
22468,M,1974,0,0,1
22469,F,1941,0,1,1
22470,M,1994,0,0,0
22471,M,1993,1,1,0
22472,M,1985,0,0,0
22473,M,1984,0,0,1
22474,M,1976,0,0,0
22475,M,1968,0,0,1
22476,M,1998,0,0,0
22477,F,1982,0,0,1
22478,M,2001,1,1,0
22479,F,1964,0,0,1
22480,F,1952,0,0,1
22481,M,1990,0,0,0
22482,M,1978,0,0,0
22483,F,1943,0,0,1
22484,F,1972,0,0,1
22485,M,2001,0,0,1
22486,M,2007,0,0,1
22487,F,1996,0,0,1
22488,M,1986,0,0,1
22489,M,1961,0,0,1
22490,F,1988,0,0,0
22491,F,2002,0,0,0
22492,F,1987,0,0,0
22493,F,1986,0,0,0
22494,F,1995,0,0,1
22495,M,1988,0,1,0
22496,M,1978,0,0,0
22497,F,2009,1,0,0
22498,M,1986,0,1,0
22499,M,1930,1,1,1
22500,F,1973,0,0,0
22501,F,1960,0,0,1
22502,M,1943,0,0,0
22503,F,1936,0,0,0
22504,F,1993,1,0,0
22505,F,2008,1,0,0
22506,F,1955,0,0,0
22507,M,1986,0,0,0
22508,M,1985,1,0,0
22509,M,1969,0,1,0
22510,M,1981,0,0,1
22511,M,1976,0,0,0
22512,F,1974,0,1,1
22513,F,1955,0,0,1
22514,F,1971,1,0,0
22515,M,2001,0,0,0
22516,F,2001,0,0,0
22517,F,1994,1,0,0
22518,F,1973,0,0,1
22519,M,2000,0,0,1
22520,F,2000,0,0,0
22521,M,1974,1,0,1
22522,M,1993,0,0,0
22523,M,1939,0,0,1
22524,F,1992,0,1,0
22525,M,1963,0,0,0
22526,F,1984,1,0,0
22527,M,2003,0,0,0
22528,F,1992,0,0,0
22529,M,1983,1,0,0
22530,M,1992,0,0,0
22531,F,1944,1,0,0
22532,M,1998,0,0,0
22533,F,1990,0,0,0
22534,F,1971,0,0,1
22535,M,1930,1,0,1
22536,F,1968,0,1,1
22537,M,1973,0,1,0
22538,M,1959,0,0,1
22539,M,1951,0,0,1
22540,F,1943,1,0,0
22541,M,1968,1,0,0
22542,M,1977,0,0,0
22543,M,1998,0,0,1
22544,M,1975,0,0,1
22545,F,1935,0,0,0
22546,M,2014,0,1,0
22547,M,1947,0,1,1
22548,M,1977,0,1,0
22549,F,1956,0,0,0
22550,F,1966,0,0,1
22551,M,1980,0,0,0
22552,F,1977,0,0,0
22553,M,1964,0,0,0
22554,F,1997,0,0,1
22555,M,1980,1,1,0
22556,M,1968,0,1,0
22557,M,1961,0,0,1
22558,F,1964,0,0,0
22559,M,1986,1,0,0
22560,F,1978,0,0,0
22561,M,2001,1,0,0
22562,M,1949,0,0,1
22563,F,1974,1,0,0
22564,M,1978,0,0,0
22565,M,1979,1,0,0
22566,F,1984,1,0,0
22567,F,1960,0,0,1
22568,F,1978,0,1,0
22569,M,1998,0,0,1
22570,F,1994,0,0,0
22571,F,2003,0,0,0
22572,F,1937,0,0,1
22573,F,1982,1,1,0
22574,F,1933,0,0,1
22575,M,1976,0,0,1
22576,F,1987,0,1,1
22577,M,1983,0,1,0
22578,F,1976,0,0,0
22579,M,1998,0,0,0
22580,F,2002,0,0,0
22581,F,1953,1,0,0
22582,F,1988,0,0,0
22583,F,1932,0,1,0
22584,M,1967,0,1,1
22585,F,1990,0,1,0
22586,M,1930,0,0,0
22587,F,1951,0,0,0
22588,M,2005,0,0,0
22589,M,1995,0,0,0
22590,M,2020,0,0,0
22591,M,1985,0,0,0
22592,F,1930,0,0,1
22593,M,2009,0,1,0
22594,M,1972,0,0,0
22595,M,1930,0,0,1
22596,M,1984,1,0,0
22597,M,1974,1,0,0
22598,F,1989,0,0,0
22599,M,1995,1,0,0
22600,F,1961,1,0,0
22601,M,1961,0,0,1
22602,M,1970,0,1,0
22603,F,1992,0,0,0
22604,M,1969,1,0,1
22605,M,2006,0,0,0
22606,F,1966,0,0,0
22607,M,1996,0,1,1
22608,M,1998,0,0,0
22609,F,1935,1,0,1
22610,M,2016,0,0,0
22611,F,1985,0,0,1
22612,F,2005,0,0,0
22613,F,1977,0,0,1
22614,F,1995,0,1,0
22615,F,2004,1,0,1
22616,M,1988,0,0,0
22617,M,1999,0,0,0
22618,F,1998,0,0,0
22619,F,1965,0,0,0
22620,F,2007,0,0,1
22621,M,2014,0,0,0
22622,M,1976,0,0,0
22623,M,1985,0,0,0
22624,M,1995,0,1,1
22625,F,1966,1,0,0
22626,F,1931,0,0,0
22627,M,1982,0,0,0
22628,F,1981,0,0,0
22629,M,2002,0,0,0
22630,F,2006,0,0,1
22631,F,1984,1,1,1
22632,F,2010,0,0,0
22633,M,2011,0,0,0
22634,F,1972,0,0,0
22635,F,2006,0,0,0
22636,F,1971,1,1,0
22637,F,1948,1,0,0
22638,M,1974,0,0,0
22639,M,2008,0,0,1
22640,M,1930,0,1,0
22641,M,1980,1,0,0
22642,F,1982,0,0,0
22643,M,1985,0,1,0
22644,M,1996,0,0,0
22645,F,2001,0,0,1
22646,F,2016,0,0,0
22647,M,2005,0,0,0
22648,M,1987,0,0,1
22649,M,1972,1,0,0
22650,M,2000,0,0,1
22651,F,1975,0,0,0
22652,M,1989,0,1,0
22653,F,1984,0,0,0
22654,M,1958,0,0,0
22655,M,1975,0,0,0
22656,F,1970,0,0,0
22657,F,1930,0,0,0
22658,M,2000,0,0,0
22659,F,1961,1,1,1
22660,F,1970,0,0,0
22661,M,1971,0,0,0
22662,F,1978,1,0,0
22663,F,1973,1,0,0
22664,F,1988,1,0,0
22665,M,1982,0,0,0
22666,F,1954,0,0,0
22667,F,1994,0,0,0
22668,F,1992,0,0,0
22669,F,1972,0,1,1
22670,F,1975,0,0,0
22671,F,1989,0,0,0
22672,F,1972,0,0,1
22673,M,1972,0,0,1
22674,F,1930,1,0,1
22675,F,1930,0,0,1
22676,M,1930,0,0,1
22677,F,1972,0,1,1
22678,M,1958,0,0,0
22679,M,1973,0,1,0
22680,M,1984,0,0,1
22681,M,1970,0,1,0
22682,F,1984,0,0,1
22683,M,1980,0,0,0
22684,F,1982,0,1,1
22685,F,1982,0,1,1
22686,F,1994,0,0,0
22687,F,1961,0,0,0
22688,M,1971,0,1,1
22689,F,1994,0,0,0
22690,M,1983,0,0,1
22691,M,2000,0,0,0
22692,M,1977,1,0,0
22693,M,1954,0,0,0
22694,M,1988,0,0,0
22695,F,1962,1,1,1
22696,M,1982,0,0,0
22697,F,1987,0,0,0
22698,F,1995,0,1,0
22699,F,1985,0,0,1
22700,F,1961,0,0,0
22701,M,1973,0,0,0
22702,M,1998,0,0,0
22703,M,1970,1,0,0
22704,M,1978,0,0,0
22705,M,2000,0,0,0
22706,F,2004,0,0,0
22707,M,2004,0,0,0
22708,M,1959,1,0,0
22709,F,2000,0,0,0
22710,F,1987,0,0,0
22711,F,1972,0,0,1
22712,F,1973,1,1,1
22713,M,1973,0,0,0
22714,F,2002,0,0,0
22715,M,1971,0,1,1
22716,M,1988,0,0,0
22717,M,1980,0,0,1
22718,M,1981,0,0,0
22719,M,1984,0,0,1
22720,M,1955,0,0,1
22721,M,1960,0,1,0
22722,F,1930,1,0,0
22723,F,1940,0,0,0
22724,F,2008,0,0,0
22725,M,1982,0,0,0
22726,F,1944,1,0,1
22727,M,1985,0,0,0
22728,F,1989,0,0,0
22729,F,2002,0,0,1
22730,M,2003,0,0,0
22731,F,1962,0,0,0
22732,M,1979,0,0,0
22733,M,2014,0,0,0
22734,F,1953,0,0,0
22735,M,1948,1,0,0
22736,M,1986,0,0,0
22737,F,1982,0,0,0
22738,M,1939,0,0,0
22739,F,1987,0,0,0
22740,F,2010,0,0,0
22741,F,1962,0,0,0
22742,M,1949,1,1,0
22743,F,1978,0,0,0
22744,M,2000,0,0,0
22745,F,1944,1,0,1
22746,M,1990,0,0,0
22747,M,1998,0,1,1
22748,F,1978,0,0,0
22749,M,1987,0,0,0
22750,M,1965,0,0,0
22751,F,1930,1,1,1
22752,M,1998,0,0,0
22753,M,1960,1,0,0
22754,M,1987,0,0,0
22755,F,1965,0,0,1
22756,M,1977,0,1,1
22757,M,1991,0,0,0
22758,M,1959,1,0,0
22759,M,1989,0,1,0
22760,M,1997,1,0,1
22761,F,1961,0,1,1
22762,F,1997,0,0,0
22763,M,1962,1,0,0
22764,M,1980,0,0,0
22765,M,1979,0,0,0
22766,M,1999,0,0,0
22767,M,1978,1,0,0
22768,M,1990,0,0,0
22769,F,1937,1,1,1
22770,F,2004,0,0,0
22771,F,1951,1,0,1
22772,M,1948,0,0,0
22773,F,1970,0,0,0
22774,M,1940,0,1,0
22775,F,1986,1,0,1
22776,M,1984,1,0,0
22777,F,1968,0,0,1
22778,M,1986,0,0,0
22779,M,2012,0,0,1
22780,F,2004,0,0,0
22781,F,2002,0,1,1
22782,F,1961,0,0,0
22783,M,1982,0,0,1
22784,M,1963,0,0,1
22785,F,1958,0,0,1
22786,M,1986,0,0,0
22787,F,1974,0,0,0
22788,M,2004,0,0,0
22789,M,1994,0,0,0
22790,F,1987,0,1,0
22791,M,1981,1,0,0
22792,F,2006,0,0,1
22793,F,1987,0,1,0
22794,M,1997,1,0,0
22795,M,1930,0,1,0
22796,M,1980,0,0,0
22797,M,1963,1,0,1
22798,M,1963,1,0,0
22799,M,1978,0,0,1
22800,F,1971,0,0,0
22801,F,1974,0,1,1
22802,F,1974,0,0,1
22803,M,1943,0,0,0
22804,F,1980,0,0,1
22805,M,1998,0,0,0
22806,F,1962,1,0,0
22807,F,2001,0,1,0
22808,F,1984,1,0,0
22809,F,1991,0,0,1
22810,M,1986,0,0,0
22811,M,1969,0,0,1
22812,F,1972,1,0,0
22813,M,1986,0,1,0
22814,M,2019,0,0,0
22815,M,1993,0,0,0
22816,M,1957,0,0,0
22817,F,1968,0,0,1
22818,M,2006,1,0,0
22819,M,2005,0,1,0
22820,F,1991,1,0,1
22821,M,2010,0,0,0
22822,F,2003,0,1,0
22823,F,1977,0,0,0
22824,F,1972,0,1,0
22825,F,1985,0,0,0
22826,F,1985,0,0,0
22827,F,1991,0,1,0
22828,M,1995,0,0,0
22829,F,1964,0,0,0
22830,M,1962,0,1,0
22831,F,1985,0,0,0
22832,M,2003,0,0,1
22833,F,1995,1,0,1
22834,M,1983,0,0,0
22835,F,1985,0,0,0
22836,F,1967,0,0,1
22837,M,1996,0,0,0
22838,M,1970,1,0,0
22839,F,1983,0,0,1
22840,F,1930,1,0,1
22841,F,1984,0,0,0
22842,F,1994,0,0,0
22843,M,1945,0,0,0
22844,F,1985,1,0,0
22845,M,1972,0,0,1
22846,F,2009,1,0,0
22847,M,1954,0,0,1
22848,F,1995,0,0,0
22849,M,2001,1,0,0
22850,F,1960,0,0,1
22851,F,1996,0,0,0
22852,F,1999,0,0,0
22853,M,2003,0,0,1
22854,M,1991,0,0,0
22855,F,1996,0,0,0
22856,M,1964,0,0,0
22857,M,1995,0,0,0
22858,F,1992,0,0,0
22859,F,1994,0,0,0
22860,F,1969,0,0,1
22861,F,1962,0,0,0
22862,M,1983,0,0,0
22863,F,1984,0,1,1
22864,M,1980,0,0,1
22865,F,1978,0,1,0
22866,F,1967,0,0,0
22867,M,1969,0,0,1
22868,M,2020,0,0,0
22869,F,2000,0,0,0
22870,M,2012,0,0,0
22871,M,1977,0,0,0
22872,F,2004,1,1,0
22873,F,1972,0,0,0
22874,M,1978,0,0,0
22875,M,1984,1,0,1
22876,F,1988,0,0,0
22877,F,1963,1,0,1
22878,F,1971,0,0,0
22879,F,2001,0,0,0
22880,F,1978,1,0,1
22881,F,1981,0,0,0
22882,F,1953,0,0,1
22883,F,1948,0,0,1
22884,F,1982,0,0,1
22885,F,1930,0,0,0
22886,M,1996,1,0,0
22887,F,2007,0,0,0
22888,F,1944,0,0,0
22889,F,1998,0,0,0
22890,F,2006,1,0,0
22891,F,1997,0,0,0
22892,M,1993,0,0,0
22893,M,2011,0,0,0
22894,F,1989,1,0,0
22895,M,1994,0,0,1
22896,M,1981,0,0,0
22897,M,2015,0,0,1
22898,M,1987,0,0,0
22899,F,1930,1,1,0
22900,F,1959,1,0,0
22901,M,2005,0,0,0
22902,F,1996,0,0,1
22903,F,1992,0,0,0
22904,M,1945,1,0,1
22905,M,1989,0,0,0
22906,M,1992,0,0,1
22907,F,2004,0,0,1
22908,M,1991,1,0,1
22909,M,1989,0,0,0
22910,M,1979,0,0,0
22911,M,1998,0,0,0
22912,M,2003,0,0,0
22913,M,2004,0,0,0
22914,M,1958,0,0,1
22915,F,1952,0,0,0
22916,F,1957,0,0,1
22917,F,1991,0,0,1
22918,M,1959,0,1,0
22919,F,1964,0,0,0
22920,F,1973,1,0,0
22921,M,1990,0,0,0
22922,M,1973,0,0,1
22923,M,2005,0,0,0
22924,M,1962,1,0,1
22925,M,2013,0,0,0
22926,M,1990,0,0,1
22927,F,1986,0,0,0
22928,F,1991,0,0,0
22929,M,1961,0,0,1
22930,F,2005,0,0,0
22931,M,2000,0,0,0
22932,F,1981,1,0,0
22933,M,2008,0,0,0
22934,F,1992,0,0,0
22935,M,1942,1,0,1
22936,M,1962,0,1,1
22937,F,1935,0,1,0
22938,F,1983,0,0,0
22939,M,1960,0,1,0
22940,M,1958,0,0,0
22941,F,2008,0,0,0
22942,M,1995,0,0,0
22943,M,1991,0,0,1
22944,F,1930,0,1,1
22945,F,1952,0,0,0
22946,F,2002,0,0,0
22947,F,1938,0,0,1
22948,F,1992,0,0,0
22949,F,1969,0,0,1
22950,F,1989,0,0,0
22951,M,2013,0,0,1
22952,M,1937,0,0,0
22953,F,1957,1,0,0
22954,F,1987,0,0,0
22955,M,1974,0,0,1
22956,F,1995,0,0,0
22957,M,1997,0,1,0
22958,M,1957,0,0,1
22959,M,1961,0,0,0
22960,F,1930,0,0,1
22961,M,1960,0,0,0
22962,M,1974,0,0,1
22963,F,1959,0,0,0
22964,M,1971,0,0,1
22965,M,1969,0,1,0
22966,F,1963,0,1,0
22967,F,1957,1,0,1
22968,F,1984,0,0,0
22969,M,2014,0,0,0
22970,F,1983,1,0,0
22971,F,2000,1,0,0
22972,F,2023,0,0,0
22973,F,1949,0,0,1
22974,M,1941,0,0,0
22975,M,1999,1,0,0
22976,M,1990,0,1,0
22977,M,1986,0,0,0
22978,F,1998,0,0,1
22979,F,1971,0,0,1
22980,F,2004,0,0,0
22981,F,1977,1,0,1
22982,M,1962,0,0,0
22983,M,1968,0,0,1
22984,M,1970,0,0,0
22985,M,1996,0,0,1
22986,F,1943,0,0,1
22987,M,1953,0,1,0
22988,M,1990,0,0,0
22989,M,1965,0,0,0
22990,F,1993,0,0,0
22991,M,1964,1,0,0
22992,F,2004,0,0,0
22993,M,1955,0,0,1
22994,M,1992,0,0,0
22995,F,2000,1,0,0
22996,F,2002,0,1,0
22997,F,1975,0,0,0
22998,F,2011,0,0,0
22999,F,1968,0,0,0
23000,M,1986,0,0,0
23001,M,1962,0,0,0
23002,F,2012,0,0,0
23003,F,1980,0,1,0
23004,F,1987,0,0,0
23005,M,1998,0,0,1
23006,M,2001,0,1,0
23007,F,1966,0,1,1
23008,M,2003,1,0,0
23009,M,1982,0,0,1
23010,F,2007,0,1,0
23011,F,2009,0,0,0
23012,F,1983,0,0,0
23013,M,1977,0,0,0
23014,F,1998,0,0,0
23015,F,1970,0,1,0
23016,M,1953,0,0,0
23017,M,1965,0,0,1
23018,M,1983,0,0,0
23019,M,1955,0,0,1
23020,M,1979,1,0,0
23021,F,2000,0,0,0
23022,F,1968,0,1,0
23023,M,1959,0,0,1
23024,M,2006,0,0,0
23025,M,1989,1,0,0
23026,M,2000,0,0,0
23027,M,1979,0,0,0
23028,M,1986,0,0,0
23029,F,2000,0,0,0
23030,F,1983,0,0,1
23031,F,1976,0,0,1
23032,M,1970,1,0,0
23033,M,1931,0,0,1
23034,F,1987,0,0,0
23035,F,1981,0,0,0
23036,M,1982,0,0,0
23037,F,1930,0,0,1
23038,M,1992,1,0,0
23039,F,1986,0,1,1
23040,F,1985,0,1,0
23041,M,2004,0,1,0
23042,F,1971,1,0,1
23043,F,1978,0,0,0
23044,M,1993,0,0,1
23045,M,1970,0,0,0
23046,M,1974,0,0,0
23047,M,2001,0,0,0
23048,F,1971,0,0,0
23049,M,2010,0,0,0
23050,F,1981,0,1,0
23051,F,1998,0,0,1
23052,M,1941,0,1,1
23053,F,1955,0,0,1
23054,F,1941,1,0,0
23055,F,1996,0,0,1
23056,M,2000,0,0,0
23057,M,1984,1,1,0
23058,F,1994,0,0,1
23059,F,1998,0,0,0
23060,M,1952,0,0,0
23061,M,1953,0,0,1
23062,M,1963,1,1,0
23063,M,2009,0,0,0
23064,M,1974,0,0,0
23065,F,1988,0,1,0
23066,M,1965,0,1,0
23067,M,1967,0,0,0
23068,M,1977,0,0,1
23069,M,1952,0,0,1
23070,M,1977,0,0,0
23071,M,2011,0,0,0
23072,M,1989,0,0,0
23073,M,1996,0,0,1
23074,M,2000,1,0,0
23075,F,1999,0,0,0
23076,M,1992,0,0,1
23077,F,1994,1,0,0
23078,M,1972,1,0,0
23079,M,1997,0,0,0
23080,F,1971,0,0,1
23081,M,1960,0,0,1
23082,F,1971,0,1,1
23083,M,1980,0,0,0
23084,F,1968,0,0,1
23085,M,2000,0,0,0
23086,M,2010,0,0,0
23087,F,1967,1,0,0
23088,M,1978,0,0,0
23089,M,1938,0,0,0
23090,M,1959,0,0,1
23091,M,1989,0,0,0
23092,M,1987,0,1,0
23093,F,1980,1,0,1
23094,F,1986,1,0,1
23095,M,1980,0,0,0
23096,F,1994,0,0,0
23097,M,1964,0,0,1
23098,M,1973,0,0,0
23099,M,1984,0,0,0
23100,M,2002,1,0,0
23101,F,1985,0,0,1
23102,F,1976,0,0,0
23103,F,1986,0,1,0
23104,F,1990,0,0,0
23105,M,2013,0,0,0
23106,F,1930,0,0,1
23107,M,1998,0,0,0
23108,F,1975,0,1,0
23109,M,2000,0,0,0
23110,M,1977,0,0,0
23111,F,1975,0,0,0
23112,F,1989,0,0,1
23113,F,1986,1,1,0
23114,M,1995,0,0,1
23115,F,1930,0,1,1
23116,M,1962,1,0,0
23117,F,1980,0,0,0
23118,F,1993,0,0,0
23119,M,1965,0,0,0
23120,F,1965,1,1,0
23121,M,2000,0,1,0
23122,F,2007,0,0,0
23123,F,1993,1,0,0
23124,F,1994,0,0,0
23125,F,2006,0,0,0
23126,M,1998,0,0,0
23127,F,2002,0,0,1
23128,F,1951,0,0,0
23129,M,1976,0,1,0
23130,M,1973,1,0,0
23131,M,1963,0,0,1
23132,F,2001,1,0,0
23133,M,1973,0,0,0
23134,F,1991,0,0,0
23135,M,1951,1,0,1
23136,M,1956,0,1,1
23137,F,1944,0,0,0
23138,M,1999,1,0,0
23139,M,1986,0,0,0
23140,F,1994,0,0,0
23141,M,1996,1,0,0
23142,F,1994,1,0,1
23143,M,1967,0,0,0
23144,M,1995,0,1,0
23145,F,1998,0,0,0
23146,M,1996,0,0,0
23147,M,2005,0,0,0
23148,F,1995,0,0,0
23149,M,1955,0,0,0
23150,M,1930,0,1,0
23151,F,1990,1,0,0
23152,M,1953,0,0,1
23153,F,1937,1,0,0
23154,M,1957,0,0,0
23155,M,2010,0,0,0
23156,F,1991,1,0,1
23157,M,1946,0,1,0
23158,F,1966,0,0,0
23159,F,1960,0,0,0
23160,M,1983,0,0,0
23161,M,1976,0,0,0
23162,F,1988,0,0,0
23163,M,1954,0,0,0
23164,F,1988,1,0,1
23165,M,1979,0,0,0
23166,F,1994,0,0,0
23167,F,1998,0,0,0
23168,F,1951,0,1,1
23169,F,1955,0,1,1
23170,M,1995,0,0,0
23171,F,1975,0,0,0
23172,M,1955,0,1,0
23173,M,1930,0,1,1
23174,F,1973,0,0,0
23175,F,1956,0,0,1
23176,F,1957,0,1,1
23177,F,1961,0,0,1
23178,F,2008,0,0,0
23179,M,1976,0,0,0
23180,F,1988,0,0,0
23181,M,1998,0,0,0
23182,F,2000,0,0,0
23183,F,1993,0,0,0
23184,F,1947,0,0,0
23185,F,2001,0,0,1
23186,F,1961,0,0,0
23187,M,1939,0,1,1
23188,M,1993,0,0,0
23189,M,1942,0,0,0
23190,M,1953,0,0,0
23191,F,1988,0,0,0
23192,M,1978,1,0,0
23193,M,1996,0,0,0
23194,F,1984,0,0,0
23195,F,1930,1,0,1
23196,M,1980,0,0,0
23197,F,1992,0,0,1
23198,M,2008,0,0,0
23199,M,1973,0,0,1
23200,M,1999,0,0,0
23201,M,2003,0,0,0
23202,F,1973,0,0,1
23203,M,1997,0,0,0
23204,M,1960,0,1,1
23205,F,2009,0,0,0
23206,F,1968,0,1,1
23207,M,1932,0,1,1
23208,F,1971,0,1,0
23209,F,1958,0,0,1
23210,M,1995,0,0,0
23211,M,1957,0,0,0
23212,M,1971,0,0,0
23213,M,1978,0,1,1
23214,F,1947,0,0,1
23215,M,1966,0,0,1
23216,M,1998,0,0,0
23217,F,1989,0,0,0
23218,M,1938,0,1,0
23219,F,1999,0,0,0
23220,F,1999,0,0,0
23221,M,1960,0,0,0
23222,F,1990,0,0,0
23223,M,1931,0,1,0
23224,M,1965,0,0,1
23225,F,1988,1,0,1
23226,M,1971,0,1,0
23227,M,1995,0,1,0
23228,F,1930,0,0,0
23229,M,1977,0,0,1
23230,F,1986,0,0,1
23231,M,1992,1,0,1
23232,F,1998,1,0,1
23233,F,1996,1,0,0
23234,F,1993,0,0,1
23235,F,2005,0,0,0
23236,F,1988,0,0,1
23237,F,1984,0,0,0
23238,M,1971,0,0,1
23239,F,1996,0,0,0
23240,M,1997,0,0,0
23241,M,1982,0,0,0
23242,M,1986,0,0,0
23243,M,1973,0,0,1
23244,F,2009,1,0,0
23245,F,1971,0,0,0
23246,M,1983,0,0,0
23247,F,2013,0,0,1
23248,F,1988,1,0,1
23249,M,1962,0,0,0
23250,M,1980,0,0,0
23251,M,1986,0,1,0
23252,F,1995,0,0,0
23253,F,2009,0,0,1
23254,F,1981,1,0,0
23255,F,1955,0,0,0
23256,M,1938,0,1,1
23257,M,2000,0,0,0
23258,M,1979,0,1,1
23259,M,1978,1,1,0
23260,M,1991,0,0,0
23261,M,1954,0,0,1
23262,M,1977,0,0,1
23263,M,2004,1,0,0
23264,F,1985,1,0,0
23265,F,1960,0,0,0
23266,M,2002,0,0,0
23267,M,1983,0,1,0
23268,F,1981,0,0,0
23269,M,1977,0,0,1
23270,M,1965,0,0,0
23271,M,1993,0,1,0
23272,F,1930,1,1,1
23273,M,1974,0,0,1
23274,M,1930,0,0,0
23275,F,1990,0,0,0
23276,M,1969,1,0,0
23277,F,2018,0,0,0
23278,F,1930,0,0,1
23279,M,1973,1,0,1
23280,F,1990,0,0,0
23281,F,2006,0,1,0
23282,M,1972,1,0,0
23283,M,1992,0,0,0
23284,F,1956,1,0,1
23285,F,1932,0,0,1
23286,M,1977,1,1,0
23287,M,1961,0,0,0
23288,M,1987,0,0,1
23289,M,2014,0,0,0
23290,F,1970,0,0,0
23291,M,1963,1,0,0
23292,M,1987,0,0,0
23293,F,2008,0,0,0
23294,M,1993,0,1,0
23295,M,1972,0,0,0
23296,M,1988,0,0,0
23297,M,1985,0,0,0
23298,M,1939,1,0,1
23299,F,1973,1,0,0
23300,F,1930,0,0,0
23301,F,2005,1,0,0
23302,M,2007,0,0,1
23303,M,1966,1,1,1
23304,F,1952,0,0,1
23305,M,1967,0,0,1
23306,F,1930,0,0,1
23307,M,1937,1,0,0
23308,F,1948,1,0,1
23309,F,1995,0,0,1
23310,M,1997,0,0,0
23311,M,1947,0,0,1
23312,M,1985,1,0,1
23313,M,1957,1,0,0
23314,M,1985,1,1,1
23315,F,2009,0,0,0
23316,M,1944,0,0,1
23317,M,1965,1,0,0
23318,M,1992,0,0,0
23319,M,2013,0,0,1
23320,M,1930,0,0,1
23321,M,1958,0,1,0
23322,F,1963,0,0,0
23323,F,1956,0,0,1
23324,M,2003,0,0,0
23325,M,1937,0,0,0
23326,M,2023,0,0,0
23327,F,1996,0,0,0
23328,M,1993,0,1,0
23329,F,1994,0,0,0
23330,M,1983,0,0,0
23331,F,1960,0,0,0
23332,F,2003,1,0,0
23333,M,2007,1,0,0
23334,M,1953,1,1,0
23335,F,1989,0,0,0
23336,F,1995,0,0,0
23337,M,1931,1,1,0
23338,F,1957,1,0,0
23339,M,1996,0,0,1
23340,F,2015,0,0,0
23341,M,1976,0,0,1
23342,F,1996,0,0,0
23343,M,1958,0,0,0
23344,F,1955,1,1,1
23345,M,1984,0,0,0
23346,M,1992,0,0,0
23347,M,1983,0,0,0
23348,F,1986,0,0,0
23349,F,1969,1,0,0
23350,M,1982,0,0,1
23351,F,1968,0,0,1
23352,F,1985,0,0,0
23353,F,1996,0,0,0
23354,F,1977,0,0,0
23355,M,1993,0,0,1
23356,F,1942,0,0,1
23357,M,1971,0,0,0
23358,F,1994,0,0,1
23359,F,1969,0,1,1
23360,F,1969,0,0,1
23361,F,1974,1,0,1
23362,M,1993,0,0,0
23363,M,1957,0,0,1
23364,M,1957,0,0,0
23365,M,1997,0,0,0
23366,F,2002,0,0,0
23367,M,1990,0,0,0
23368,F,1966,0,0,1
23369,F,1991,0,0,1
23370,M,1969,0,0,1
23371,F,1957,0,0,1
23372,M,2005,1,0,0
23373,M,1959,0,0,1
23374,M,1983,0,0,0
23375,F,1930,1,0,1
23376,M,1984,0,0,1
23377,M,1994,0,0,0
23378,F,1972,0,0,1
23379,F,1970,0,0,0
23380,M,1930,0,0,0
23381,M,1988,0,0,0
23382,M,1985,0,0,0
23383,F,1991,0,0,0
23384,M,1976,1,0,0
23385,M,1985,0,0,0
23386,M,1984,1,0,1
23387,F,1934,0,0,1
23388,F,1992,0,0,0
23389,M,1972,1,0,1
23390,M,1937,0,1,0
23391,F,1988,0,0,0
23392,F,1984,0,0,1
23393,M,1983,0,0,0
23394,M,2001,0,0,0
23395,M,1986,0,0,1
23396,F,2002,0,0,0
23397,M,1930,0,0,1
23398,F,1990,0,0,0
23399,M,1957,0,0,1
23400,F,1977,0,0,0
23401,F,1997,0,0,0
23402,F,1986,0,0,1
23403,M,1993,0,0,1
23404,M,1995,0,0,0
23405,F,1992,0,0,0
23406,M,1973,0,0,1
23407,M,1970,1,0,0
23408,F,1971,1,0,0
23409,M,1973,0,1,0
23410,M,1971,0,0,1
23411,F,1992,0,1,0
23412,M,1965,1,0,0
23413,F,1996,1,0,1
23414,F,1991,0,0,0
23415,F,2009,1,0,0
23416,F,1998,1,1,0
23417,M,1971,1,0,0
23418,F,1968,0,0,0
23419,M,1950,0,1,0
23420,F,1997,0,0,1
23421,F,1996,0,0,1
23422,F,2000,0,0,1
23423,M,1970,0,0,1
23424,M,1999,0,0,0
23425,M,1951,0,0,0
23426,F,1992,0,0,0
23427,F,1982,0,0,0
23428,F,1977,0,0,0
23429,F,1951,0,0,1
23430,F,1934,0,0,0
23431,M,1974,1,0,1
23432,F,1964,0,1,0
23433,F,1998,1,1,1
23434,F,1938,0,1,0
23435,F,1963,0,1,0
23436,M,1930,0,1,1
23437,F,1981,1,0,1
23438,M,1996,0,0,0
23439,M,1988,0,1,0
23440,F,1952,0,0,1
23441,M,1937,0,0,0
23442,M,1930,0,1,1
23443,F,1995,0,0,0
23444,F,2004,0,0,0
23445,M,1983,0,0,0
23446,M,1998,0,0,0
23447,F,1957,0,0,1
23448,F,1984,0,0,0
23449,M,1987,0,0,1
23450,F,1987,1,0,0
23451,M,1989,0,0,0
23452,M,2004,0,1,0
23453,M,1997,0,0,0
23454,M,1963,1,1,1
23455,M,2000,0,0,1
23456,M,1965,0,0,1
23457,M,1978,0,1,0
23458,M,1952,0,1,0
23459,F,1980,1,0,0
23460,M,1996,0,0,0
23461,M,1996,0,0,0
23462,M,2007,1,0,1
23463,M,1995,0,0,1
23464,F,1985,0,0,0
23465,F,1947,0,0,0
23466,M,1963,0,0,0
23467,F,1987,1,0,0
23468,M,1999,0,0,0
23469,M,1969,0,0,0
23470,F,1993,0,1,1
23471,F,1999,0,0,0
23472,F,1969,0,1,0
23473,F,1997,1,0,0
23474,M,1959,0,1,0
23475,M,2007,0,0,0
23476,M,1997,0,0,1
23477,F,1998,0,0,0
23478,F,1961,0,1,1
23479,F,1981,0,0,0
23480,M,1962,0,1,0
23481,F,2001,0,0,0
23482,F,1963,0,0,0
23483,F,1966,0,1,1
23484,F,1997,0,0,0
23485,F,1995,0,0,0
23486,M,1995,0,1,0
23487,F,1930,0,0,0
23488,M,1983,1,0,1
23489,M,2002,0,0,0
23490,F,1996,0,0,1
23491,M,1930,1,0,1
23492,F,1978,0,0,0
23493,F,1985,1,0,0
23494,M,2007,0,0,1
23495,F,1998,1,0,0
23496,M,1950,0,1,0
23497,M,1977,0,0,1
23498,M,1997,1,0,0
23499,F,1930,0,1,1
23500,F,1978,0,1,0
23501,F,1930,0,0,0
23502,F,2000,0,1,0
23503,M,2004,0,0,0
23504,M,1983,0,0,0
23505,F,2007,0,0,0
23506,M,1990,0,1,0
23507,F,1968,0,0,1
23508,F,1971,0,0,1
23509,F,1978,0,0,0
23510,M,1997,0,0,1
23511,M,1958,0,0,0
23512,F,1986,0,1,0
23513,F,2014,0,0,0
23514,M,1999,0,0,1
23515,M,1999,0,0,0
23516,M,1952,0,0,0
23517,M,1999,0,0,0
23518,F,1972,0,1,0
23519,F,2010,0,0,0
23520,F,1968,0,1,0
23521,M,2007,0,1,0
23522,F,1953,0,0,0
23523,F,1986,0,0,1
23524,M,1962,0,1,0
23525,M,1987,0,0,0
23526,F,1995,0,0,0
23527,F,2008,0,0,0
23528,F,2011,0,0,0
23529,M,1995,0,0,0
23530,F,1982,0,0,0
23531,F,2003,0,0,1
23532,M,1930,0,0,0
23533,M,1945,0,0,1
23534,F,1986,0,0,0
23535,M,1940,0,0,1
23536,M,1985,0,0,0
23537,M,2003,0,0,0
23538,M,1988,0,0,0
23539,F,1966,0,0,0
23540,F,1997,0,0,0
23541,M,1933,0,0,1
23542,M,1993,0,0,0
23543,M,1962,0,0,1
23544,F,1987,0,0,1
23545,F,1999,1,0,0
23546,M,2005,0,0,0
23547,F,1958,0,0,0
23548,F,2015,0,0,0
23549,M,1975,1,1,0
23550,F,1996,0,0,0
23551,M,1958,0,0,0
23552,M,1995,0,0,0
23553,M,1976,0,0,0
23554,F,1972,1,0,1
23555,M,1930,0,0,1
23556,F,1930,0,0,1
23557,F,1995,0,0,1
23558,F,1999,0,0,0
23559,M,1978,0,0,0
23560,M,1954,0,1,0
23561,F,2012,0,0,0
23562,M,1930,0,1,0
23563,F,1991,1,0,0
23564,F,1955,0,0,1
23565,M,1991,0,0,0
23566,M,1935,0,0,1
23567,M,1991,0,1,0
23568,M,1965,1,0,0
23569,F,1982,0,0,0
23570,F,2004,0,0,0
23571,M,1992,0,0,1
23572,F,2013,0,0,0
23573,F,1995,0,1,0
23574,M,1973,1,0,0
23575,M,1937,0,0,0
23576,F,1983,0,0,1
23577,F,1930,0,0,1
23578,M,1950,1,0,1
23579,F,1998,0,0,1
23580,F,1981,0,0,0
23581,M,1968,0,0,0
23582,M,1991,0,0,0
23583,M,1973,0,1,1
23584,M,1994,1,0,0
23585,F,1982,0,0,0
23586,F,1943,0,0,1
23587,M,1992,1,0,0
23588,M,2007,0,0,0
23589,F,1930,0,0,1
23590,F,1957,0,1,1
23591,M,1969,0,0,1
23592,M,1932,0,0,1
23593,M,1955,1,1,0
23594,M,1991,0,0,1
23595,M,1930,0,0,1
23596,M,1973,1,0,0
23597,F,1961,0,0,1
23598,F,2011,0,0,0
23599,M,2002,0,1,0
23600,M,2005,0,0,0
23601,F,2005,0,0,1
23602,M,1967,1,0,1
23603,F,1999,1,0,0
23604,M,1975,0,0,1
23605,M,1956,0,0,1
23606,M,1995,0,0,0
23607,F,1999,0,0,0
23608,M,2010,0,1,0
23609,F,1946,1,0,1
23610,F,1994,0,0,0
23611,F,1930,0,1,0
23612,F,1970,0,0,0
23613,F,1939,0,1,1
23614,M,2006,0,0,0
23615,F,1962,0,0,0
23616,F,1961,0,1,0
23617,M,1948,1,1,1
23618,M,1998,0,0,1
23619,M,1994,0,0,0
23620,M,1947,1,1,1
23621,F,2009,0,0,0
23622,F,2000,1,1,0
23623,M,1963,0,0,0
23624,F,1991,0,0,0
23625,M,1988,0,0,0
23626,M,2016,0,0,0
23627,M,1933,0,0,1
23628,M,1990,0,0,0
23629,F,1965,0,0,0
23630,F,1946,1,1,0
23631,F,1988,0,0,0
23632,M,2014,0,0,0
23633,M,1965,1,0,1
23634,M,1932,0,1,1
23635,M,1959,1,0,0
23636,F,1971,1,1,0
23637,F,1959,0,0,0
23638,F,1954,0,0,1
23639,M,1983,0,1,1
23640,M,1931,0,0,0
23641,F,1977,0,1,0
23642,M,1952,0,0,0
23643,M,2001,0,0,0
23644,F,1982,0,0,0
23645,F,1997,0,0,0
23646,M,1969,0,0,0
23647,F,2002,0,0,0
23648,F,1959,1,0,1
23649,M,1966,0,0,0
23650,F,1985,0,0,0
23651,M,1955,0,0,0
23652,M,2001,1,0,0
23653,F,1959,1,0,1
23654,M,1999,0,0,1
23655,F,1994,0,0,0
23656,M,1946,0,0,1
23657,M,1945,0,0,0
23658,M,1969,0,0,0
23659,F,1930,0,1,1
23660,F,1930,0,0,1
23661,M,1986,1,0,1
23662,F,2000,0,0,1
23663,M,1959,0,1,0
23664,M,1976,0,0,1
23665,F,1965,1,0,0
23666,M,1962,0,0,0
23667,M,1996,0,0,0
23668,M,2001,0,0,0
23669,M,1964,0,0,1
23670,M,1965,1,0,0
23671,M,2005,0,0,0
23672,F,1995,0,0,0
23673,M,2001,1,0,0
23674,F,1979,1,0,0
23675,F,1982,0,0,0
23676,M,2011,0,0,1
23677,M,1979,0,0,1
23678,F,1973,0,1,1
23679,F,1972,0,1,1
23680,F,2001,0,0,0
23681,M,1981,0,1,0
23682,M,1938,0,1,1
23683,M,1940,0,0,0
23684,M,1994,0,0,0
23685,M,1942,0,0,1
23686,F,1991,1,0,1
23687,M,1951,0,0,0
23688,M,1965,0,0,1
23689,F,1980,0,0,1
23690,M,1970,0,0,1
23691,M,2015,0,0,0
23692,M,1955,0,0,1
23693,F,2003,0,0,1
23694,M,1936,0,0,1
23695,F,1970,0,1,1
23696,F,2001,0,1,0
23697,F,1955,0,1,0
23698,M,1978,0,0,1
23699,M,1963,0,0,1
23700,F,1983,0,0,0
23701,F,1959,0,0,1
23702,M,1994,0,0,0
23703,F,1988,0,0,0
23704,M,1966,0,1,1
23705,F,1935,1,0,0
23706,M,1980,0,0,0
23707,F,1958,0,0,1
23708,M,1960,0,0,1
23709,M,1938,1,0,0
23710,M,1999,0,0,0
23711,F,1971,0,1,0
23712,M,1974,0,0,0
23713,M,1971,0,0,0
23714,M,1991,0,0,0
23715,M,1979,0,1,1
23716,F,1951,0,0,0
23717,F,1998,0,0,0
23718,M,1966,0,1,0
23719,F,1984,0,0,0
23720,M,1973,0,0,0
23721,M,1985,0,0,0
23722,F,1951,0,0,1
23723,F,2000,1,0,0
23724,F,1973,0,0,0
23725,M,1948,0,0,0
23726,F,1971,1,0,0
23727,F,1995,0,0,0
23728,F,1996,0,0,1
23729,F,1973,0,0,1
23730,M,2008,0,0,0
23731,M,1965,0,0,0
23732,F,2005,0,0,0
23733,M,2000,0,0,1
23734,M,1930,0,0,0
23735,M,1936,0,1,1
23736,M,1988,0,0,0
23737,F,1945,0,0,1
23738,M,1995,0,0,0
23739,F,1964,0,0,1
23740,M,1942,0,0,1
23741,M,1992,0,1,0
23742,F,2005,0,0,0
23743,M,1976,0,0,0
23744,F,1993,0,0,0
23745,F,1992,0,0,0
23746,F,2000,1,0,0
23747,F,2017,0,0,1
23748,F,1990,1,0,0
23749,F,1988,1,0,0
23750,M,1995,0,1,0
23751,M,2001,0,0,0
23752,M,1954,0,0,0
23753,F,1971,1,0,1
23754,M,2004,1,0,0
23755,M,1974,0,0,0
23756,F,1997,0,0,1
23757,M,1957,0,0,1
23758,M,1995,0,0,1
23759,M,1951,1,1,0
23760,M,1953,0,0,0
23761,F,1968,1,0,1
23762,F,1995,0,0,0
23763,M,1985,0,0,0
23764,M,1983,0,0,0
23765,F,1977,0,0,0
23766,M,1948,0,0,0
23767,F,1988,0,0,0
23768,F,1958,0,1,1
23769,M,2002,0,0,0
23770,F,1993,0,0,0
23771,M,1997,0,0,1
23772,F,1957,0,0,1
23773,M,1941,0,0,1
23774,M,1991,0,0,0
23775,F,1996,0,0,0
23776,F,1985,0,0,0
23777,F,1998,0,1,1
23778,M,1990,0,0,0
23779,F,1985,0,0,0
23780,F,1985,0,0,0
23781,F,2007,1,0,1
23782,F,1991,1,0,0
23783,F,1930,0,1,0
23784,M,2005,0,0,0
23785,M,1977,0,0,1
23786,F,1980,0,0,0
23787,F,1930,1,1,0
23788,F,1978,1,0,0
23789,M,1934,0,0,1
23790,F,1979,0,0,1
23791,M,1992,0,0,1
23792,F,1978,0,0,1
23793,F,2002,0,0,0
23794,F,1976,0,0,1
23795,M,1990,0,0,1
23796,M,1992,0,0,1
23797,M,1955,0,0,0
23798,F,1987,0,0,0
23799,F,2010,0,0,0
23800,F,1969,1,0,0
23801,M,1964,1,0,0
23802,M,1930,0,0,0
23803,M,1976,0,0,0
23804,F,1988,0,1,0
23805,F,1969,0,0,0
23806,F,2002,0,0,0
23807,F,1992,0,0,0
23808,M,1966,0,0,0
23809,F,1985,1,0,0
23810,M,2008,0,0,0
23811,F,1987,0,0,0
23812,F,1978,0,0,0
23813,F,1986,1,0,0
23814,F,2007,0,0,0
23815,M,2015,0,0,1
23816,F,1961,0,0,0
23817,F,1964,0,0,0
23818,M,1994,0,1,0
23819,M,1994,0,0,1
23820,M,1988,0,0,0
23821,M,1959,1,1,0
23822,F,1978,0,0,1
23823,M,1944,0,1,1
23824,M,1978,1,0,1
23825,F,1997,1,0,1
23826,F,1993,1,0,0
23827,F,1968,0,0,0
23828,M,1934,0,0,0
23829,F,1977,0,0,0
23830,M,1954,1,1,1
23831,F,1972,1,0,1
23832,F,1974,1,0,0
23833,M,1930,1,1,1
23834,F,2000,0,0,0
23835,F,1988,0,0,0
23836,M,1991,0,0,0
23837,F,1982,0,0,0
23838,F,2006,0,0,0
23839,M,1983,0,1,0
23840,M,1994,1,0,1
23841,F,1993,0,1,1
23842,F,1950,0,0,1
23843,F,1996,0,0,0
23844,F,1930,0,0,1
23845,M,1978,0,0,0
23846,F,2013,0,0,1
23847,F,1954,0,0,1
23848,F,2015,0,0,0
23849,F,2003,0,0,1
23850,F,1972,0,0,0
23851,F,1986,0,1,0
23852,F,1964,0,0,0
23853,M,1993,0,0,1
23854,M,1993,0,0,0
23855,M,1990,0,0,0
23856,F,1971,0,0,1
23857,F,1964,1,0,1
23858,M,2002,0,0,0
23859,F,1949,0,0,1
23860,M,1930,1,0,0
23861,M,1982,0,0,0
23862,M,1976,0,0,0
23863,M,1994,0,0,0
23864,M,1955,0,0,0
23865,F,2015,0,0,0
23866,F,1937,0,0,0
23867,F,1942,0,0,0
23868,M,2003,0,0,1
23869,M,1997,0,0,0
23870,M,1986,1,0,0
23871,M,1959,0,0,1
23872,M,2007,1,0,0
23873,F,1992,0,0,1
23874,M,1968,0,0,1
23875,M,2004,0,0,0
23876,M,1984,1,0,1
23877,M,1980,0,1,0
23878,F,2000,0,0,0
23879,F,1981,0,0,0
23880,M,1979,0,0,0
23881,F,1994,0,1,1
23882,M,2008,0,1,1
23883,M,2009,0,0,0
23884,M,1970,0,0,1
23885,M,1970,1,1,0
23886,M,1989,0,0,0
23887,M,1986,1,0,0
23888,M,1992,0,0,1
23889,M,1947,1,0,0
23890,F,1992,1,0,1
23891,F,1930,0,0,1
23892,F,1998,0,0,0
23893,M,1955,0,0,1
23894,F,2004,0,0,0
23895,F,1974,0,1,1
23896,F,2006,0,0,0
23897,F,1994,1,0,0
23898,M,1956,0,0,0
23899,F,2005,0,0,0
23900,F,1940,0,0,1
23901,M,1961,0,0,0
23902,M,1962,1,1,0
23903,M,1962,0,1,0
23904,M,1937,0,0,0
23905,M,1974,0,1,1
23906,M,1994,0,0,0
23907,M,1968,0,0,0
23908,M,1984,0,0,1
23909,F,1945,0,0,1
23910,M,1982,1,0,1
23911,M,1959,0,0,1
23912,F,2000,0,0,0
23913,F,1984,0,1,0
23914,F,1984,1,0,0
23915,F,1945,0,0,0
23916,M,1962,0,0,0
23917,M,2000,0,1,0
23918,M,1982,1,0,0
23919,F,1989,0,0,0
23920,F,1961,0,0,0
23921,M,1958,0,0,1
23922,F,1949,0,0,0
23923,F,1958,0,0,1
23924,M,1997,0,0,0
23925,F,1984,0,0,1
23926,M,1955,0,1,0
23927,F,1942,0,0,1
23928,M,2005,0,0,0
23929,M,1968,0,0,0
23930,M,1983,0,0,0
23931,M,1976,0,0,1
23932,M,1962,0,0,0
23933,F,1981,0,0,1
23934,M,1978,0,1,0
23935,F,2001,1,0,0
23936,M,1984,0,0,0
23937,F,1985,0,0,0
23938,F,1986,0,1,0
23939,F,1987,0,0,0
23940,M,1931,1,1,1
23941,M,1963,0,0,0
23942,F,2003,0,0,0
23943,F,2011,0,0,0
23944,M,1985,0,0,1
23945,F,1951,0,0,1
23946,F,2000,0,0,1
23947,M,1957,0,0,0
23948,M,1997,0,0,0
23949,M,1989,0,0,0
23950,F,1986,0,0,0
23951,M,1981,1,0,0
23952,F,2006,0,0,1
23953,F,2004,0,0,0
23954,M,1990,0,1,1
23955,M,2009,0,0,0
23956,F,1992,0,0,0
23957,F,1976,0,0,0
23958,M,2001,0,0,0
23959,F,1992,0,0,0
23960,M,1979,0,0,0
23961,F,2005,0,0,1
23962,F,1975,0,0,0
23963,M,1984,0,0,1
23964,F,1998,0,0,0
23965,F,1948,0,1,0
23966,M,2001,0,0,0
23967,F,1974,0,0,0
23968,M,1973,0,0,0
23969,F,2001,0,0,0
23970,F,1997,0,0,0
23971,F,1969,1,0,1
23972,F,1960,0,0,1
23973,F,1975,1,0,0
23974,F,1969,0,0,0
23975,F,1992,0,0,0
23976,F,1953,1,1,1
23977,M,2008,0,0,0
23978,F,1977,0,0,1
23979,M,1954,0,0,0
23980,M,1958,0,0,1
23981,F,2017,0,0,0
23982,M,1962,0,0,0
23983,M,1992,0,0,0
23984,M,1992,0,0,0
23985,F,1976,0,1,1
23986,F,2002,0,0,0
23987,M,1973,0,0,0
23988,M,1956,0,1,1
23989,M,1942,0,0,1
23990,M,1930,0,1,0
23991,M,1975,0,0,1
23992,M,1994,0,0,1
23993,M,1999,0,0,0
23994,F,1930,0,1,1
23995,M,1989,1,0,0
23996,F,2015,0,0,0
23997,M,1998,0,0,0
23998,F,1993,0,1,0
23999,F,1961,1,0,0
24000,F,1940,0,0,1
24001,M,1958,0,0,1
24002,M,1968,0,0,0
24003,F,1938,0,0,0
24004,F,1959,0,1,1
24005,F,1948,1,0,1
24006,F,1993,0,0,0
24007,F,2003,0,0,0
24008,M,1999,1,0,0
24009,M,1985,0,1,0
24010,M,1930,1,0,1
24011,F,1992,0,0,0
24012,F,1999,0,0,0
24013,M,1930,1,1,1
24014,M,1974,0,0,0
24015,M,1990,1,0,0
24016,M,2005,0,0,0
24017,F,2006,0,0,0
24018,M,1955,0,0,1
24019,M,2012,0,0,0
24020,F,1982,1,0,0
24021,M,1941,0,0,1
24022,M,1993,0,0,0
24023,F,1974,0,0,0
24024,M,1996,0,0,0
24025,F,1930,0,0,0
24026,M,1971,0,0,1
24027,M,1942,0,1,1
24028,M,1980,0,0,1
24029,F,1975,0,0,0
24030,M,1967,0,0,1
24031,M,1985,0,0,0
24032,M,1959,0,0,0
24033,M,1982,1,0,0
24034,F,1964,0,1,0
24035,M,1940,0,0,1
24036,M,1977,0,0,1
24037,F,1993,0,0,0
24038,M,1944,0,0,0
24039,M,1967,0,0,0
24040,F,1989,0,0,0
24041,F,1996,0,1,0
24042,F,2020,0,0,0
24043,M,1980,0,0,0
24044,F,1981,0,0,1
24045,F,1998,0,0,0
24046,M,1998,1,0,0
24047,M,1996,1,0,0
24048,F,1983,0,0,0
24049,F,1954,0,0,0
24050,M,1986,0,0,0
24051,F,1990,0,0,1
24052,M,2002,0,0,0
24053,F,2012,0,1,0
24054,M,2002,0,1,0
24055,M,1992,0,0,0
24056,F,1995,0,0,0
24057,M,1976,0,0,1
24058,M,1979,0,0,0
24059,F,2001,0,0,0
24060,F,1976,1,0,1
24061,M,1997,0,0,0
24062,M,1985,0,0,1
24063,F,2002,0,0,0
24064,F,1976,0,0,0
24065,F,1996,0,0,0
24066,M,1944,0,1,1
24067,M,1994,0,0,1
24068,F,2003,0,0,0
24069,M,1995,0,0,0
24070,F,1999,0,0,0
24071,M,2013,0,0,0
24072,M,1939,0,1,0
24073,M,1970,0,0,0
24074,M,1979,0,0,1
24075,M,1988,0,0,0
24076,M,2002,0,0,0
24077,F,2010,0,0,0
24078,M,1985,0,0,0
24079,M,1983,0,0,0
24080,F,1989,0,0,0
24081,M,1930,0,0,1
24082,F,2014,0,0,1
24083,F,1987,0,0,1
24084,M,2013,0,0,0
24085,F,1990,0,0,1
24086,M,1992,0,0,1
24087,M,2008,1,0,0
24088,M,2000,0,0,1
24089,F,1990,0,0,0
24090,F,1988,0,0,1
24091,F,1996,0,0,0
24092,M,1949,1,0,1
24093,M,1960,0,1,0
24094,F,2004,0,0,0
24095,F,2005,0,0,0
24096,M,1999,0,0,0
24097,F,1978,0,0,0
24098,F,1992,0,0,0
24099,F,1981,0,0,0
24100,F,1959,0,1,0
24101,F,2001,0,0,1
24102,F,2011,0,0,0
24103,M,1974,0,1,1
24104,F,2001,0,0,1
24105,M,1976,0,0,1
24106,F,1979,0,0,1
24107,M,1955,0,0,0
24108,F,1977,1,0,0
24109,M,1984,1,0,1
24110,F,1985,0,1,0
24111,F,1930,0,0,1
24112,F,1932,1,1,1
24113,F,1981,0,1,1
24114,F,1990,0,1,0
24115,M,1995,1,1,0
24116,F,1974,0,0,1
24117,F,1939,0,1,0
24118,F,1969,0,0,1
24119,F,1946,1,0,1
24120,F,1967,0,1,1
24121,M,2007,0,0,1
24122,M,1930,0,0,1
24123,M,1979,0,0,0
24124,F,1931,1,0,0
24125,M,1947,0,0,1
24126,F,2009,0,0,0
24127,M,1984,0,0,1
24128,M,1997,0,0,1
24129,M,1999,0,0,0
24130,F,1976,0,0,0
24131,M,2019,0,0,0
24132,F,1962,0,0,0
24133,F,2005,0,0,0
24134,M,2006,0,1,0
24135,M,1982,0,0,1
24136,F,1967,0,0,0
24137,M,1956,0,0,1
24138,F,1934,0,0,0
24139,M,1940,1,1,0
24140,F,1972,1,0,1
24141,F,1967,0,1,0
24142,F,1958,0,0,0
24143,M,2006,1,0,1
24144,M,1986,0,0,1
24145,F,1946,0,0,0
24146,F,1999,0,0,0
24147,F,2009,0,0,0
24148,F,1999,0,0,0
24149,M,1995,0,0,0
24150,M,1982,0,0,1
24151,F,1968,1,0,0
24152,M,1957,0,1,1
24153,M,1971,0,0,0
24154,M,1944,1,0,1
24155,M,1996,0,0,1
24156,M,1996,0,0,0
24157,M,2003,0,0,0
24158,F,1984,1,0,0
24159,M,2009,0,0,0
24160,F,1998,1,0,0
24161,F,1954,0,0,1
24162,F,2006,0,0,0
24163,M,1946,0,0,0
24164,M,2000,1,0,0
24165,M,1951,0,0,1
24166,F,1995,0,0,1
24167,M,1963,0,1,1
24168,M,1982,0,0,0
24169,F,1964,0,0,1
24170,M,2012,0,0,0
24171,M,1989,0,0,0
24172,M,1949,0,0,1
24173,M,1985,0,0,0
24174,M,1996,0,0,1
24175,M,2007,0,0,0
24176,F,1998,0,0,0
24177,M,1943,0,0,1
24178,F,1970,0,0,0
24179,F,2018,0,1,0
24180,M,1962,0,0,1
24181,M,1990,0,0,0
24182,F,1991,0,0,0
24183,F,1962,0,0,1
24184,M,1953,1,0,1
24185,F,1993,0,0,0
24186,F,1969,0,0,0
24187,M,1975,1,0,0
24188,F,2008,0,0,1
24189,F,1976,0,0,0
24190,M,1983,1,0,1
24191,M,2006,0,0,0
24192,M,1965,0,0,1
24193,M,2002,1,0,0
24194,F,1996,1,0,0
24195,F,1930,0,0,0
24196,M,1997,1,1,0
24197,F,1989,1,0,0
24198,M,2008,0,0,0
24199,M,2014,0,0,0
24200,M,1930,0,1,1
24201,F,1940,0,0,0
24202,M,2014,0,0,0
24203,M,1930,0,0,0
24204,F,1930,0,0,0
24205,M,1979,0,0,1
24206,M,1999,0,0,0
24207,M,1944,1,0,1
24208,F,1962,0,0,0
24209,F,1930,0,0,0
24210,M,1930,0,0,0
24211,F,1983,0,0,1
24212,M,1978,0,1,0
24213,F,2000,0,0,1
24214,M,1999,0,0,0
24215,M,1986,1,0,0
24216,M,1965,0,1,1
24217,M,2015,0,0,0
24218,F,1930,0,0,0
24219,F,1998,0,0,0
24220,F,1985,0,0,1
24221,M,1958,0,0,1
24222,M,1979,0,0,1
24223,M,1968,1,0,1
24224,F,1981,0,0,0
24225,F,2004,1,1,1
24226,M,1945,0,0,1
24227,F,1967,0,1,1
24228,M,1994,0,0,0
24229,F,1987,0,0,0
24230,F,1996,1,1,1
24231,F,1963,1,0,0
24232,M,2010,0,0,0
24233,F,1996,0,0,0
24234,F,1990,0,0,0
24235,M,1989,0,0,1
24236,M,2001,0,0,0
24237,M,1981,1,1,1
24238,F,2009,0,0,0
24239,M,1963,0,0,1
24240,M,1931,0,1,1
24241,M,1974,0,0,0
24242,F,2001,0,1,1
24243,M,1966,0,0,1
24244,F,1989,0,0,0
24245,M,1974,0,0,0
24246,M,1980,0,1,0
24247,M,1959,1,0,0
24248,M,1974,0,0,1
24249,F,1991,0,0,1
24250,F,1997,0,0,0
24251,M,1988,0,0,0
24252,M,1954,0,0,1
24253,F,1989,0,0,0
24254,M,1969,0,0,0
24255,M,1967,0,1,0
24256,F,1986,0,0,0
24257,M,1988,0,0,1
24258,F,1983,0,0,1
24259,F,2008,1,0,0
24260,F,1971,0,0,0
24261,F,1993,1,0,0
24262,M,1977,0,0,0
24263,M,1994,0,0,0
24264,M,1941,0,0,1
24265,M,1940,0,1,1
24266,M,1967,0,0,0
24267,F,2015,0,0,0
24268,F,1985,0,0,0
24269,M,1959,0,0,1
24270,F,1930,0,0,0
24271,M,2005,1,0,0
24272,M,2015,0,0,0
24273,F,1993,0,1,0
24274,F,1995,0,0,0
24275,M,1967,0,0,0
24276,M,2002,1,0,0
24277,F,1994,0,0,0
24278,F,1992,0,1,0
24279,M,1977,0,0,0
24280,M,1968,0,0,1
24281,F,1997,0,0,0
24282,F,1976,1,0,0
24283,F,2014,0,0,0
24284,F,1937,0,0,1
24285,F,2000,0,0,1
24286,F,1951,0,0,0
24287,M,1995,0,0,0
24288,M,1967,0,0,0
24289,M,1989,0,0,0
24290,M,1961,0,0,1
24291,F,1954,0,0,1
24292,M,1941,0,1,0
24293,M,1972,0,0,1
24294,M,2012,0,1,0
24295,F,2001,0,0,0
24296,F,1940,0,0,1
24297,F,1986,0,0,0
24298,F,1988,0,0,0
24299,M,1966,0,0,1
24300,M,1970,1,0,1
24301,F,1930,0,1,1
24302,F,1984,1,0,0
24303,M,1987,0,0,0
24304,M,1955,0,0,0
24305,F,1964,0,0,1
24306,F,2005,1,0,0
24307,F,1986,0,0,0
24308,F,1930,0,0,1
24309,M,1998,0,0,0
24310,M,1987,0,0,0
24311,M,1930,0,1,1
24312,M,1930,0,0,1
24313,M,1945,0,0,0
24314,F,1990,0,0,1
24315,F,1996,0,0,0
24316,F,1956,0,0,0
24317,F,1937,0,1,0
24318,M,1984,1,0,0
24319,F,1973,0,1,0
24320,M,1997,1,0,0
24321,M,2007,0,0,0
24322,M,2007,0,0,0
24323,M,1984,0,0,0
24324,M,1999,0,0,1
24325,M,1975,1,0,1
24326,F,1996,0,0,0
24327,M,1947,0,0,1
24328,F,1991,0,0,0
24329,F,1988,0,0,1
24330,F,1939,0,0,0
24331,M,1977,0,1,1
24332,F,1974,0,1,0
24333,M,1988,0,0,1
24334,F,1980,0,0,0
24335,M,2003,0,0,0
24336,M,1955,1,0,0
24337,M,1994,0,0,0
24338,F,2005,1,0,0
24339,M,1955,0,1,0
24340,F,1970,0,0,0
24341,M,1966,0,0,1
24342,M,1982,0,0,1
24343,F,1935,0,0,1
24344,M,1995,0,1,1
24345,F,1984,0,1,0
24346,M,2013,0,0,0
24347,M,2018,0,0,0
24348,F,1977,1,0,0
24349,M,1970,0,0,1
24350,M,1979,0,0,0
24351,F,1969,0,0,1
24352,F,1956,0,1,1
24353,F,1984,1,0,1
24354,M,1989,1,0,0
24355,F,2001,0,0,0
24356,M,1975,1,0,0
24357,F,1951,0,0,0
24358,F,1964,0,0,1
24359,F,1930,0,0,1
24360,M,1980,1,0,0
24361,M,1991,1,1,0
24362,M,1986,0,0,1
24363,F,1961,0,0,0
24364,F,1970,0,0,0
24365,M,1994,0,0,0
24366,M,1976,0,0,1
24367,M,1996,1,0,0
24368,F,1969,0,0,0
24369,F,2011,0,0,0
24370,M,2008,0,0,0
24371,M,2005,0,0,0
24372,F,2000,0,0,0
24373,M,1972,1,0,0
24374,M,1962,1,0,0
24375,F,1983,0,0,0
24376,M,2005,0,0,0
24377,F,1955,0,0,0
24378,F,1985,0,0,0
24379,M,1947,0,0,0
24380,M,1980,1,0,1
24381,M,2009,0,0,0
24382,F,1998,0,0,0
24383,F,2011,0,0,0
24384,M,2016,0,0,0
24385,F,1991,0,0,0
24386,M,1980,0,0,1
24387,F,1945,0,0,1
24388,F,1972,0,0,1
24389,M,1960,0,1,0
24390,M,1993,0,0,0
24391,M,2005,0,1,0
24392,M,1981,0,0,0
24393,F,1993,0,0,0
24394,F,1963,0,0,0
24395,M,1992,0,0,0
24396,M,1972,1,0,0
24397,M,1930,0,0,1
24398,M,1965,0,1,0
24399,M,1943,1,0,1
24400,F,2009,0,0,0
24401,F,2006,0,0,0
24402,M,1979,0,0,0
24403,F,1965,0,0,0
24404,F,1973,0,0,1
24405,F,1999,0,0,0
24406,F,1967,0,0,1
24407,F,1977,0,0,1
24408,M,1993,0,0,0
24409,M,1945,0,0,0
24410,F,1965,0,1,0
24411,M,1951,0,0,1
24412,F,1979,0,0,0
24413,F,1969,1,0,0
24414,M,1973,0,0,1
24415,F,2010,0,0,0
24416,F,1983,0,1,0
24417,M,1975,0,0,0
24418,M,1957,1,0,1
24419,M,1999,0,0,0
24420,M,1981,0,0,0
24421,M,1948,0,0,1
24422,F,1988,0,0,0
24423,F,2008,0,0,0
24424,M,1965,0,0,0
24425,F,1979,0,0,0
24426,M,2011,0,0,1
24427,M,1986,0,0,0
24428,F,1982,0,0,0
24429,M,1988,0,1,1
24430,M,1980,0,0,0
24431,F,1978,0,0,0
24432,M,1976,0,0,0
24433,F,1985,0,0,1
24434,F,1962,0,0,0
24435,F,1964,0,0,0
24436,F,1994,0,0,0
24437,M,1939,0,0,1
24438,F,1996,0,0,0
24439,F,1976,0,0,1
24440,F,1974,0,0,1
24441,F,2003,0,0,0
24442,M,2006,0,0,1
24443,F,1993,0,0,0
24444,F,1967,0,0,1
24445,M,2017,0,0,0
24446,M,1990,0,0,1
24447,M,2004,0,1,1
24448,M,1959,0,0,1
24449,F,1990,0,0,0
24450,F,1974,0,0,0
24451,M,1984,0,0,0
24452,F,1963,0,0,1
24453,M,1991,0,0,0
24454,F,1996,0,0,1
24455,F,2004,0,0,1
24456,M,1977,0,0,1
24457,M,1967,0,0,1
24458,M,2001,0,0,1
24459,F,1985,0,1,0
24460,M,1939,0,1,1
24461,F,1990,0,0,1
24462,M,2003,0,0,0
24463,F,1990,0,0,0
24464,F,1991,0,0,1
24465,M,1964,1,1,1
24466,M,1980,0,1,1
24467,F,2011,0,0,0
24468,M,1956,0,1,0
24469,M,1998,1,0,1
24470,M,2004,0,0,0
24471,F,1984,0,0,0
24472,M,1996,0,0,0
24473,M,1961,1,0,0
24474,M,1979,1,0,1
24475,F,1990,0,0,1
24476,F,1998,0,0,0
24477,M,1937,1,1,0
24478,F,1948,0,0,0
24479,M,1985,0,0,1
24480,F,2012,0,0,0
24481,F,1991,1,0,1
24482,M,1965,0,0,0
24483,F,2001,0,0,0
24484,F,1934,0,0,0
24485,M,1940,0,1,1
24486,M,1995,0,1,1
24487,M,1999,0,0,0
24488,F,1960,0,0,0
24489,F,1972,0,0,1
24490,M,1989,0,1,0
24491,F,1957,0,0,0
24492,F,2005,0,0,0
24493,M,1986,0,0,0
24494,F,1948,1,1,1
24495,M,1967,0,0,1
24496,M,1960,0,0,0
24497,F,1930,0,0,0
24498,F,1975,0,0,0
24499,M,1974,0,0,1
24500,M,2004,0,0,0
24501,M,1991,0,0,1
24502,M,1968,0,0,1
24503,F,1970,0,0,0
24504,F,1958,0,0,0
24505,M,1982,0,0,1
24506,F,1982,1,1,0
24507,M,1986,0,0,1
24508,M,2011,0,0,0
24509,M,2003,1,0,0
24510,F,1987,0,0,0
24511,F,1953,0,0,0
24512,M,1980,0,0,0
24513,M,1986,0,0,0
24514,M,1984,0,0,0
24515,F,1988,0,0,0
24516,M,1988,1,1,0
24517,F,1997,0,0,1
24518,M,1978,0,0,1
24519,F,1953,1,0,0
24520,M,1982,0,0,0
24521,M,1975,0,0,0
24522,F,1980,0,0,1
24523,M,1970,0,0,0
24524,F,1986,0,0,0
24525,F,2011,0,0,0
24526,M,1999,0,0,0
24527,M,1985,0,0,1
24528,M,1931,0,1,1
24529,F,1997,0,0,0
24530,M,1994,0,0,0
24531,M,1995,0,0,1
24532,F,2010,0,0,1
24533,M,1984,0,0,0
24534,M,2013,0,0,0
24535,F,1977,0,0,0
24536,M,1969,0,1,1
24537,F,2014,0,0,0
24538,M,1930,1,0,1
24539,M,2007,0,0,0
24540,M,2001,1,0,0
24541,M,1930,1,1,1
24542,F,2008,0,0,0
24543,M,1981,0,0,1
24544,F,1974,0,0,0
24545,M,1989,0,0,1
24546,F,1989,0,0,0
24547,F,1974,0,0,1
24548,F,1950,0,0,0
24549,F,1982,0,0,1
24550,M,1930,0,0,1
24551,F,2008,1,0,0
24552,F,1930,0,0,0
24553,M,1991,0,0,0
24554,F,1930,0,0,1
24555,F,1968,1,0,0
24556,M,2001,0,1,0
24557,M,1977,0,1,1
24558,M,2012,0,0,0
24559,F,1997,0,0,0
24560,F,1989,0,0,0
24561,F,1984,1,1,0
24562,F,1949,0,0,1
24563,F,1994,0,0,0
24564,F,1999,0,0,0
24565,M,2000,0,0,0
24566,F,1978,0,0,0
24567,F,1963,1,0,0
24568,M,1996,1,0,0
24569,F,1978,0,0,0
24570,M,2019,0,0,0
24571,F,1993,0,0,0
24572,F,2010,0,0,1
24573,M,1934,0,0,0
24574,F,1932,1,1,1
24575,F,1979,0,0,0
24576,M,2009,0,0,0
24577,M,2006,0,0,1
24578,F,1980,0,0,1
24579,F,1981,0,0,0
24580,M,2011,0,1,1
24581,F,1994,0,0,1
24582,M,1986,0,0,0
24583,M,1948,1,0,1
24584,M,1972,0,0,1
24585,M,1993,0,0,0
24586,M,1944,0,1,1
24587,M,1936,1,0,1
24588,M,1964,0,0,1
24589,M,2009,0,0,0
24590,F,1988,1,0,0
24591,M,1994,0,0,0
24592,M,1997,0,0,1
24593,M,1943,0,0,0
24594,M,1938,1,1,0
24595,M,1993,0,0,1
24596,M,1990,0,1,0
24597,M,2007,1,0,0
24598,F,1947,0,0,1
24599,F,1957,0,1,1
24600,F,1998,0,0,0
24601,M,1996,0,0,0
24602,F,1974,0,1,1
24603,F,1975,1,0,0
24604,M,1984,0,0,0
24605,M,1960,0,0,0
24606,M,1970,0,0,0
24607,M,1978,0,0,1
24608,M,1994,0,0,0
24609,F,1969,0,1,0
24610,F,1978,0,0,0
24611,F,1993,0,1,0
24612,F,1991,0,0,0
24613,F,1998,1,0,0
24614,F,1980,0,0,0
24615,F,1964,0,0,1
24616,F,2004,0,0,0
24617,M,1992,0,0,1
24618,M,1962,0,0,0
24619,F,1989,0,0,0
24620,M,1983,1,0,0
24621,M,2001,0,1,0
24622,M,2002,1,0,1
24623,M,1993,0,0,0
24624,M,1988,0,0,1
24625,M,1975,0,0,0
24626,M,1943,0,0,1
24627,M,2002,0,0,0
24628,M,2008,0,0,0
24629,M,2009,0,0,0
24630,M,1981,0,0,1
24631,F,1975,0,0,0
24632,F,1997,1,0,0
24633,F,1982,0,1,0
24634,F,1959,0,1,1
24635,M,1989,0,0,0
24636,F,1991,0,1,0
24637,M,2004,0,0,0
24638,M,1976,1,0,0
24639,F,1998,0,0,0
24640,M,1970,1,0,0
24641,F,1990,0,0,1
24642,M,1988,0,0,0
24643,F,2011,0,0,0
24644,F,1958,0,0,0
24645,F,1965,1,0,1
24646,M,1999,0,0,0
24647,M,1970,0,1,1
24648,F,2002,0,0,0
24649,M,1969,0,0,0
24650,F,1974,1,0,0
24651,M,1946,0,0,1
24652,M,1975,1,0,0
24653,M,2000,0,0,0
24654,M,1982,0,0,0
24655,M,1990,0,0,0
24656,M,1948,0,1,1
24657,F,2007,0,0,1
24658,F,1983,0,0,0
24659,M,2000,0,0,0
24660,F,1938,0,0,0
24661,M,1981,0,1,0
24662,F,1973,1,0,0
24663,M,1990,0,0,0
24664,F,1969,0,0,1
24665,F,2000,0,0,0
24666,F,1999,0,0,0
24667,F,1949,0,0,1
24668,F,1930,0,0,1
24669,F,2010,0,0,0
24670,M,1995,1,0,1
24671,M,1959,0,0,0
24672,M,1974,0,0,0
24673,M,1998,0,0,0
24674,F,1991,0,0,0
24675,M,1997,0,0,0
24676,F,1971,1,0,1
24677,F,1998,1,1,0
24678,M,1991,0,0,1
24679,M,1966,0,0,0
24680,F,1978,0,0,0
24681,F,1955,0,0,1
24682,F,1998,0,0,0
24683,F,1992,0,1,1
24684,F,2000,0,1,1
24685,M,1994,0,0,0
24686,F,2006,0,0,0
24687,M,2016,0,0,0
24688,F,2008,0,0,0
24689,M,1965,0,0,1
24690,F,2007,0,0,0
24691,M,1976,0,0,1
24692,F,1993,0,1,0
24693,M,1990,0,0,1
24694,F,2006,0,0,0
24695,F,1996,0,0,1
24696,M,1980,0,1,1
24697,F,2007,0,0,0
24698,M,1997,1,0,0
24699,M,1984,0,0,0
24700,F,1975,1,1,0
24701,M,1990,0,0,0
24702,F,1937,0,0,0
24703,F,1985,0,0,0
24704,F,1969,0,1,0
24705,F,1980,0,0,1
24706,F,1993,0,0,0
24707,M,2012,0,0,1
24708,M,1966,0,0,0
24709,F,1966,1,0,1
24710,F,1939,0,0,0
24711,F,1993,0,1,0
24712,M,1930,0,0,1
24713,F,1968,0,0,1
24714,F,1955,0,0,0
24715,M,2005,0,0,0
24716,F,1983,0,0,0
24717,M,1945,0,0,1
24718,F,2005,1,0,0
24719,M,2019,0,0,0
24720,F,1994,0,0,0
24721,F,1936,0,0,1
24722,F,1951,0,0,1
24723,F,1985,0,0,0
24724,M,1997,0,0,0
24725,M,1972,0,0,0
24726,F,1951,0,0,1
24727,M,1968,0,0,0
24728,F,1946,0,0,0
24729,F,1946,0,0,1
24730,F,1975,0,0,1
24731,M,1966,0,0,0
24732,M,1980,0,0,1
24733,M,2011,0,0,1
24734,F,1979,0,1,1
24735,M,2005,1,0,0
24736,M,2006,1,0,1
24737,M,1960,0,0,1
24738,M,1995,0,1,1
24739,M,1989,0,1,0
24740,F,2001,0,0,0
24741,M,1999,0,0,0
24742,M,1986,1,0,0
24743,F,1978,0,0,0
24744,F,1987,0,0,1
24745,M,1973,0,0,1
24746,F,1965,0,0,0
24747,M,2009,0,0,0
24748,F,1971,0,0,1
24749,M,1980,0,0,1
24750,M,1980,0,0,0
24751,F,2004,0,0,1
24752,F,1992,0,0,0
24753,M,1969,0,0,1
24754,M,2006,0,0,1
24755,F,1930,0,1,1
24756,M,1959,0,0,1
24757,F,2001,0,0,0
24758,M,1991,1,0,0
24759,M,2007,0,0,0
24760,M,1958,1,0,1
24761,F,1987,0,0,0
24762,F,1979,0,0,0
24763,F,1984,1,0,1
24764,F,1967,0,0,0
24765,M,2001,0,0,0
24766,F,1930,0,0,1
24767,M,1967,0,0,0
24768,F,1964,0,0,1
24769,M,1977,0,0,0
24770,M,2001,0,0,0
24771,F,1990,0,0,0
24772,F,1993,1,0,0
24773,M,1952,0,1,1
24774,F,2000,1,0,0
24775,F,1982,0,0,0
24776,M,2005,0,0,0
24777,M,1968,1,0,1
24778,M,1996,0,0,0
24779,M,2023,0,0,0
24780,F,1965,1,0,1
24781,F,1956,0,0,1
24782,F,1930,0,0,0
24783,M,1986,0,0,0
24784,M,1977,0,0,0
24785,F,1984,0,0,0
24786,F,1991,0,0,0
24787,M,1960,1,1,1
24788,M,1992,0,1,1
24789,M,1967,0,1,1
24790,M,2017,0,0,0
24791,F,1997,0,1,0
24792,M,1959,0,0,0
24793,M,1983,0,0,1
24794,M,1955,0,0,0
24795,F,1982,1,0,0
24796,M,1962,0,0,0
24797,M,1997,0,1,1
24798,F,1967,1,1,1
24799,F,1972,0,1,0
24800,M,1985,1,0,0
24801,M,1961,0,0,1
24802,M,1956,1,0,0
24803,M,1964,0,1,0
24804,F,1960,0,0,1
24805,F,1972,0,0,1
24806,F,2003,0,0,0
24807,F,1980,0,0,0
24808,F,1985,0,0,0
24809,M,1975,0,0,0
24810,M,1956,0,1,0
24811,F,1963,0,1,0
24812,F,1965,0,1,1
24813,M,2014,0,0,0
24814,M,1984,0,0,0
24815,M,1991,0,0,0
24816,F,1969,0,1,0
24817,M,1948,0,0,0
24818,F,1976,0,0,0
24819,F,2005,1,0,0
24820,M,1982,0,0,1
24821,M,2020,0,0,1
24822,M,1959,0,0,0
24823,M,1991,0,0,0
24824,F,1952,0,0,1
24825,M,1951,0,1,0
24826,M,1944,0,1,0
24827,F,1992,0,0,0
24828,F,1930,0,1,1
24829,M,1953,1,0,1
24830,F,1990,1,0,0
24831,M,1948,0,0,0
24832,F,1991,0,0,0
24833,M,1974,0,0,0
24834,F,1966,0,1,1
24835,M,1968,0,0,1
24836,F,1996,0,0,0
24837,F,1946,1,0,1
24838,M,1945,0,1,1
24839,F,1958,0,0,0
24840,M,1933,0,1,0
24841,F,1946,0,0,1
24842,F,1953,0,0,1
24843,M,1953,0,1,0
24844,F,1967,0,1,0
24845,M,1984,0,0,0
24846,F,1965,0,1,0
24847,F,1997,1,0,0
24848,F,1949,0,0,0
24849,F,1930,0,0,0
24850,F,1964,0,0,1
24851,F,1989,0,0,1
24852,M,1999,0,0,0
24853,F,1984,0,1,0
24854,F,1952,1,0,1
24855,M,1968,0,1,1
24856,F,1974,0,0,0
24857,M,1982,0,0,1
24858,M,1970,0,0,0
24859,F,2006,0,0,0
24860,M,1987,0,0,0
24861,F,1988,0,0,0
24862,M,1987,0,0,0
24863,F,1958,0,1,0
24864,M,2007,0,0,1
24865,F,1987,0,0,0
24866,M,1978,0,0,0
24867,F,1982,0,0,0
24868,F,1982,0,0,1
24869,M,2007,0,1,0
24870,F,1971,1,0,1
24871,M,2004,1,0,1
24872,F,2000,0,0,0
24873,M,1959,0,0,1
24874,M,1978,1,0,0
24875,M,1991,0,0,0
24876,M,1930,0,0,1
24877,M,1987,0,1,0
24878,M,2000,0,0,0
24879,M,2010,0,0,0
24880,M,1953,1,0,1
24881,F,1961,0,0,1
24882,M,1980,0,0,1
24883,M,1995,0,1,0
24884,F,1967,0,0,0
24885,M,1963,1,0,1
24886,M,2017,0,0,0
24887,M,2000,1,0,0
24888,M,1958,0,0,0
24889,M,2004,0,0,0
24890,M,1988,0,0,0
24891,M,1982,1,0,1
24892,F,1996,0,0,0
24893,F,1977,0,0,0
24894,F,1996,0,0,1
24895,M,2000,0,0,0
24896,F,2005,0,0,1
24897,M,2005,0,0,0
24898,M,1953,0,0,0
24899,F,1965,0,0,0
24900,F,1978,0,0,1
24901,F,1982,1,0,0
24902,M,1930,0,0,1
24903,M,1957,1,0,1
24904,M,1943,1,1,0
24905,M,1981,0,0,0
24906,M,1996,1,0,0
24907,M,2001,0,0,0
24908,F,1999,0,0,0
24909,M,1994,0,0,0
24910,M,1982,0,0,1
24911,M,1978,0,1,0
24912,F,1988,0,0,0
24913,F,1991,0,0,0
24914,F,2003,0,0,0
24915,M,1930,0,1,0
24916,F,2006,0,0,0
24917,M,1933,0,0,1
24918,F,1988,0,0,0
24919,F,1988,0,0,1
24920,M,1996,0,0,0
24921,F,1966,0,0,0
24922,M,2000,1,0,0
24923,F,1981,0,0,0
24924,M,1970,0,0,0
24925,F,2013,0,0,0
24926,F,1993,0,0,0
24927,M,1930,0,0,0
24928,F,1995,1,0,0
24929,F,1998,1,0,0
24930,F,1991,1,0,0
24931,M,1930,0,0,0
24932,M,1933,0,0,0
24933,M,1984,0,0,0
24934,M,1954,1,0,0
24935,F,1984,0,0,0
24936,M,1981,1,0,0
24937,M,1973,0,0,0
24938,F,1962,1,0,0
24939,F,1991,0,0,0
24940,F,1999,1,0,0
24941,F,1971,0,0,1
24942,F,2003,0,0,1
24943,F,1985,0,0,0
24944,F,1986,0,0,0
24945,F,2011,0,0,0
24946,M,1999,0,0,1
24947,F,1984,1,0,1
24948,M,2019,0,0,1
24949,F,1958,0,0,0
24950,M,2000,0,0,0
24951,F,1967,0,0,1
24952,M,1994,0,0,0
24953,F,1930,0,0,1
24954,M,1983,0,0,0
24955,M,2015,0,0,0
24956,F,1962,1,0,1
24957,M,1994,0,0,0
24958,F,1938,1,0,1
24959,M,1930,0,0,0
24960,M,1999,0,1,0
24961,M,1996,0,0,0
24962,F,1949,0,1,0
24963,M,1989,0,0,0
24964,F,1945,0,1,0
24965,F,2004,0,0,0
24966,F,2004,0,0,0
24967,M,2005,0,0,0
24968,F,2007,0,0,0
24969,M,1999,1,0,0
24970,F,1981,0,0,1
24971,M,1930,0,1,1
24972,F,2006,1,1,0
24973,M,1982,0,0,1
24974,M,1972,0,1,1
24975,F,1988,0,1,1
24976,F,1979,0,0,0
24977,F,1992,0,0,1
24978,M,1997,0,0,0
24979,M,1990,0,0,1
24980,M,1953,0,0,1
24981,F,2016,0,1,0
24982,F,1965,0,0,1
24983,M,1985,0,0,1
24984,M,2005,0,0,0
24985,M,2009,0,0,0
24986,M,1991,0,0,0
24987,M,1968,1,0,0
24988,F,1971,0,0,0
24989,F,1975,1,1,0
24990,F,2007,0,0,0
24991,F,1960,0,0,0
24992,M,1978,0,1,1
24993,M,2000,0,0,0
24994,F,1957,0,1,0
24995,M,2002,0,1,0
24996,M,1975,0,0,1
24997,F,1996,0,0,0
24998,F,1989,0,0,0
24999,M,1972,1,0,1
25000,F,1981,0,0,1
25001,M,1985,0,1,1
25002,M,1999,1,0,0
25003,M,1997,0,0,0
25004,F,1996,0,0,0
25005,M,1954,0,1,1
25006,M,2016,0,0,1
25007,F,1930,0,0,0
25008,M,1999,0,0,0
25009,F,1936,0,0,0
25010,M,2001,0,0,0
25011,M,1975,0,0,0
25012,F,2002,1,0,1
25013,F,1950,0,0,0
25014,F,1960,0,0,1
25015,F,1952,0,1,1
25016,F,1992,0,0,0
25017,M,1999,0,1,0
25018,M,1954,0,0,0
25019,M,1986,1,0,0
25020,F,1985,0,0,0
25021,M,1993,0,0,0
25022,F,1987,1,0,0
25023,M,1954,0,0,0
25024,F,1995,0,0,0
25025,M,1995,0,0,1
25026,F,1998,0,0,0
25027,F,1987,1,1,0
25028,F,1951,1,0,0
25029,F,1999,0,0,0
25030,F,1996,0,0,1
25031,F,1935,1,0,1
25032,F,1996,0,1,1
25033,M,1983,0,0,0
25034,M,1930,0,0,0
25035,M,1987,1,0,0
25036,M,1930,0,0,0
25037,M,1999,0,1,1
25038,F,1930,1,1,1
25039,F,1988,0,0,1
25040,F,2014,0,0,0
25041,F,2012,0,0,0
25042,M,1992,1,0,0
25043,F,1977,0,0,0
25044,M,1986,0,0,0
25045,M,1946,0,0,0
25046,F,1972,0,0,1
25047,F,1989,1,0,1
25048,M,1979,0,0,0
25049,M,1991,0,0,0
25050,F,1970,1,0,0
25051,M,1998,0,0,1
25052,M,1970,0,0,1
25053,F,1987,0,0,0
25054,F,1992,0,0,0
25055,M,1947,0,1,1
25056,M,1930,0,0,1
25057,M,1978,0,1,0
25058,M,1990,0,0,0
25059,F,1990,0,1,0
25060,M,1990,0,0,0
25061,F,2018,0,0,0
25062,M,1967,0,0,1
25063,F,1975,0,1,0
25064,M,1981,0,1,1
25065,M,1959,0,0,0
25066,F,2002,0,0,1
25067,M,2014,0,0,0
25068,F,1990,1,0,0
25069,F,1965,0,0,1
25070,F,1979,0,0,0
25071,M,1986,0,0,0
25072,F,1930,0,0,1
25073,M,1942,0,0,0
25074,M,1961,0,0,0
25075,F,1987,0,0,0
25076,F,1930,0,1,0
25077,M,2001,0,0,0
25078,M,1951,1,1,0
25079,F,1949,0,0,1
25080,M,1992,1,1,0
25081,M,1940,0,0,1
25082,F,2002,0,0,0
25083,M,1971,0,0,1
25084,F,1954,1,1,0
25085,F,1973,0,0,0
25086,F,2007,0,0,0
25087,M,1954,0,0,0
25088,F,1942,0,0,0
25089,F,1977,0,0,1
25090,F,2010,0,0,0
25091,M,1978,0,1,0
25092,F,1993,0,0,0
25093,M,1980,0,0,0
25094,F,1962,0,1,0
25095,M,2003,0,0,0
25096,F,1934,0,0,0
25097,F,1988,0,1,0
25098,F,1976,1,0,0
25099,M,1991,0,0,1
25100,M,1962,0,0,1
25101,M,1934,0,1,1
25102,M,1997,0,0,0
25103,M,1966,0,0,0
25104,F,1995,0,1,0
25105,M,1963,0,0,0
25106,F,1980,0,0,0
25107,F,1956,1,0,0
25108,F,1974,0,0,0
25109,M,1930,1,0,1
25110,M,1991,0,0,0
25111,M,2005,1,1,0
25112,F,1993,0,0,0
25113,M,1992,0,1,0
25114,F,1983,0,0,1
25115,M,1989,0,0,0
25116,M,1976,0,1,0
25117,M,2010,0,0,0
25118,F,1989,0,0,0
25119,M,1990,1,0,0
25120,F,1960,1,1,0
25121,M,1999,0,0,0
25122,M,2000,1,0,0
25123,M,1981,0,0,0
25124,M,1958,0,0,1
25125,F,2019,0,0,0
25126,F,1962,1,0,1
25127,M,1967,0,0,0
25128,F,1983,1,0,1
25129,M,1977,1,0,0
25130,F,1951,0,0,0
25131,F,1993,0,0,0
25132,F,2006,0,0,0
25133,M,1967,1,0,1
25134,M,1969,0,0,0
25135,M,2013,0,0,0
25136,F,1932,0,0,1
25137,F,1971,0,0,0
25138,F,1998,0,0,1
25139,M,1969,0,0,0
25140,F,1973,0,0,0
25141,F,1990,0,0,0
25142,F,1977,0,0,0
25143,M,1977,0,0,0
25144,M,1980,0,1,0
25145,F,1982,0,0,0
25146,M,1972,0,0,0
25147,F,1976,0,0,1
25148,F,1992,0,0,0
25149,F,2001,0,0,0
25150,M,1978,1,0,0
25151,F,1962,0,0,1
25152,F,1979,0,0,0
25153,F,1993,0,0,0
25154,M,2010,0,0,1
25155,M,1930,0,1,0
25156,M,1970,0,0,0
25157,F,1972,0,0,0
25158,F,1990,0,0,1
25159,M,2010,0,0,0
25160,M,1994,0,0,0
25161,F,1938,0,0,1
25162,F,2004,0,0,0
25163,F,2012,0,0,0
25164,F,1931,1,0,1
25165,F,1998,0,0,1
25166,F,1985,0,1,0
25167,M,1972,0,0,0
25168,F,2019,0,0,0
25169,F,1930,0,0,0
25170,F,1939,1,0,0
25171,M,1983,0,0,0
25172,M,1993,0,0,0
25173,F,2002,0,0,0
25174,F,1970,0,0,0
25175,M,1978,0,0,0
25176,M,2010,0,0,0
25177,F,1986,0,0,0
25178,M,1978,0,0,0
25179,F,1967,1,0,0
25180,F,2000,0,0,0
25181,M,1977,0,0,0
25182,M,2003,0,0,0
25183,M,1972,0,0,1
25184,F,1986,0,1,0
25185,F,1930,0,0,0
25186,M,1997,1,0,1
25187,M,1991,0,0,0
25188,F,2010,0,0,1
25189,M,1982,1,0,1
25190,M,1989,0,0,0
25191,F,1979,0,0,0
25192,F,1983,0,0,0
25193,F,1930,0,0,0
25194,F,1969,0,1,1
25195,M,1960,0,0,1
25196,F,1979,0,0,0
25197,M,1975,0,0,0
25198,M,1980,0,0,1
25199,M,1979,0,0,1
25200,F,1993,0,0,0
25201,M,1961,0,0,0
25202,M,1930,0,1,1
25203,F,1979,0,0,0
25204,F,1999,1,0,0
25205,F,1953,0,0,1
25206,F,1931,0,0,1
25207,F,1992,0,0,1
25208,M,2002,1,0,0
25209,F,1964,1,0,1
25210,M,1978,0,0,1
25211,M,1967,0,0,0
25212,M,1981,0,0,0
25213,M,1985,0,0,0
25214,M,1998,0,0,1
25215,M,1971,0,1,0
25216,M,2004,1,0,0
25217,M,1961,0,0,1
25218,F,1963,0,0,1
25219,M,1972,0,0,1
25220,F,1944,1,0,0
25221,F,1987,0,0,0
25222,M,1988,0,0,1
25223,F,1990,0,0,0
25224,M,1977,1,0,1
25225,F,1984,0,0,0
25226,M,1990,0,1,0
25227,M,1989,0,0,0
25228,M,1973,0,0,1
25229,F,1948,0,0,1
25230,F,1993,0,0,0
25231,F,2014,0,1,0
25232,F,1965,0,0,0
25233,F,1999,0,0,0
25234,M,1948,0,1,1
25235,F,1960,0,0,0
25236,M,1957,0,0,0
25237,M,1979,0,0,0
25238,F,1950,0,1,0
25239,F,1971,0,0,0
25240,M,1973,0,0,0
25241,M,1978,0,0,0
25242,F,1968,0,0,1
25243,F,2006,0,0,0
25244,M,1990,0,0,0
25245,F,1990,0,0,0
25246,F,1983,0,0,0
25247,F,2000,0,1,0
25248,M,1994,0,0,0
25249,M,2003,0,0,0
25250,M,1994,0,0,0
25251,F,1998,1,0,1
25252,M,1995,0,0,0
25253,F,1959,0,1,0
25254,M,1982,0,0,0
25255,M,1986,0,0,0
25256,F,1944,0,0,0
25257,F,1973,0,1,1
25258,F,1971,1,1,0
25259,M,1978,0,0,1
25260,M,1958,0,0,0
25261,M,1953,0,0,0
25262,M,1974,0,0,0
25263,M,1958,0,0,0
25264,F,1968,0,0,1
25265,M,1973,0,1,0
25266,F,1988,1,0,0
25267,M,1995,0,0,1
25268,F,2006,0,0,1
25269,M,1933,0,1,1
25270,M,1958,0,0,1
25271,M,1990,0,0,0
25272,M,2008,1,1,0
25273,F,1968,1,0,0
25274,M,1987,0,0,1
25275,F,1956,0,0,0
25276,M,1999,0,0,0
25277,F,1991,1,0,0
25278,F,1985,0,0,0
25279,M,1964,0,0,0
25280,F,1994,0,1,0
25281,F,1968,0,0,1
25282,M,2006,0,0,0
25283,M,1982,0,0,0
25284,M,1939,1,0,0
25285,M,1930,0,0,0
25286,F,1951,1,0,0
25287,F,2008,1,0,0
25288,F,1984,0,0,0
25289,M,1982,0,0,0
25290,M,1955,1,0,1
25291,F,1978,0,0,0
25292,F,2000,0,0,1
25293,M,1950,0,0,1
25294,M,1930,1,0,1
25295,M,1961,0,0,0
25296,F,1995,0,0,0
25297,F,1930,0,0,1
25298,M,1958,1,0,0
25299,M,1963,1,0,1
25300,M,1930,0,0,0
25301,M,1957,0,1,0
25302,F,1983,0,1,0
25303,M,1936,0,1,0
25304,F,1998,0,0,0
25305,M,1995,1,0,0
25306,M,1992,0,0,1
25307,F,1977,0,0,0
25308,M,1974,1,0,0
25309,M,1985,0,0,0
25310,F,1984,1,0,1
25311,F,1972,0,0,1
25312,F,1998,0,0,1
25313,F,1966,0,0,0
25314,M,2015,0,0,0
25315,F,1981,0,0,0
25316,F,1992,0,0,0
25317,F,1930,0,1,1
25318,F,1987,1,0,0
25319,M,1977,0,1,0
25320,F,1986,0,0,0
25321,F,2001,0,0,0
25322,M,2001,0,0,1
25323,F,2004,0,0,0
25324,F,1981,0,0,0
25325,M,1987,0,0,0
25326,F,2009,0,0,0
25327,F,1930,0,0,1
25328,F,1963,0,0,0
25329,M,1977,0,0,0
25330,M,2012,0,0,0
25331,F,1971,0,0,0
25332,F,1978,0,0,1
25333,M,1957,0,0,0
25334,F,1995,0,0,0
25335,F,1991,0,1,0
25336,M,1974,0,0,0
25337,M,1991,0,0,0
25338,F,1971,0,0,1
25339,F,2001,1,0,1
25340,M,1983,1,0,0
25341,M,1995,0,0,0
25342,M,1958,0,0,0
25343,F,1930,1,0,0
25344,M,1930,0,0,1
25345,F,2010,0,1,1
25346,F,1969,1,0,1
25347,M,1995,0,0,0
25348,F,2002,0,0,1
25349,M,1969,0,0,1
25350,M,2002,0,0,0
25351,F,1948,0,0,1
25352,F,1969,0,0,0
25353,F,1956,0,1,0
25354,F,1974,0,0,1
25355,F,2003,0,0,1
25356,M,1988,0,0,0
25357,M,1941,0,1,0
25358,M,1983,0,1,0
25359,F,1985,0,0,1
25360,F,1937,0,1,1
25361,F,1975,0,0,0
25362,M,1946,0,0,1
25363,F,1983,0,1,0
25364,M,1999,0,0,1
25365,M,2014,0,0,0
25366,F,1984,0,1,0
25367,F,1978,0,1,1
25368,F,1950,0,0,0
25369,F,2021,0,0,0
25370,M,1966,0,0,1
25371,F,1980,0,0,0
25372,M,1984,0,0,0
25373,M,1930,0,1,0
25374,F,1969,0,0,0
25375,M,1935,0,1,1
25376,M,1995,0,1,0
25377,M,1989,0,0,1
25378,F,1949,0,0,1
25379,F,1998,1,0,0
25380,F,1997,1,0,0
25381,M,2000,0,0,0
25382,M,1992,0,0,1
25383,M,1974,0,0,1
25384,F,1966,0,0,1
25385,F,1976,0,1,1
25386,F,1987,0,1,0
25387,M,1979,1,1,0
25388,F,1934,0,1,0
25389,M,1980,1,0,0
25390,M,1989,0,0,0
25391,M,2015,0,0,0
25392,F,1982,1,0,0
25393,M,1951,0,0,1
25394,F,2009,0,0,0
25395,M,2004,0,0,0
25396,F,1991,0,0,1
25397,F,1994,0,0,0
25398,M,1978,0,0,0
25399,M,1930,1,0,0
25400,F,2001,0,0,0
25401,F,1994,0,0,0
25402,M,1984,0,1,0
25403,M,1995,1,0,1
25404,F,1978,0,0,1
25405,F,1967,0,0,0
25406,M,1994,1,0,0
25407,M,1956,0,1,0
25408,F,1988,0,0,0
25409,F,1996,0,0,1
25410,M,2006,0,0,0
25411,M,1964,1,0,0
25412,M,1973,0,1,1
25413,M,2001,1,0,0
25414,M,1998,0,0,0
25415,M,1976,0,0,0
25416,M,1966,0,0,1
25417,F,1972,1,0,0
25418,M,1965,0,0,0
25419,M,1930,1,1,0
25420,M,1956,0,0,0
25421,M,1964,0,0,1
25422,F,1992,1,0,0
25423,M,2003,1,0,0
25424,F,1941,0,1,1
25425,F,1991,0,0,1
25426,F,1970,0,0,0
25427,F,2007,0,0,0
25428,F,2011,0,0,0
25429,F,1956,1,0,1
25430,M,1996,0,0,1
25431,M,1970,0,0,1
25432,F,1996,0,0,0
25433,M,1967,0,0,0
25434,M,1983,0,0,0
25435,M,1987,1,1,0
25436,M,1973,0,0,1
25437,M,1968,0,0,0
25438,F,1994,0,0,0
25439,F,1970,0,1,0
25440,M,1968,0,0,0
25441,M,1957,0,0,1
25442,M,1946,1,1,1
25443,M,1982,0,0,1
25444,F,1996,0,0,0
25445,F,1999,0,0,0
25446,M,1993,1,0,1
25447,M,1992,1,0,1
25448,F,1989,0,0,0
25449,F,1982,0,1,0
25450,F,1977,0,0,1
25451,F,1976,0,0,0
25452,M,1962,0,0,0
25453,F,1941,0,0,0
25454,M,1976,0,0,0
25455,M,1992,0,0,0
25456,F,1962,0,0,0
25457,F,1964,0,0,0
25458,F,1993,0,0,0
25459,M,1964,1,0,0
25460,M,2017,0,0,0
25461,F,2000,0,0,0
25462,F,2003,0,0,0
25463,M,1999,0,0,0
25464,M,1962,0,1,1
25465,M,1987,0,0,0
25466,F,1958,0,0,1
25467,F,1938,0,0,0
25468,M,1940,0,0,1
25469,F,1994,0,0,0
25470,F,1986,0,0,0
25471,M,1982,0,0,1
25472,M,1931,0,1,1
25473,M,1994,0,0,0
25474,M,1952,0,0,1
25475,F,1970,1,0,0
25476,M,2015,0,1,0
25477,M,1988,0,0,0
25478,F,2000,0,0,0
25479,M,1988,0,0,0
25480,F,2015,0,0,0
25481,F,1930,0,0,1
25482,M,1990,1,0,0
25483,M,1988,1,0,1
25484,M,1933,0,0,1
25485,M,2005,1,0,0
25486,M,1969,0,0,0
25487,M,1996,0,0,0
25488,F,2011,0,1,0
25489,F,1965,0,0,1
25490,M,1944,0,0,1
25491,M,1983,0,0,0
25492,F,1961,0,0,0
25493,F,1994,0,0,0
25494,F,1968,0,0,1
25495,M,1981,0,0,0
25496,M,1992,0,1,1
25497,M,2001,1,0,0
25498,M,1945,1,1,0
25499,F,1980,0,0,0
25500,M,1989,1,0,0
25501,M,1987,0,0,0
25502,F,1967,0,0,0
25503,F,1962,1,0,0
25504,F,1981,0,0,1
25505,F,1970,0,1,0
25506,M,1988,0,0,0
25507,F,1986,1,0,1
25508,F,1965,1,0,1
25509,M,1989,0,0,0
25510,M,2002,0,0,0
25511,F,1966,0,0,1
25512,M,1972,0,0,1
25513,F,1956,0,0,0
25514,M,1967,0,1,1
25515,M,1973,1,0,1
25516,F,2004,0,0,0
25517,F,1981,0,1,0
25518,M,1992,1,0,1
25519,F,1967,1,1,1
25520,M,1930,0,0,0
25521,M,1962,0,1,0
25522,M,2005,0,0,1
25523,M,1974,0,0,1
25524,M,1991,0,0,0
25525,M,1964,0,0,0
25526,F,1959,0,0,0
25527,M,1982,0,0,0
25528,M,1989,0,1,0
25529,F,1973,0,0,1
25530,M,1994,0,0,1
25531,F,1958,0,0,0
25532,F,1967,1,0,0
25533,M,1990,0,0,0
25534,M,2000,0,1,0
25535,F,1975,0,0,0
25536,M,1952,0,0,1
25537,M,1960,0,0,0
25538,F,2002,0,0,1
25539,F,1970,0,0,0
25540,M,1967,0,0,0
25541,M,1986,0,0,0
25542,M,1980,1,0,0
25543,F,1962,0,0,0
25544,M,1977,0,0,0
25545,M,2012,0,0,0
25546,M,1997,0,0,0
25547,F,1990,0,1,0
25548,M,1996,1,0,1
25549,F,1958,0,0,0
25550,M,1971,0,0,0
25551,F,2004,0,1,0
25552,M,1971,1,0,1
25553,F,1956,0,0,1
25554,M,1985,0,0,0
25555,M,1973,0,0,0
25556,F,1979,0,0,0
25557,M,2001,0,0,0
25558,M,1971,0,0,1
25559,F,1992,0,0,0
25560,F,1939,0,0,1
25561,M,2002,0,0,0
25562,M,1981,0,0,0
25563,M,1954,1,1,1
25564,M,1990,1,0,0
25565,M,1972,0,0,0
25566,M,1930,0,0,0
25567,F,1956,0,0,0
25568,F,1970,0,0,0
25569,F,1961,0,1,1
25570,M,1969,0,0,0
25571,F,1997,0,0,0
25572,M,1973,0,0,0
25573,M,1930,0,0,1
25574,F,1946,0,0,1
25575,M,1987,0,1,0
25576,M,1985,1,0,1
25577,M,1930,0,0,1
25578,F,1981,0,1,0
25579,F,1989,0,0,1
25580,M,1997,0,0,0
25581,F,1977,0,0,0
25582,F,1990,1,0,0
25583,M,1978,0,0,1
25584,M,1971,0,1,1
25585,M,1941,0,0,0
25586,F,1985,1,0,1
25587,F,2013,0,0,0
25588,M,1986,0,0,0
25589,M,1986,0,1,0
25590,M,1987,0,0,0
25591,M,1982,1,0,0
25592,F,2010,0,0,0
25593,M,2001,0,0,1
25594,M,1988,0,0,1
25595,F,1956,1,0,0
25596,M,1981,0,1,0
25597,F,1967,0,0,0
25598,F,2003,0,0,0
25599,F,1995,0,0,1
25600,F,2019,0,0,0
25601,F,2011,0,1,0
25602,F,1930,1,1,1
25603,M,2004,0,0,1
25604,F,1999,1,0,0
25605,F,2015,0,0,0
25606,F,1996,0,0,0
25607,M,1931,0,1,1
25608,M,2004,0,0,1
25609,M,1984,0,0,0
25610,M,1994,1,0,0
25611,M,1991,0,0,0
25612,M,2006,0,0,0
25613,M,1994,0,0,0
25614,F,1965,0,1,0
25615,F,1984,0,0,1
25616,M,1972,0,0,1
25617,F,2002,0,0,1
25618,F,1961,0,0,0
25619,F,1982,1,0,1
25620,M,1990,0,0,0
25621,F,1988,0,0,0
25622,F,1980,0,0,0
25623,M,1980,0,0,1
25624,F,1941,0,0,1
25625,F,1979,0,0,1
25626,M,1980,0,0,0
25627,F,1985,1,0,1
25628,M,1975,1,0,0
25629,M,1958,0,0,0
25630,M,2011,0,0,1
25631,F,2012,0,0,0
25632,F,1986,0,0,0
25633,M,1997,1,0,1
25634,M,1981,0,0,0
25635,M,1980,0,0,0
25636,M,1986,1,0,0
25637,F,1948,0,1,1
25638,M,1998,0,0,0
25639,F,1995,0,1,0
25640,F,1937,0,1,1
25641,F,2004,0,0,0
25642,F,1987,0,0,0
25643,M,1990,0,0,0
25644,F,1970,0,0,1
25645,F,1984,1,0,1
25646,F,2006,0,0,0
25647,F,1992,1,0,1
25648,F,1995,0,0,1
25649,M,1965,0,0,0
25650,F,1937,0,0,1
25651,M,1948,0,1,0
25652,M,1984,0,0,0
25653,F,1956,0,1,1
25654,M,1955,0,0,1
25655,F,1930,0,0,1
25656,F,2021,0,0,0
25657,M,1990,1,0,0
25658,M,1966,0,0,1
25659,F,1996,0,0,0
25660,M,2005,0,0,1
25661,F,2003,0,0,0
25662,F,1974,0,1,1
25663,F,1995,0,1,0
25664,F,2002,0,0,1
25665,M,1936,0,0,0
25666,M,1974,1,0,1
25667,F,1943,0,1,0
25668,M,1990,0,0,0
25669,F,1960,0,0,0
25670,F,2000,0,0,0
25671,M,1995,0,0,0
25672,F,1991,0,0,0
25673,M,1994,0,0,0
25674,F,2003,0,0,0
25675,M,1993,1,0,0
25676,M,2008,0,0,0
25677,M,1981,1,0,0
25678,M,1952,0,1,1
25679,F,1996,1,0,0
25680,F,1986,0,0,0
25681,F,1955,0,0,1
25682,M,1935,0,0,0
25683,M,1958,0,0,0
25684,M,1980,0,0,1
25685,F,1969,1,1,1
25686,M,1967,0,0,1
25687,F,1969,0,0,1
25688,M,1995,0,0,1
25689,M,1962,0,0,0
25690,M,1952,0,0,0
25691,F,2015,0,0,0
25692,M,1991,0,0,1
25693,M,1972,0,0,1
25694,F,1977,0,0,0
25695,M,1971,1,0,1
25696,M,2001,0,0,0
25697,F,2016,0,0,0
25698,F,1979,1,0,0
25699,F,1984,0,0,0
25700,M,1953,0,0,0
25701,M,1971,0,0,0
25702,F,2015,0,0,0
25703,M,1971,0,0,1
25704,M,1942,0,0,1
25705,F,1954,0,0,0
25706,M,1971,1,1,0
25707,M,1993,0,0,0
25708,F,1987,0,0,1
25709,F,1987,0,0,1
25710,M,1966,0,0,0
25711,M,1968,0,0,0
25712,F,1981,0,0,0
25713,F,1957,0,0,1
25714,F,1997,1,0,1
25715,M,1960,0,1,1
25716,M,1934,0,1,0
25717,F,1947,0,0,1
25718,F,1960,0,0,0
25719,M,1993,0,0,0
25720,F,1975,0,0,1
25721,M,1942,0,1,1
25722,M,1967,0,0,0
25723,M,1976,1,0,0
25724,M,1967,0,0,1
25725,M,1930,0,1,1
25726,M,1948,0,0,1
25727,M,1930,1,1,1
25728,M,1950,0,0,0
25729,F,1986,1,1,0
25730,M,2000,1,0,0
25731,M,1987,0,0,0
25732,M,1977,1,0,0
25733,F,1952,0,1,0
25734,F,1959,0,0,1
25735,M,1997,0,0,0
25736,F,1976,0,0,1
25737,F,1942,0,0,1
25738,F,1996,0,0,0
25739,F,1983,0,0,0
25740,M,1988,0,0,0
25741,F,1956,0,0,1
25742,M,1930,0,0,1
25743,M,1989,1,0,0
25744,F,1993,0,0,0
25745,M,2004,0,0,0
25746,M,1979,1,1,1
25747,F,1954,0,1,0
25748,F,2008,0,0,0
25749,F,1982,0,0,1
25750,M,1971,0,0,1
25751,M,1959,0,0,0
25752,F,1973,1,0,0
25753,F,2001,0,0,0
25754,M,1992,0,0,0
25755,F,1938,0,0,1
25756,F,1963,0,1,1
25757,F,1989,0,0,1
25758,F,1982,1,0,1
25759,M,1999,0,0,0
25760,F,2010,0,0,0
25761,F,1981,0,0,1
25762,F,1994,0,0,0
25763,M,1970,0,0,0
25764,M,1930,0,0,0
25765,F,1972,0,0,0
25766,F,1972,0,0,1
25767,M,1954,1,0,1
25768,M,2004,1,0,0
25769,F,1967,0,0,1
25770,F,1999,0,0,0
25771,F,1955,0,0,1
25772,M,1972,1,0,0
25773,M,2002,1,0,1
25774,F,1972,1,0,0
25775,M,2018,0,0,0
25776,M,2006,1,0,0
25777,M,2003,0,0,0
25778,M,2007,0,0,0
25779,M,1953,0,0,0
25780,M,1969,0,1,1
25781,M,1977,1,0,0
25782,M,1997,1,0,0
25783,F,1967,0,1,1
25784,F,1977,0,0,1
25785,F,1991,1,0,0
25786,M,1974,1,0,0
25787,M,1969,1,0,1
25788,F,2002,0,0,0
25789,M,1943,0,0,1
25790,M,1984,0,0,0
25791,M,1968,0,1,1
25792,F,1985,0,0,0
25793,M,1972,0,0,0
25794,F,1989,0,0,0
25795,F,1987,0,0,0
25796,M,1989,0,1,1
25797,M,1978,0,0,0
25798,M,1962,0,0,1
25799,M,1961,0,0,0
25800,F,1963,1,0,0
25801,F,1975,1,1,0
25802,F,1991,0,0,0
25803,M,2015,0,0,0
25804,F,1963,0,0,0
25805,M,1978,0,0,0
25806,M,1993,0,1,1
25807,M,2014,0,0,1
25808,F,1984,0,1,0
25809,F,1959,0,0,0
25810,M,2001,0,0,0
25811,F,1941,0,0,0
25812,F,1930,0,0,1
25813,F,1991,0,1,0
25814,M,1989,0,0,1
25815,F,1985,0,1,0
25816,M,1992,0,0,0
25817,M,1930,0,0,1
25818,F,1985,0,0,0
25819,M,1930,0,1,1
25820,M,2002,0,0,0
25821,F,1976,0,1,0
25822,M,1997,1,0,0
25823,M,2005,0,0,0
25824,F,1995,0,0,0
25825,F,1993,0,0,0
25826,M,1985,1,0,0
25827,M,2009,0,0,0
25828,M,1931,1,0,1
25829,M,1973,0,0,0
25830,F,1965,1,0,1
25831,M,1979,0,0,1
25832,F,1949,0,0,0
25833,F,1989,0,0,0
25834,M,1979,0,0,0
25835,F,1998,0,0,0
25836,F,1984,1,1,0
25837,F,1981,0,0,0
25838,M,1997,0,0,0
25839,F,1974,0,0,0
25840,F,1971,0,1,0
25841,M,1965,0,0,1
25842,M,1972,0,1,0
25843,M,1983,0,0,1
25844,F,1959,0,0,0
25845,F,1979,0,0,0
25846,M,2011,0,0,0
25847,F,2005,0,0,0
25848,M,1999,0,0,0
25849,F,1995,0,0,1
25850,F,1973,0,1,0
25851,M,1947,0,0,0
25852,M,1969,1,0,1
25853,F,1975,0,0,0
25854,M,2009,0,0,0
25855,F,2014,0,0,0
25856,M,1942,0,0,1
25857,M,1990,0,0,0
25858,F,1973,0,0,0
25859,F,1970,1,0,0
25860,M,1930,0,1,0
25861,M,1930,0,0,1
25862,M,1930,0,1,0
25863,F,1965,1,0,0
25864,F,1938,1,0,1
25865,F,2001,0,1,0
25866,M,1930,0,0,1
25867,F,1960,0,1,1
25868,F,1987,0,0,0
25869,F,1957,0,0,1
25870,F,1947,0,1,0
25871,M,1968,0,0,0
25872,F,2017,0,0,0
25873,F,1945,0,0,0
25874,M,1982,0,0,0
25875,M,1968,0,0,0
25876,M,1999,0,0,0
25877,M,1987,0,0,1
25878,M,1990,0,0,1
25879,M,2002,0,0,0
25880,F,2011,0,1,0
25881,F,1986,0,0,1
25882,M,1998,0,1,0
25883,M,1976,0,1,0
25884,M,1972,0,0,0
25885,M,1930,0,0,0
25886,F,2021,0,1,0
25887,F,1991,0,0,0
25888,F,1947,1,0,1
25889,M,1973,1,0,0
25890,F,1969,1,0,1
25891,M,1977,0,1,0
25892,F,1953,0,0,1
25893,F,1977,0,0,0
25894,M,1978,0,0,1
25895,F,1999,0,0,0
25896,F,1996,1,0,0
25897,M,1973,0,0,1
25898,F,1988,0,0,0
25899,M,2006,0,0,0
25900,M,1990,0,0,0
25901,F,1959,0,0,0
25902,F,1975,0,0,0
25903,F,1993,0,0,0
25904,M,1981,0,0,0
25905,M,1955,0,0,0
25906,F,1999,0,0,0
25907,M,2000,0,0,0
25908,F,1976,0,0,0
25909,F,1990,0,0,0
25910,M,1976,1,0,1
25911,M,1980,0,0,0
25912,M,1976,0,0,0
25913,F,1930,0,1,0
25914,M,2003,0,0,0
25915,M,1964,0,0,0
25916,M,1970,0,0,0
25917,F,1965,0,1,1
25918,F,2010,0,0,0
25919,M,1961,1,0,1
25920,M,1986,1,0,1
25921,F,1977,0,0,1
25922,M,1983,0,0,0
25923,M,1997,0,0,0
25924,M,1985,1,0,0
25925,F,1980,0,0,1
25926,M,1968,0,0,1
25927,F,1972,1,0,0
25928,M,1983,0,0,0
25929,F,1979,0,0,1
25930,M,1979,0,1,1
25931,F,1969,0,0,0
25932,M,1961,0,0,1
25933,M,1958,0,0,0
25934,M,1988,0,0,0
25935,M,2017,0,0,0
25936,F,1986,0,1,1
25937,M,1989,0,0,1
25938,M,1980,1,0,1
25939,F,1930,0,0,1
25940,F,1988,0,0,0
25941,M,1965,1,0,1
25942,M,1965,0,1,0
25943,F,1971,1,0,0
25944,F,2010,0,0,0
25945,M,1982,0,0,0
25946,M,1969,0,0,0
25947,M,1995,0,0,0
25948,M,2009,0,0,0
25949,M,1968,1,1,1
25950,M,1960,0,1,1
25951,F,1983,0,0,0
25952,F,1991,0,0,1
25953,M,1941,0,0,0
25954,M,1958,0,1,0
25955,M,2000,0,0,0
25956,F,1977,0,0,0
25957,M,1998,0,0,0
25958,M,1987,0,0,0
25959,F,1947,0,1,0
25960,F,1947,1,0,1
25961,F,1991,0,0,0
25962,F,1966,0,0,1
25963,M,1999,0,0,0
25964,F,1930,0,0,0
25965,F,2009,0,0,0
25966,M,1988,0,0,1
25967,F,1966,0,0,0
25968,M,1997,0,0,0
25969,F,2000,0,0,1
25970,F,1981,0,0,0
25971,F,1993,0,0,0
25972,M,2010,0,0,0
25973,M,1981,0,0,0
25974,M,1967,0,0,0
25975,F,1985,1,0,1
25976,M,1982,0,1,1
25977,F,1971,0,0,1
25978,F,1931,0,0,1
25979,M,1989,0,0,0
25980,M,1973,0,0,1
25981,M,1982,0,0,1
25982,M,2000,0,0,1
25983,M,1963,1,1,0
25984,M,1943,1,1,0
25985,F,1967,0,0,1
25986,M,2013,0,0,0
25987,M,1988,1,0,1
25988,M,1967,0,0,1
25989,M,1954,0,0,0
25990,M,2007,1,0,1
25991,M,2001,0,0,0
25992,F,1972,0,0,1
25993,M,1979,0,0,0
25994,M,1981,0,0,1
25995,M,1934,0,1,0
25996,M,1930,0,0,0
25997,M,1998,0,0,0
25998,F,2009,1,0,0
25999,F,1983,0,0,1
26000,F,1963,0,0,1
26001,M,1950,0,1,0
26002,F,1989,0,0,0
26003,F,1995,0,0,0
26004,M,1971,0,0,1
26005,F,1986,0,0,0
26006,F,1980,0,0,1
26007,F,1967,1,0,0
26008,F,1984,1,1,0
26009,M,2005,1,0,0
26010,M,1994,0,0,0
26011,F,1993,0,0,1
26012,M,1993,0,0,0
26013,F,2011,0,0,0
26014,F,1930,0,1,0
26015,M,2001,0,0,0
26016,M,1961,0,0,1
26017,F,1997,1,0,0
26018,M,1989,1,0,1
26019,M,1980,0,0,0
26020,F,1992,0,0,1
26021,M,1938,1,0,1
26022,M,1930,0,1,1
26023,F,2010,0,0,0
26024,F,1953,0,1,0
26025,M,1977,1,1,1
26026,M,1988,0,0,0
26027,F,1959,0,0,1
26028,F,1950,0,1,1
26029,F,1983,0,0,0
26030,F,1943,0,0,0
26031,F,2012,0,0,0
26032,M,1963,1,0,1
26033,M,1980,1,0,0
26034,F,1975,1,0,1
26035,F,1954,0,0,0
26036,F,1967,0,1,1
26037,M,1930,0,0,0
26038,M,1930,0,0,0
26039,M,1985,0,0,0
26040,F,2003,0,0,0
26041,F,1981,0,1,0
26042,M,1998,0,0,0
26043,F,1990,1,1,0
26044,F,1978,0,0,1
26045,M,2007,1,0,0
26046,F,1968,1,1,1
26047,F,1983,0,0,0
26048,F,1995,0,0,0
26049,F,2015,0,1,0
26050,F,1955,0,0,0
26051,M,1949,0,1,1
26052,F,1953,0,0,1
26053,F,1998,0,0,0
26054,M,1971,0,1,0
26055,F,1948,0,1,1
26056,M,1973,0,0,0
26057,M,1975,0,1,0
26058,F,1930,0,0,1
26059,F,1931,0,0,1
26060,F,1990,0,0,0
26061,F,1993,0,0,0
26062,F,1996,0,0,0
26063,F,2010,0,0,0
26064,M,1938,0,1,1
26065,M,1974,0,1,0
26066,M,1989,0,0,0
26067,F,1978,0,0,0
26068,F,1934,0,0,1
26069,M,2006,0,0,0
26070,F,1940,0,0,0
26071,F,1981,0,0,0
26072,M,1969,0,0,1
26073,M,1967,0,0,1
26074,F,1932,0,1,0
26075,F,1997,0,0,0
26076,M,1930,0,0,0
26077,F,2004,0,0,0
26078,F,1994,1,0,1
26079,F,1962,0,0,1
26080,F,1937,1,1,1
26081,F,1996,0,0,0
26082,F,2005,1,0,0
26083,M,1935,0,0,0
26084,M,1989,0,0,0
26085,M,1987,1,0,1
26086,M,1977,0,1,1
26087,M,1982,0,0,0
26088,F,1961,0,0,0
26089,F,2003,0,0,0
26090,M,2007,0,0,1
26091,F,1969,0,0,0
26092,M,1968,0,0,0
26093,F,1962,0,0,0
26094,F,1963,0,0,1
26095,M,2006,0,0,0
26096,F,1964,1,0,0
26097,M,1965,0,0,0
26098,F,2005,0,0,0
26099,M,1949,0,0,0
26100,F,1997,0,0,0
26101,F,1999,1,0,1
26102,F,1961,0,0,0
26103,F,2002,0,0,0
26104,M,1985,0,1,0
26105,M,1988,0,0,0
26106,F,1992,0,0,0
26107,M,1996,1,0,0
26108,F,1930,0,0,0
26109,M,1963,1,0,0
26110,M,1994,0,0,0
26111,F,2017,0,0,0
26112,M,1993,1,0,1
26113,M,1972,0,0,1
26114,F,1988,0,0,0
26115,F,1970,0,0,1
26116,M,2001,0,0,0
26117,M,1977,0,0,0
26118,M,1959,1,0,1
26119,F,1978,0,0,1
26120,F,1987,0,0,1
26121,F,1967,0,0,1
26122,M,2013,0,0,0
26123,M,1959,0,0,0
26124,M,2011,0,0,0
26125,F,1953,0,0,0
26126,M,1988,0,0,0
26127,M,2015,0,0,0
26128,M,1956,0,0,0
26129,F,1948,0,1,1
26130,F,1986,1,0,0
26131,M,1951,0,0,0
26132,F,1974,0,0,1
26133,F,1968,0,0,0
26134,F,1942,0,1,1
26135,F,1971,0,0,0
26136,F,1956,0,0,1
26137,F,1930,0,0,1
26138,F,1956,1,0,0
26139,M,1988,0,0,0
26140,F,1973,0,1,1
26141,F,1993,0,0,0
26142,M,1972,0,0,0
26143,M,1985,1,0,1
26144,F,1969,0,0,0
26145,F,1956,1,0,0
26146,F,1994,0,0,1
26147,F,1978,0,0,0
26148,M,1998,0,0,0
26149,F,1993,0,0,0
26150,M,1974,0,0,1
26151,M,1987,0,0,0
26152,M,1935,0,0,1
26153,F,2008,0,1,0
26154,F,1930,0,1,1
26155,M,1956,0,0,0
26156,M,1963,1,0,0
26157,F,1958,1,1,0
26158,F,1959,0,1,0
26159,F,1989,0,0,0
26160,F,1954,1,0,1
26161,M,1972,0,0,0
26162,M,2007,0,0,0
26163,M,1993,0,0,0
26164,M,1998,0,0,1
26165,M,1983,1,0,0
26166,F,2011,0,0,0
26167,M,1960,0,0,0
26168,F,1954,0,0,0
26169,F,1989,0,1,1
26170,M,1968,1,0,0
26171,M,1933,0,0,1
26172,F,1987,0,0,0
26173,M,1987,0,0,0
26174,M,1984,1,0,0
26175,F,1963,0,0,1
26176,F,1988,0,0,1
26177,M,1984,1,0,1
26178,F,1964,1,0,0
26179,M,1966,0,0,0
26180,F,1990,1,0,0
26181,M,1999,0,0,1
26182,F,1986,1,0,1
26183,M,1982,0,0,1
26184,M,1974,1,0,1
26185,M,1978,0,1,1
26186,F,2002,0,0,0
26187,M,1988,0,0,0
26188,F,2011,0,0,0
26189,M,1974,0,0,0
26190,F,1999,0,0,1
26191,M,2005,0,1,0
26192,M,1985,0,1,0
26193,F,1970,0,0,0
26194,M,1979,0,0,0
26195,M,1930,0,0,1
26196,M,2008,1,0,0
26197,F,2009,0,0,1
26198,F,1992,0,0,1
26199,F,1956,1,0,1
26200,M,1990,0,0,0
26201,F,1997,0,0,0
26202,M,1968,0,1,0
26203,F,1988,0,0,0
26204,M,1943,0,0,0
26205,F,1985,0,0,0
26206,F,1955,0,0,1
26207,M,1983,0,0,0
26208,F,1970,0,0,0
26209,M,1950,0,0,1
26210,F,2009,0,0,0
26211,M,2012,0,1,0
26212,M,2008,0,0,0
26213,M,1999,0,0,1
26214,F,1948,0,0,1
26215,M,1930,0,0,1
26216,F,1982,0,0,0
26217,M,1989,0,0,0
26218,M,1971,0,0,0
26219,M,1994,0,0,0
26220,F,1972,0,0,1
26221,M,1950,0,1,1
26222,F,1971,0,0,0
26223,F,2000,0,1,0
26224,M,1982,1,0,0
26225,F,1930,0,0,0
26226,M,1968,0,0,1
26227,F,1991,1,0,0
26228,F,1995,0,0,0
26229,M,1991,1,0,0
26230,F,1959,0,0,0
26231,M,1975,0,0,1
26232,F,1999,0,0,0
26233,F,1952,0,1,0
26234,F,1930,0,1,1
26235,M,1973,0,0,1
26236,F,1945,0,1,1
26237,M,2001,0,0,0
26238,M,1984,0,0,0
26239,M,2003,1,0,0
26240,F,1958,0,0,0
26241,F,1980,0,0,0
26242,F,2012,0,0,0
26243,M,2001,0,0,0
26244,F,1982,0,1,1
26245,F,2008,0,0,1
26246,M,2000,1,1,0
26247,F,1948,0,1,0
26248,M,1995,0,0,1
26249,M,1974,0,0,1
26250,M,1954,1,0,1
26251,M,1960,0,0,0
26252,M,1931,0,0,1
26253,F,1951,0,0,1
26254,F,1974,0,1,0
26255,M,2006,0,0,0
26256,M,1981,0,0,1
26257,F,1960,0,0,0
26258,F,1998,1,0,0
26259,F,1948,0,1,0
26260,F,1980,0,0,1
26261,F,1960,0,0,0
26262,F,1960,0,0,0
26263,F,1959,0,0,1
26264,F,1990,0,0,0
26265,F,1931,0,0,1
26266,F,1940,0,1,0
26267,F,1977,0,0,0
26268,F,2002,0,0,0
26269,F,1989,0,0,1
26270,F,1990,0,0,0
26271,F,2007,0,0,0
26272,F,1994,0,1,0
26273,F,2021,0,0,0
26274,M,1966,1,0,0
26275,F,1984,0,0,0
26276,F,1958,0,0,1
26277,M,1987,1,0,1
26278,M,2008,0,0,0
26279,F,2002,1,0,0
26280,F,1981,1,0,0
26281,F,1981,1,0,0
26282,F,1994,1,1,1
26283,M,1995,0,0,0
26284,F,1957,0,0,0
26285,M,2011,0,1,0
26286,F,1972,0,0,0
26287,F,1986,0,0,0
26288,M,1957,0,0,1
26289,F,1930,0,0,0
26290,F,2004,0,0,0
26291,F,1963,0,0,0
26292,M,1964,0,0,0
26293,F,1997,0,0,0
26294,F,1991,0,0,0
26295,M,1985,0,0,0
26296,M,1965,1,0,1
26297,F,1978,0,0,0
26298,F,1938,0,0,1
26299,F,1998,0,0,0
26300,F,1981,1,0,0
26301,F,1973,0,0,0
26302,F,1987,0,1,0
26303,F,2001,1,0,0
26304,F,1947,0,0,0
26305,F,1974,0,1,0
26306,M,2011,0,0,0
26307,M,1993,0,0,0
26308,M,1997,0,0,0
26309,M,1930,0,1,1
26310,M,1986,1,1,1
26311,F,1937,0,0,0
26312,M,1968,0,0,0
26313,M,1970,1,0,0
26314,M,1994,1,0,1
26315,M,1986,0,0,0
26316,M,2005,0,0,0
26317,M,1952,0,0,0
26318,F,1952,0,0,0
26319,F,1970,0,0,0
26320,F,1978,1,0,1
26321,M,1983,0,0,0
26322,M,1930,0,1,1
26323,F,1946,0,1,1
26324,F,1974,0,1,0
26325,F,1990,0,1,0
26326,F,1992,0,1,0
26327,M,1932,0,0,0
26328,F,1996,1,0,0
26329,M,1981,0,0,0
26330,M,1964,0,0,0
26331,M,1955,1,0,1
26332,F,1971,1,1,1
26333,F,1977,0,0,0
26334,M,1979,0,1,0
26335,F,1984,0,0,1
26336,F,2000,0,0,0
26337,M,1959,1,0,0
26338,M,1990,0,0,0
26339,M,2003,0,0,1
26340,M,1999,0,0,0
26341,F,1974,1,0,1
26342,F,1961,0,0,0
26343,M,1975,0,0,0
26344,F,1982,0,1,0
26345,M,1980,0,0,0
26346,F,1995,0,0,1
26347,F,1951,0,1,0
26348,M,1999,1,0,0
26349,M,1971,0,0,0
26350,F,1954,0,0,1
26351,M,1973,0,0,0
26352,M,1963,1,0,0
26353,M,1994,1,0,1
26354,F,1972,0,0,0
26355,M,1956,0,0,0
26356,F,1959,1,0,1
26357,F,1955,0,0,1
26358,M,1986,0,0,0
26359,M,1949,1,0,0
26360,F,1976,0,0,0
26361,F,1987,1,0,0
26362,M,1931,0,0,1
26363,M,2010,0,0,0
26364,M,1978,0,0,0
26365,F,1993,0,1,0
26366,M,1959,0,0,0
26367,M,1994,0,1,0
26368,F,2007,0,0,0
26369,F,1988,0,0,1
26370,M,1986,0,0,0
26371,F,1991,0,0,1
26372,F,2003,0,0,1
26373,M,1982,0,1,0
26374,M,2009,0,0,0
26375,F,1982,0,0,0
26376,M,1982,0,0,0
26377,F,1936,0,0,0
26378,F,1974,0,0,1
26379,M,2008,0,0,1
26380,M,1967,0,0,0
26381,F,1930,0,1,1
26382,M,1994,0,0,1
26383,F,1981,0,0,0
26384,F,1986,0,0,1
26385,F,1980,0,0,0
26386,M,2017,0,0,1
26387,M,1981,0,0,0
26388,F,1982,0,0,0
26389,F,1992,1,0,0
26390,F,1984,0,0,1
26391,F,1978,0,0,0
26392,M,1975,0,0,0
26393,M,1971,0,0,0
26394,M,1945,0,1,0
26395,F,1964,0,1,1
26396,F,1975,1,0,0
26397,M,1986,1,1,0
26398,M,1930,0,0,1
26399,M,2009,0,0,0
26400,M,1971,0,0,1
26401,M,1958,0,0,0
26402,F,1978,0,0,0
26403,M,1993,1,0,0
26404,M,1968,0,0,0
26405,F,1999,0,0,0
26406,F,1958,0,0,0
26407,M,2000,0,0,0
26408,M,1941,0,0,0
26409,M,1968,0,0,0
26410,F,1976,0,0,0
26411,M,1983,1,0,0
26412,M,1981,0,0,0
26413,F,1997,0,0,0
26414,F,1978,0,0,1
26415,M,1988,0,0,0
26416,F,1990,0,0,0
26417,M,1930,0,1,0
26418,M,1988,0,0,0
26419,F,1985,0,0,0
26420,M,1951,0,0,1
26421,M,1998,0,1,0
26422,M,1942,0,1,1
26423,M,1986,0,0,0
26424,M,1995,0,0,0
26425,M,2009,0,0,0
26426,M,1947,1,0,1
26427,M,1991,0,0,0
26428,F,1986,0,0,1
26429,F,1986,0,0,1
26430,F,1991,0,1,0
26431,M,1968,0,1,0
26432,F,1956,0,0,0
26433,F,1930,1,1,1
26434,F,1938,0,1,1
26435,F,1977,1,1,1
26436,F,1958,0,0,0
26437,M,1930,1,1,1
26438,F,1953,0,0,1
26439,F,1976,0,1,0
26440,F,1967,0,0,1
26441,F,1941,0,1,0
26442,M,2011,0,0,0
26443,M,1983,1,1,0
26444,M,2014,0,0,0
26445,F,2001,0,0,0
26446,M,2016,0,0,0
26447,F,1985,0,0,0
26448,M,1931,1,0,1
26449,F,1946,0,1,0
26450,M,1995,0,0,0
26451,M,1968,1,0,0
26452,F,1998,0,0,1
26453,F,1977,1,0,0
26454,M,1936,0,1,1
26455,F,2003,0,1,0
26456,M,1972,0,1,1
26457,M,1959,0,1,0
26458,M,1992,0,0,1
26459,M,1972,0,1,1
26460,M,1996,0,0,0
26461,M,1976,0,0,0
26462,M,1976,0,0,1
26463,M,2005,1,0,0
26464,F,2007,0,0,0
26465,M,2009,0,0,0
26466,M,1966,1,1,0
26467,M,1971,0,0,1
26468,F,1978,0,0,0
26469,M,1984,0,0,1
26470,M,1956,1,0,0
26471,F,1987,1,0,1
26472,F,1994,1,0,0
26473,M,2002,0,0,0
26474,M,1980,0,0,0
26475,F,1974,0,1,0
26476,M,2014,0,0,0
26477,F,1981,0,1,1
26478,F,1960,0,0,1
26479,F,1986,0,0,0
26480,F,1930,0,0,0
26481,M,1979,0,1,1
26482,M,1990,0,0,0
26483,F,1988,1,0,1
26484,M,1970,0,0,0
26485,M,1930,0,1,1
26486,F,1994,0,0,0
26487,F,1963,0,0,1
26488,F,1972,0,0,0
26489,F,1935,0,0,0
26490,F,1995,0,0,0
26491,F,1967,0,1,1
26492,M,1951,0,0,1
26493,M,1964,0,0,0
26494,M,1955,0,1,0
26495,F,1987,1,1,1
26496,F,1974,1,0,1
26497,M,1944,0,0,0
26498,M,2007,0,0,0
26499,F,1987,0,0,0
26500,M,1996,0,0,0
26501,M,1997,0,0,0
26502,F,1971,0,0,1
26503,F,1972,1,0,0
26504,M,1986,0,0,0
26505,M,1975,1,0,0
26506,F,1981,0,0,0
26507,M,2009,0,0,0
26508,M,2002,0,0,0
26509,M,1963,1,1,0
26510,F,1999,1,0,0
26511,F,1986,0,0,0
26512,F,1969,0,0,0
26513,F,1972,0,1,1
26514,F,1993,1,0,0
26515,M,1979,0,1,0
26516,F,1987,0,0,1
26517,M,1982,0,1,0
26518,M,1937,0,0,1
26519,F,1968,1,0,1
26520,M,1982,0,0,0
26521,M,1979,0,0,0
26522,F,2014,0,1,0
26523,M,1930,0,1,0
26524,F,1944,0,1,0
26525,M,1988,0,0,0
26526,F,2009,0,0,0
26527,F,1987,0,0,1
26528,M,1951,0,0,0
26529,F,1955,0,0,0
26530,M,1980,0,1,0
26531,M,1930,1,0,0
26532,F,1984,0,0,0
26533,F,1986,0,0,0
26534,F,1969,0,0,1
26535,M,1995,0,0,0
26536,M,1991,0,0,0
26537,M,1963,0,0,0
26538,F,1996,1,0,1
26539,M,1969,0,0,0
26540,M,1954,1,0,1
26541,F,1988,0,0,0
26542,F,1984,0,0,0
26543,M,1977,0,0,1
26544,M,1996,0,0,0
26545,M,1989,0,0,0
26546,F,2006,1,0,0
26547,M,2000,0,0,0
26548,F,1982,0,0,0
26549,M,1971,0,0,0
26550,M,1971,0,0,0
26551,F,1993,0,0,0
26552,F,1993,0,0,0
26553,M,1990,1,0,0
26554,M,1980,0,0,0
26555,M,2000,0,0,0
26556,F,2007,0,0,0
26557,F,1976,0,0,0
26558,M,1992,0,0,0
26559,M,1971,0,0,1
26560,M,1930,0,0,1
26561,M,1991,0,0,1
26562,M,1969,0,0,1
26563,F,2012,0,0,0
26564,M,1988,0,0,0
26565,M,1978,0,0,1
26566,M,2013,0,0,0
26567,F,1941,0,0,1
26568,M,1996,0,0,0
26569,M,1959,0,0,0
26570,F,1966,0,0,0
26571,M,1932,0,0,1
26572,F,2012,0,0,0
26573,F,1974,0,1,0
26574,M,1982,1,0,0
26575,F,2014,0,0,0
26576,M,1984,0,0,0
26577,M,1987,0,0,0
26578,M,2003,1,0,0
26579,F,1986,0,0,0
26580,F,1988,0,0,0
26581,M,1991,0,0,0
26582,F,1973,1,1,1
26583,F,1962,0,0,1
26584,M,1996,0,0,0
26585,F,1984,0,0,0
26586,F,1933,0,0,0
26587,M,1984,0,0,0
26588,M,1996,0,0,0
26589,F,2001,0,0,0
26590,F,1968,0,0,0
26591,M,1995,0,0,0
26592,M,1998,0,0,0
26593,F,1970,0,0,0
26594,F,2005,1,1,0
26595,F,1971,1,0,1
26596,F,2000,0,1,0
26597,F,1998,0,0,0
26598,F,2005,0,0,0
26599,F,1997,0,0,0
26600,F,1951,0,0,0
26601,M,1930,0,1,0
26602,F,1985,0,0,1
26603,M,1989,0,0,1
26604,F,1962,1,0,1
26605,F,1971,1,0,0
26606,F,1955,0,0,0
26607,F,1973,0,0,1
26608,F,1950,0,0,0
26609,F,1975,1,1,0
26610,F,1933,0,0,0
26611,M,1963,0,0,1
26612,F,1937,0,1,0
26613,F,1989,0,0,1
26614,F,1986,0,0,1
26615,M,1977,1,0,1
26616,F,2009,0,0,0
26617,M,1975,0,0,0
26618,M,1983,1,0,0
26619,M,1980,0,0,0
26620,F,1987,0,0,1
26621,F,1977,0,0,0
26622,F,1991,0,0,0
26623,F,1952,0,1,1
26624,M,1964,0,0,0
26625,M,1976,1,0,0
26626,M,2008,0,0,0
26627,M,2009,0,0,0
26628,M,1980,0,0,0
26629,F,1999,0,0,0
26630,F,1968,0,0,0
26631,M,2013,0,0,0
26632,M,1930,0,0,1
26633,F,2004,0,0,1
26634,M,1955,1,0,0
26635,F,1988,1,0,0
26636,M,2008,0,0,1
26637,F,1986,0,0,1
26638,M,1942,1,0,0
26639,F,1988,0,1,0
26640,F,1945,0,0,0
26641,F,1982,0,0,1
26642,F,1965,0,0,0
26643,M,1994,1,0,0
26644,F,2013,0,0,0
26645,M,1997,0,0,0
26646,M,2003,1,0,0
26647,F,1976,0,0,1
26648,F,1970,0,0,0
26649,F,1987,0,0,0
26650,M,1995,0,0,0
26651,M,1934,1,0,1
26652,M,1982,1,0,1
26653,F,1972,0,0,1
26654,F,1991,1,0,0
26655,F,2008,0,0,0
26656,M,1998,0,0,0
26657,F,1983,1,0,1
26658,M,2006,0,0,0
26659,F,1968,0,1,1
26660,F,1983,0,0,0
26661,F,1985,0,0,0
26662,M,2013,0,0,0
26663,M,1984,0,0,1
26664,M,1979,0,1,0
26665,F,2000,0,0,0
26666,F,1992,1,1,0
26667,F,1979,0,0,0
26668,F,1999,0,0,1
26669,F,1993,0,0,0
26670,M,1996,0,0,0
26671,F,1969,0,0,0
26672,F,1954,0,0,0
26673,F,1978,0,0,0
26674,F,1989,0,0,0
26675,M,1965,0,1,0
26676,M,2008,0,0,0
26677,M,1984,0,0,1
26678,M,1952,0,1,0
26679,F,1995,0,0,0
26680,M,1973,0,0,1
26681,M,1963,1,0,1
26682,F,1979,0,0,0
26683,M,1998,0,0,0
26684,M,1993,1,1,0
26685,M,1969,0,0,1
26686,M,1969,1,0,0
26687,F,1981,1,1,0
26688,F,2011,0,0,1
26689,F,2004,0,0,0
26690,M,1985,1,1,1
26691,M,1996,0,1,0
26692,F,2002,0,0,0
26693,F,1930,0,0,0
26694,F,2008,0,1,0
26695,M,2002,0,0,0
26696,F,1930,1,0,1
26697,F,1977,1,0,1
26698,M,1969,0,0,0
26699,F,1988,0,0,0
26700,F,1958,0,0,1
26701,F,1972,0,0,0
26702,M,1979,0,0,0
26703,M,1979,0,0,0
26704,M,1997,0,1,1
26705,F,1998,0,0,1
26706,M,1977,1,0,1
26707,F,1962,0,0,0
26708,F,1950,1,0,1
26709,F,1967,0,0,1
26710,F,1945,0,0,0
26711,F,1952,0,0,0
26712,M,1986,0,0,0
26713,F,1936,0,0,0
26714,M,1982,0,1,1
26715,M,1984,0,0,0
26716,F,1969,0,0,0
26717,M,1950,1,0,1
26718,M,1995,0,0,0
26719,F,1982,0,0,0
26720,M,1986,0,1,0
26721,M,2000,1,0,0
26722,F,1995,1,0,0
26723,M,1999,0,0,0
26724,F,1970,0,0,0
26725,M,1987,0,0,0
26726,F,1990,0,0,0
26727,F,1973,1,0,0
26728,M,1973,1,0,0
26729,F,1952,0,0,0
26730,F,2011,0,0,0
26731,M,1959,0,0,1
26732,F,2000,0,0,0
26733,F,1975,0,0,1
26734,M,2001,0,0,0
26735,F,1967,0,0,0
26736,F,1993,0,0,0
26737,M,1971,0,0,1
26738,M,1996,1,0,0
26739,F,2009,0,0,0
26740,F,1996,0,0,1
26741,M,1973,0,0,0
26742,M,1988,0,0,1
26743,F,1964,0,0,1
26744,F,1985,0,0,1
26745,F,1976,0,0,0
26746,M,2007,0,0,0
26747,F,1973,0,0,0
26748,M,1960,0,0,1
26749,F,2011,0,1,0
26750,M,2004,0,0,0
26751,M,1930,0,1,1
26752,F,1977,1,0,1
26753,F,1987,0,1,0
26754,M,1990,0,0,0
26755,M,2017,0,0,0
26756,M,1967,0,0,0
26757,M,1988,0,0,1
26758,M,1981,0,0,1
26759,F,1960,1,0,0
26760,F,1985,0,0,0
26761,M,1954,0,1,1
26762,F,2008,0,0,0
26763,M,1974,0,1,1
26764,F,1993,0,0,0
26765,F,1973,0,0,0
26766,F,1987,0,0,0
26767,M,1951,1,0,1
26768,F,1966,0,0,0
26769,M,1992,1,0,0
26770,M,1994,1,0,0
26771,F,1975,0,0,0
26772,M,1986,0,0,0
26773,F,1978,0,0,0
26774,F,1970,0,1,0
26775,M,1959,1,0,1
26776,M,1989,1,1,1
26777,M,1998,0,0,1
26778,F,1951,0,1,0
26779,F,1960,1,0,0
26780,F,1973,1,0,1
26781,M,1968,0,0,0
26782,F,1984,1,1,0
26783,M,1969,1,0,0
26784,M,1945,1,0,0
26785,F,2000,1,0,1
26786,F,1997,0,0,0
26787,M,1965,0,1,0
26788,M,2013,0,0,0
26789,M,1943,0,0,0
26790,M,1934,0,0,1
26791,F,1998,0,0,0
26792,M,1998,1,0,0
26793,M,2017,0,0,0
26794,F,1998,0,0,0
26795,M,1982,0,0,0
26796,F,2009,0,0,0
26797,M,1957,0,1,0
26798,F,1959,0,0,1
26799,F,1977,0,0,1
26800,F,1993,0,0,0
26801,M,1995,0,0,0
26802,F,1967,0,0,1
26803,F,1949,0,0,1
26804,M,1993,0,0,0
26805,F,1948,0,0,0
26806,M,1972,0,0,0
26807,M,1947,0,0,1
26808,F,1989,0,0,1
26809,F,2004,0,0,0
26810,F,1947,1,0,0
26811,M,1995,0,0,0
26812,F,1956,0,0,0
26813,M,2013,0,1,0
26814,F,1981,0,1,0
26815,M,1972,1,0,0
26816,M,1977,0,0,0
26817,F,1977,1,1,0
26818,F,1984,0,1,0
26819,F,1986,0,0,0
26820,M,1974,1,0,1
26821,F,1950,0,0,0
26822,F,1995,1,0,0
26823,M,1966,0,0,0
26824,F,2003,0,1,0
26825,F,1970,0,0,0
26826,M,1992,0,0,0
26827,F,1997,0,0,0
26828,M,1975,0,0,0
26829,F,1944,0,1,0
26830,F,1999,0,0,0
26831,F,2002,0,0,0
26832,F,1981,1,0,1
26833,M,1997,0,0,0
26834,M,1981,0,0,0
26835,F,1989,0,0,0
26836,F,2002,0,0,1
26837,M,1994,0,0,1
26838,M,1955,0,0,1
26839,F,1987,1,0,0
26840,M,1982,1,0,1
26841,F,1997,1,0,0
26842,M,1975,1,0,0
26843,M,1964,0,0,1
26844,F,1979,0,0,0
26845,M,1988,0,0,1
26846,M,1959,0,0,0
26847,F,1982,1,0,0
26848,F,1951,0,1,0
26849,M,1968,1,0,0
26850,M,1988,0,0,1
26851,M,2006,0,0,0
26852,F,1968,0,0,1
26853,M,1951,1,0,1
26854,F,2000,0,0,0
26855,F,1984,0,0,0
26856,F,1968,0,0,1
26857,M,1988,0,1,1
26858,F,1981,0,0,0
26859,M,1937,0,0,1
26860,F,1975,0,0,1
26861,M,1997,0,0,0
26862,M,1982,0,0,0
26863,F,1981,0,1,0
26864,M,2000,0,0,0
26865,F,1930,0,0,1
26866,F,2015,0,0,0
26867,M,2006,0,0,0
26868,F,2000,1,0,0
26869,F,2006,0,0,0
26870,F,2010,0,0,1
26871,F,1937,1,0,1
26872,F,1966,0,0,0
26873,F,1958,0,1,1
26874,M,1990,0,0,0
26875,M,1949,0,0,0
26876,M,1967,0,0,1
26877,M,1990,0,0,1
26878,M,1971,0,1,0
26879,F,2005,0,0,1
26880,F,1975,0,0,0
26881,M,1986,0,0,0
26882,M,1938,1,0,1
26883,F,1955,1,1,0
26884,M,2005,0,0,0
26885,F,1999,0,0,0
26886,F,1930,0,0,0
26887,F,1990,0,0,1
26888,F,2005,0,0,0
26889,F,1965,1,0,1
26890,F,1944,0,1,0
26891,M,1986,0,0,0
26892,M,1971,0,1,1
26893,F,1984,0,0,0
26894,F,1964,0,0,1
26895,M,1997,0,0,0
26896,M,1977,0,0,0
26897,M,1956,1,1,0
26898,M,1990,0,0,0
26899,M,1959,0,0,0
26900,M,1966,0,0,0
26901,M,2002,0,0,0
26902,F,1996,1,0,1
26903,F,1962,0,0,0
26904,F,1996,0,0,0
26905,M,2015,0,0,0
26906,F,1978,0,0,0
26907,M,1980,0,0,1
26908,F,1964,1,0,0
26909,M,1947,0,0,1
26910,F,1980,0,1,0
26911,M,1974,0,1,0
26912,M,2006,1,0,0
26913,F,1989,0,0,0
26914,M,1930,0,0,1
26915,F,1969,0,0,1
26916,M,1945,0,1,1
26917,F,1989,0,0,1
26918,M,1992,0,0,1
26919,F,1993,0,0,0
26920,F,1957,0,0,0
26921,F,1986,0,0,0
26922,M,2006,0,0,0
26923,M,1984,0,0,1
26924,F,1992,1,0,0
26925,M,1955,0,0,1
26926,M,1930,0,1,0
26927,M,2006,0,0,0
26928,F,1968,0,0,1
26929,F,1950,0,1,0
26930,M,1962,0,1,1
26931,F,1992,0,0,0
26932,M,1988,0,1,0
26933,M,1981,0,0,1
26934,F,1995,0,0,0
26935,M,1976,0,0,1
26936,F,1943,1,1,0
26937,M,1968,1,0,1
26938,M,2009,0,0,0
26939,F,1983,1,1,1
26940,F,1930,1,0,1
26941,F,1997,1,1,0
26942,M,1962,1,0,0
26943,M,2002,0,1,1
26944,F,1968,0,0,0
26945,F,1988,1,0,0
26946,F,1937,0,1,0
26947,M,1938,0,0,0
26948,M,2006,0,0,1
26949,M,1984,1,0,0
26950,F,1990,0,0,1
26951,F,1963,0,1,1
26952,M,1930,1,1,0
26953,M,1985,0,0,0
26954,M,1942,1,0,0
26955,F,1987,0,1,0
26956,M,1978,0,0,1
26957,F,1985,0,0,1
26958,F,1963,0,1,0
26959,F,1935,0,0,1
26960,M,1956,0,1,0
26961,M,1988,0,0,0
26962,F,2002,0,1,0
26963,M,1995,0,1,0
26964,M,1946,0,1,0
26965,M,1977,1,0,1
26966,M,1974,1,0,1
26967,F,1958,0,0,0
26968,F,1980,0,1,1
26969,M,1954,0,1,1
26970,M,1985,0,0,0
26971,F,1989,0,0,0
26972,F,2001,1,0,0
26973,M,2013,0,1,0
26974,M,1976,0,1,1
26975,M,1960,0,0,1
26976,F,1961,0,0,0
26977,M,1944,0,0,0
26978,M,1982,0,0,1
26979,M,1945,0,0,0
26980,F,1979,0,0,0
26981,M,2001,1,0,0
26982,M,1969,0,0,0
26983,F,2000,0,0,0
26984,M,1982,0,0,0
26985,F,1951,1,0,0
26986,F,2016,0,0,0
26987,F,2010,0,0,1
26988,M,1978,0,1,0
26989,M,1994,0,0,0
26990,M,1951,0,0,1
26991,F,1931,0,1,1
26992,M,1986,0,0,0
26993,F,1964,1,0,1
26994,M,2005,0,0,1
26995,F,1973,0,0,0
26996,F,1999,0,0,0
26997,F,1997,0,1,0
26998,M,1984,0,0,1
26999,F,1997,0,0,0
27000,M,1972,0,0,1
27001,F,1980,1,1,0
27002,F,1993,0,0,1
27003,F,1995,0,0,0
27004,M,1968,0,1,0
27005,F,1961,0,1,0
27006,M,1978,0,1,0
27007,M,1963,0,0,1
27008,F,2001,0,0,0
27009,F,1998,0,0,0
27010,F,1993,0,0,0
27011,F,2002,1,0,1
27012,M,2015,0,0,1
27013,M,1986,1,0,0
27014,F,1996,0,0,0
27015,F,1989,0,0,0
27016,F,1997,1,0,0
27017,M,1990,0,0,0
27018,M,1980,1,0,1
27019,M,1965,1,0,0
27020,M,1947,0,0,1
27021,F,1987,0,0,0
27022,F,1996,0,0,0
27023,F,2009,1,0,0
27024,M,1930,0,0,1
27025,F,1962,1,0,1
27026,F,1977,1,0,0
27027,F,2005,0,0,0
27028,M,2014,0,0,0
27029,M,2009,0,0,1
27030,F,1992,0,0,0
27031,F,1995,1,0,0
27032,F,1996,0,0,0
27033,F,1994,0,0,0
27034,F,1956,0,1,1
27035,F,2005,0,0,0
27036,M,2010,0,0,0
27037,F,2001,0,1,0
27038,F,2001,0,0,1
27039,M,1992,1,1,0
27040,M,2009,0,1,0
27041,F,1970,0,0,0
27042,M,1996,1,0,0
27043,F,1985,1,0,0
27044,F,1982,0,0,1
27045,M,1989,1,0,0
27046,F,2017,0,0,0
27047,F,1961,0,0,1
27048,M,1949,0,0,0
27049,M,2004,0,0,0
27050,F,1997,0,0,0
27051,F,2000,0,0,0
27052,F,2006,1,0,0
27053,F,1966,0,0,0
27054,F,1972,0,0,0
27055,F,1996,0,0,1
27056,M,1997,0,0,1
27057,M,1978,1,1,0
27058,F,1988,0,0,0
27059,M,1977,0,0,1
27060,M,1994,1,0,1
27061,M,1980,0,0,0
27062,F,1959,0,1,1
27063,M,1985,0,0,0
27064,M,1939,0,0,1
27065,M,1977,0,0,0
27066,M,2013,0,0,0
27067,F,1987,0,1,0
27068,M,1968,0,0,0
27069,F,1974,1,0,1
27070,M,1969,0,0,1
27071,M,1980,0,0,0
27072,F,1941,0,0,1
27073,M,1965,0,1,1
27074,M,1982,0,0,0
27075,F,1977,0,0,0
27076,F,1930,0,0,1
27077,M,1945,0,0,1
27078,M,1988,0,0,1
27079,F,1976,0,0,0
27080,F,1941,1,0,0
27081,M,2001,0,0,0
27082,F,1991,0,0,0
27083,M,1957,0,0,0
27084,M,1997,0,0,0
27085,F,1988,0,0,1
27086,M,1977,0,0,1
27087,M,1962,1,1,0
27088,M,2005,0,0,0
27089,F,1960,1,0,0
27090,F,1980,0,0,0
27091,M,1978,1,1,0
27092,F,2009,0,0,0
27093,M,1984,1,1,0
27094,F,2003,0,1,0
27095,M,1937,0,0,1
27096,M,1989,1,0,0
27097,M,1947,0,0,1
27098,M,1979,0,0,0
27099,F,1946,0,0,1
27100,F,2012,0,0,0
27101,M,1998,1,0,0
27102,M,1949,0,0,0
27103,F,1930,1,0,1
27104,F,1987,0,0,0
27105,M,1993,0,0,0
27106,M,2006,0,0,0
27107,M,2010,0,0,0
27108,F,2011,0,0,0
27109,M,1982,1,0,0
27110,F,1983,0,0,1
27111,F,2003,0,0,0
27112,M,1996,0,0,0
27113,M,1989,0,0,0
27114,M,2012,0,0,0
27115,F,1977,0,0,1
27116,M,1974,0,0,1
27117,F,1968,0,0,0
27118,F,1971,1,0,0
27119,F,1985,0,1,0
27120,M,1938,1,0,1
27121,F,1993,0,1,1
27122,M,1971,0,0,1
27123,M,2004,0,0,0
27124,F,2004,0,0,0
27125,F,2004,0,0,0
27126,F,1973,0,0,0
27127,M,2000,0,1,0
27128,F,1973,0,0,1
27129,M,1972,1,0,0
27130,M,1933,0,1,0
27131,M,2005,0,0,0
27132,M,2007,0,0,1
27133,M,1981,0,0,1
27134,M,1950,0,0,1
27135,F,1982,0,0,1
27136,M,1930,1,1,1
27137,F,1974,0,0,0
27138,M,1976,0,0,1
27139,M,1989,1,0,1
27140,F,1970,0,0,1
27141,F,1951,0,0,0
27142,F,1979,0,0,1
27143,F,1955,1,0,0
27144,F,1979,1,1,1
27145,F,2006,0,0,1
27146,M,2008,1,0,0
27147,M,1964,0,0,1
27148,F,1978,1,0,0
27149,M,1953,0,0,1
27150,F,1963,1,0,1
27151,M,2008,1,1,0
27152,M,1992,0,0,0
27153,M,2000,0,0,0
27154,M,1983,0,0,1
27155,M,1985,0,1,1
27156,F,2009,0,0,1
27157,F,1994,1,0,0
27158,M,1994,0,1,1
27159,M,1972,1,0,1
27160,F,1984,0,0,0
27161,M,1996,0,0,0
27162,F,1999,1,0,0
27163,M,2009,0,0,0
27164,F,1964,0,1,0
27165,M,1964,0,0,0
27166,M,1949,0,1,1
27167,M,1995,1,0,1
27168,F,1938,1,0,0
27169,M,1964,0,0,0
27170,F,1960,0,0,1
27171,F,1990,1,0,0
27172,F,1992,0,0,1
27173,F,1968,0,0,0
27174,M,1948,0,0,0
27175,F,1938,0,0,1
27176,F,1944,0,1,1
27177,F,1972,0,0,0
27178,F,2004,0,1,0
27179,F,2019,0,0,0
27180,F,1961,0,0,0
27181,F,1999,1,0,0
27182,F,1930,0,0,0
27183,M,1945,1,0,1
27184,M,1982,0,0,1
27185,M,1979,0,0,0
27186,M,1967,0,0,1
27187,F,1980,0,0,0
27188,F,1965,1,0,1
27189,M,1982,0,0,0
27190,M,1992,0,1,0
27191,M,1999,0,0,0
27192,M,1991,0,0,0
27193,M,1977,0,0,0
27194,F,2000,0,0,0
27195,M,1957,0,0,1
27196,F,1977,0,0,1
27197,M,1987,1,0,0
27198,M,2001,0,0,0
27199,M,1954,0,0,1
27200,M,1940,0,1,1
27201,F,2016,0,0,0
27202,M,1979,0,0,1
27203,F,1947,0,1,1
27204,M,1967,0,1,0
27205,M,2008,0,0,0
27206,F,1988,1,0,0
27207,M,2002,1,0,0
27208,F,2000,0,1,1
27209,M,1981,0,0,1
27210,F,1970,0,0,0
27211,F,1994,1,0,0
27212,F,1983,1,0,1
27213,F,1970,0,0,0
27214,M,2008,0,0,0
27215,M,2000,0,0,0
27216,M,1998,0,0,0
27217,M,1990,0,0,0
27218,F,1988,0,0,0
27219,F,1981,1,0,0
27220,F,1994,0,0,0
27221,M,1968,1,0,0
27222,M,1992,0,1,1
27223,F,2004,0,0,0
27224,F,2010,0,0,0
27225,F,1996,1,0,1
27226,F,2002,1,0,0
27227,F,2014,0,0,0
27228,F,1930,1,1,1
27229,F,2014,0,0,0
27230,M,1991,0,0,0
27231,F,1984,0,0,1
27232,M,1985,0,0,1
27233,M,2015,0,0,0
27234,M,1981,1,0,1
27235,M,1954,0,0,1
27236,F,2008,0,0,1
27237,M,1982,0,1,0
27238,M,1981,0,0,1
27239,M,1987,0,0,0
27240,F,1930,0,0,0
27241,M,1987,1,0,0
27242,M,1995,0,0,0
27243,F,2011,0,0,1
27244,M,1948,0,0,0
27245,F,2002,0,0,0
27246,F,1978,0,0,0
27247,F,1944,0,0,1
27248,F,1973,1,0,1
27249,F,2009,0,0,0
27250,M,1967,0,0,1
27251,M,1996,1,0,0
27252,M,1969,0,0,0
27253,F,1930,1,0,1
27254,M,1972,0,0,1
27255,M,1985,1,0,1
27256,M,2017,0,0,0
27257,M,1998,1,0,0
27258,M,2003,1,0,0
27259,F,1972,0,0,0
27260,F,1947,1,1,0
27261,F,1975,0,0,1
27262,M,1982,0,1,0
27263,F,1982,0,0,0
27264,M,1986,1,0,0
27265,M,1951,1,0,0
27266,M,1965,0,1,1
27267,F,1940,0,0,1
27268,F,1944,0,1,0
27269,F,1930,0,1,1
27270,F,1959,0,0,0
27271,M,1964,0,0,0
27272,F,1985,0,0,0
27273,M,1981,0,0,1
27274,F,1955,0,0,1
27275,F,1990,0,0,0
27276,F,1949,0,1,1
27277,F,1985,0,0,0
27278,M,1980,0,0,1
27279,M,1932,1,0,1
27280,F,1963,0,1,0
27281,M,1979,0,1,0
27282,F,1930,0,0,1
27283,F,1994,0,0,0
27284,M,1998,1,0,0
27285,F,1999,0,0,1
27286,M,1976,0,0,0
27287,F,1980,0,0,0
27288,F,1971,1,1,0
27289,F,2010,0,0,0
27290,F,2009,1,0,0
27291,M,1998,1,0,0
27292,F,1976,0,0,0
27293,F,1990,1,0,0
27294,M,2003,0,0,0
27295,F,2000,1,0,0
27296,M,1962,1,0,1
27297,M,1940,0,0,0
27298,M,1989,0,1,1
27299,F,2002,0,0,0
27300,F,1974,0,0,1
27301,M,1930,0,0,1
27302,M,1979,0,0,0
27303,F,1976,0,0,0
27304,F,1984,0,1,1
27305,M,1969,0,0,0
27306,M,1976,0,0,0
27307,F,2011,0,0,0
27308,M,1970,0,0,1
27309,M,1978,0,0,0
27310,M,2001,1,0,1
27311,F,1995,0,0,0
27312,M,2007,0,0,0
27313,M,1966,0,1,1
27314,M,1958,0,0,0
27315,F,1974,0,0,0
27316,M,1990,1,0,1
27317,M,1981,0,0,0
27318,F,1975,0,0,0
27319,F,1975,0,0,0
27320,M,1963,0,1,0
27321,F,1994,0,1,0
27322,F,1978,0,0,0
27323,M,1998,0,0,0
27324,F,1966,0,0,0
27325,F,1997,0,0,0
27326,F,1930,0,1,1
27327,M,1980,1,0,0
27328,M,1990,0,0,0
27329,F,1993,0,0,0
27330,F,1981,0,0,1
27331,F,1932,0,0,0
27332,M,2001,0,0,0
27333,M,1965,1,0,1
27334,M,1998,0,0,0
27335,F,2003,0,0,0
27336,M,1971,0,1,1
27337,F,1989,0,0,0
27338,M,1982,0,1,0
27339,M,1974,0,1,0
27340,F,1932,0,0,1
27341,M,1966,0,0,0
27342,F,1989,0,0,0
27343,M,1963,0,0,0
27344,M,2005,0,0,0
27345,F,1986,1,0,0
27346,F,1992,0,0,0
27347,F,1930,0,0,1
27348,M,1998,0,0,0
27349,F,1966,0,0,0
27350,M,1993,0,0,1
27351,F,1999,0,0,1
27352,F,1996,0,0,0
27353,F,1979,0,0,1
27354,F,1983,0,0,0
27355,M,1989,0,0,1
27356,F,1956,0,0,0
27357,M,1987,0,0,1
27358,F,1959,0,0,0
27359,M,1982,0,1,1
27360,F,2001,0,0,1
27361,F,1980,0,0,1
27362,F,1980,0,0,0
27363,M,1930,0,0,0
27364,M,1944,0,0,1
27365,M,1937,0,0,1
27366,M,1984,0,0,0
27367,F,1993,0,0,1
27368,F,1987,1,0,0
27369,F,1988,0,0,0
27370,F,1958,0,0,1
27371,F,1992,0,0,0
27372,M,1962,1,1,0
27373,M,1953,0,0,0
27374,M,1969,0,0,1
27375,F,2004,1,0,0
27376,M,1971,0,0,0
27377,F,2005,1,0,0
27378,M,1980,0,0,1
27379,M,1986,0,0,1
27380,M,1968,0,0,0
27381,M,1990,0,0,1
27382,M,1993,0,0,0
27383,F,1990,0,0,0
27384,F,1989,1,1,1
27385,M,2005,0,0,0
27386,M,1951,0,1,0
27387,F,1988,1,0,0
27388,F,1962,0,0,0
27389,F,1972,1,0,1
27390,F,1987,1,0,0
27391,F,1991,0,0,0
27392,M,2006,0,0,0
27393,F,1994,1,0,1
27394,M,2003,1,0,0
27395,F,2000,0,0,1
27396,F,1963,0,0,1
27397,M,1991,0,0,0
27398,M,1997,0,0,0
27399,F,1990,1,1,1
27400,M,2003,0,0,0
27401,F,2002,0,0,0
27402,M,1959,0,0,0
27403,F,1941,0,1,1
27404,M,1983,0,0,0
27405,F,2010,0,0,0
27406,M,1944,0,0,1
27407,F,1930,0,0,1
27408,F,1976,0,0,0
27409,M,1995,0,0,0
27410,F,1962,0,0,0
27411,F,1984,0,0,1
27412,M,1966,0,0,1
27413,F,2008,0,0,0
27414,F,1992,0,1,0
27415,F,2004,0,0,0
27416,M,2000,0,0,0
27417,M,2008,0,0,0
27418,F,2000,0,0,0
27419,F,1952,0,1,0
27420,F,1998,0,0,0
27421,M,2009,0,0,0
27422,F,1998,0,0,0
27423,M,2008,0,0,0
27424,F,1982,0,0,0
27425,M,1997,1,0,0
27426,M,1988,1,0,1
27427,M,1995,0,0,1
27428,F,1988,0,0,0
27429,F,2009,0,0,0
27430,M,1999,0,0,0
27431,M,1971,0,0,0
27432,M,1969,0,0,0
27433,F,1987,0,0,0
27434,M,1986,0,0,0
27435,F,2012,0,0,0
27436,F,1976,0,0,1
27437,M,1952,0,0,0
27438,F,2008,1,0,0
27439,F,1964,1,1,1
27440,F,2008,1,0,0
27441,M,1983,0,0,0
27442,M,2009,0,0,0
27443,F,2006,0,0,0
27444,M,2000,0,0,0
27445,F,2002,0,0,0
27446,M,1956,0,0,1
27447,F,1981,0,1,0
27448,F,2002,0,0,0
27449,M,1971,1,0,1
27450,M,1966,0,1,0
27451,M,1975,0,0,0
27452,M,1979,0,0,1
27453,F,1978,0,0,0
27454,M,2002,0,0,0
27455,M,1983,0,0,0
27456,F,1956,0,0,1
27457,M,1935,0,0,0
27458,F,1986,0,0,0
27459,M,1996,1,0,0
27460,M,2000,0,0,0
27461,F,1958,0,0,1
27462,F,2000,0,0,1
27463,F,1989,0,0,0
27464,F,1990,0,0,1
27465,M,1967,1,0,0
27466,M,1977,0,0,1
27467,F,1930,0,0,0
27468,M,1978,1,1,1
27469,M,1957,0,1,1
27470,F,1994,0,0,0
27471,M,1977,0,0,0
27472,F,1955,0,0,0
27473,F,1960,1,0,0
27474,M,2006,0,0,0
27475,M,2002,0,1,0
27476,F,1977,0,0,0
27477,F,1989,0,0,0
27478,F,1984,0,0,0
27479,F,1990,0,0,0
27480,F,1962,0,0,1
27481,M,1980,0,0,1
27482,F,1987,0,0,0
27483,M,1930,0,0,1
27484,F,1956,0,1,0
27485,F,1948,0,0,0
27486,F,2003,1,0,0
27487,M,1930,0,0,0
27488,F,1930,1,1,1
27489,F,1963,0,0,0
27490,M,1981,0,1,0
27491,F,1997,0,0,0
27492,F,1960,0,0,1
27493,F,1930,0,0,1
27494,F,1980,0,0,0
27495,F,2002,0,0,1
27496,M,1983,1,0,1
27497,F,1993,0,1,0
27498,F,2000,0,0,1
27499,F,2009,0,0,0
27500,F,1930,1,1,1
27501,M,1945,0,0,1
27502,F,1990,1,0,0
27503,F,2015,0,0,0
27504,M,1972,0,0,0
27505,F,1941,1,1,0
27506,F,1930,0,0,1
27507,M,1973,0,0,0
27508,M,1997,0,0,0
27509,F,1976,0,0,1
27510,M,1986,0,0,0
27511,M,1989,0,1,1
27512,F,2022,0,0,0
27513,F,1950,1,0,1
27514,M,1971,1,0,0
27515,F,2005,1,0,1
27516,M,1950,0,0,0
27517,M,1930,0,1,0
27518,F,1998,0,1,0
27519,M,1972,0,0,0
27520,M,1987,1,1,0
27521,M,2010,0,0,0
27522,F,1977,0,0,0
27523,M,1961,0,0,1
27524,M,1976,0,0,0
27525,M,1943,0,0,0
27526,M,1978,0,1,0
27527,M,2009,0,0,0
27528,M,1996,1,0,0
27529,M,1954,0,0,1
27530,M,2018,0,1,0
27531,F,1994,0,0,0
27532,M,1977,0,0,1
27533,F,1954,0,0,1
27534,F,1939,0,0,0
27535,F,1987,1,0,0
27536,F,1982,0,0,1
27537,F,1993,0,0,0
27538,F,1980,0,0,0
27539,F,2004,0,0,0
27540,F,1970,0,1,1
27541,M,2016,0,0,0
27542,M,1973,0,0,0
27543,F,1987,0,0,0
27544,M,1953,0,0,0
27545,F,1962,0,0,0
27546,M,1990,0,1,0
27547,M,1964,1,0,1
27548,F,2003,0,0,0
27549,M,2008,0,0,1
27550,F,1974,0,0,1
27551,M,2009,0,0,0
27552,M,1935,0,0,0
27553,M,2012,0,0,1
27554,M,1956,0,0,0
27555,F,1987,1,0,0
27556,F,1969,0,0,0
27557,F,1980,0,1,0
27558,M,1994,1,0,0
27559,M,1997,0,0,0
27560,M,1967,0,0,0
27561,F,1952,1,0,1
27562,F,1977,0,0,0
27563,M,1970,0,0,1
27564,M,1978,0,0,0
27565,F,2005,0,0,0
27566,F,2004,0,0,0
27567,M,1939,0,0,0
27568,F,1987,0,0,1
27569,F,1957,0,1,1
27570,F,1991,0,0,1
27571,M,1999,0,0,0
27572,M,1992,0,0,0
27573,F,1965,0,1,0
27574,M,1997,0,1,1
27575,F,1978,0,1,0
27576,M,1970,0,0,1
27577,M,1982,0,0,1
27578,M,1979,0,0,0
27579,F,1978,0,0,0
27580,F,1998,0,0,0
27581,F,1989,0,0,1
27582,M,1999,0,0,0
27583,F,1990,0,0,0
27584,M,1963,0,1,0
27585,F,1963,0,0,0
27586,F,1978,0,0,0
27587,F,1983,0,1,0
27588,F,1972,0,0,0
27589,F,1979,0,1,0
27590,M,1990,0,1,0
27591,F,1984,0,0,0
27592,M,2002,0,0,0
27593,F,2004,0,0,0
27594,M,1945,0,0,1
27595,F,1965,0,1,0
27596,M,1994,0,0,1
27597,F,1984,0,0,1
27598,F,1991,0,0,0
27599,M,1985,0,0,1
27600,F,1965,0,0,0
27601,F,2016,0,0,0
27602,F,1973,0,1,0
27603,F,2005,0,0,0
27604,F,1930,0,1,0
27605,M,1958,0,0,1
27606,F,2007,0,0,0
27607,F,2007,0,0,0
27608,F,1996,0,0,0
27609,M,1985,1,0,0
27610,M,1997,0,1,1
27611,F,1995,0,0,0
27612,M,2015,0,0,0
27613,M,1930,0,1,1
27614,F,1985,0,0,0
27615,M,1932,0,0,0
27616,M,1995,0,0,1
27617,M,1930,0,0,1
27618,M,1970,0,0,0
27619,M,1983,0,1,0
27620,F,1940,0,1,0
27621,M,2007,0,0,0
27622,M,1984,0,0,0
27623,M,1989,0,0,0
27624,F,1958,1,0,1
27625,M,2012,0,0,1
27626,F,1993,1,0,0
27627,M,2015,0,0,0
27628,M,1992,0,0,0
27629,F,1948,0,1,0
27630,M,1992,0,0,0
27631,F,1999,0,0,0
27632,F,1966,0,0,0
27633,M,1998,0,0,1
27634,M,1953,0,0,1
27635,F,1934,0,0,1
27636,F,1982,0,1,0
27637,M,1971,0,0,1
27638,F,1950,0,0,1
27639,F,1982,0,0,1
27640,F,2009,0,0,0
27641,M,1946,1,0,0
27642,F,1971,0,0,1
27643,F,1990,0,1,0
27644,F,2005,0,0,0
27645,F,1992,0,0,0
27646,M,1976,0,0,0
27647,F,1973,0,0,0
27648,F,1962,0,1,0
27649,M,2018,0,0,0
27650,F,1943,0,1,1
27651,F,1964,0,0,0
27652,F,1983,1,0,0
27653,M,1995,0,0,0
27654,M,2000,1,0,1
27655,M,1960,0,0,1
27656,F,1984,0,0,0
27657,F,2003,0,0,0
27658,M,1972,0,0,1
27659,F,1974,1,1,0
27660,F,1930,1,0,1
27661,F,2014,0,0,1
27662,M,2008,0,0,0
27663,F,2013,0,0,1
27664,F,1999,0,1,0
27665,F,1985,0,0,0
27666,F,1990,1,0,1
27667,M,1939,0,1,0
27668,M,1989,0,0,1
27669,M,2012,0,0,0
27670,M,1930,1,0,0
27671,M,1959,0,0,1
27672,M,1961,0,0,0
27673,M,2005,0,0,0
27674,F,1980,0,0,0
27675,F,1947,1,0,0
27676,F,1954,0,0,1
27677,M,1998,1,0,0
27678,F,1985,0,0,1
27679,F,1954,0,0,0
27680,F,1980,0,0,0
27681,F,1990,1,0,0
27682,F,2003,0,0,1
27683,F,1985,0,1,1
27684,F,1942,0,0,1
27685,F,1948,0,1,1
27686,F,1975,0,0,0
27687,M,1978,0,1,0
27688,M,1963,0,1,0
27689,F,2022,0,0,0
27690,M,1977,0,0,0
27691,F,1977,0,1,0
27692,M,2009,0,0,0
27693,F,2002,0,0,0
27694,F,1967,0,0,1
27695,F,1979,0,1,1
27696,F,1982,0,0,0
27697,F,1991,0,0,0
27698,F,1942,1,1,0
27699,F,1966,0,0,0
27700,M,1972,1,0,0
27701,F,2003,0,0,0
27702,M,1972,0,0,0
27703,F,1930,0,0,1
27704,M,2011,0,0,1
27705,F,1960,0,0,0
27706,M,1982,0,0,0
27707,M,1983,1,0,0
27708,M,1951,1,1,0
27709,M,1998,0,0,1
27710,M,1991,1,0,0
27711,M,1987,0,0,0
27712,F,1999,0,0,1
27713,F,1988,0,1,1
27714,M,1997,0,0,0
27715,M,1982,0,0,0
27716,M,1959,0,0,1
27717,M,2000,0,0,0
27718,F,1979,0,1,0
27719,F,1984,0,0,0
27720,M,1985,0,0,1
27721,F,2001,0,0,1
27722,M,1951,1,0,0
27723,F,1951,1,1,1
27724,M,1985,0,1,1
27725,F,1962,0,0,0
27726,M,1995,0,1,0
27727,F,1958,0,0,1
27728,M,2000,0,0,0
27729,M,2002,0,0,0
27730,M,1981,0,0,0
27731,M,1930,0,0,1
27732,F,2004,0,1,0
27733,M,2010,0,0,0
27734,M,1959,0,0,0
27735,F,1979,0,1,0
27736,F,1977,0,0,0
27737,M,1990,0,0,0
27738,M,1969,1,0,0
27739,F,1962,0,0,0
27740,M,2006,0,0,0
27741,F,2009,0,0,0
27742,M,2002,0,1,0
27743,M,1996,0,0,1
27744,F,1987,0,0,0
27745,M,1980,0,1,0
27746,F,1966,0,0,0
27747,F,1996,0,0,0
27748,F,1960,0,0,0
27749,F,1979,0,1,1
27750,F,1975,0,0,0
27751,M,2007,0,0,0
27752,M,1999,0,1,0
27753,M,1991,0,1,0
27754,F,1930,0,1,1
27755,F,1961,0,0,0
27756,M,1986,1,0,0
27757,M,1995,0,0,0
27758,M,1930,0,0,0
27759,M,1978,1,0,0
27760,M,1999,0,0,0
27761,F,2002,0,0,0
27762,M,1971,0,1,1
27763,F,1986,0,0,1
27764,F,1953,0,0,1
27765,M,2004,0,1,0
27766,M,1960,1,1,1
27767,M,1957,0,0,0
27768,M,1945,0,0,0
27769,M,1997,0,0,0
27770,M,1960,0,1,0
27771,M,1991,0,0,0
27772,F,2001,0,0,0
27773,F,1985,0,0,0
27774,F,2014,0,0,0
27775,F,1975,1,1,0
27776,F,1984,0,0,1
27777,F,2008,1,0,0
27778,F,1975,0,0,0
27779,M,1962,1,0,1
27780,F,1987,0,0,0
27781,M,1993,0,1,0
27782,M,1970,0,0,1
27783,F,1940,0,0,1
27784,F,1988,0,0,0
27785,F,1930,0,0,1
27786,F,1951,0,0,1
27787,F,1992,0,1,0
27788,M,1998,0,0,1
27789,M,1969,0,0,1
27790,M,2004,0,0,0
27791,F,2004,0,0,0
27792,F,1991,1,0,0
27793,M,1992,0,0,0
27794,M,1930,0,0,0
27795,F,1958,0,0,0
27796,M,1956,0,0,0
27797,F,1970,0,0,0
27798,F,1991,0,0,0
27799,M,1987,0,0,1
27800,M,1972,1,0,0
27801,M,2001,0,0,1
27802,F,2001,1,0,0
27803,M,1961,0,0,0
27804,F,1967,1,0,0
27805,M,2002,0,0,0
27806,F,2002,0,0,0
27807,M,2002,0,0,0
27808,M,1962,1,0,0
27809,M,1952,0,0,0
27810,M,2001,0,0,0
27811,M,1979,1,0,1
27812,F,2001,1,0,0
27813,M,1944,0,0,1
27814,F,2010,0,0,1
27815,F,1975,1,0,0
27816,M,1991,0,0,0
27817,F,2001,0,0,1
27818,M,2007,1,0,0
27819,F,2004,0,0,0
27820,F,1987,1,0,0
27821,M,1996,0,0,1
27822,M,1980,0,0,1
27823,M,1930,0,0,1
27824,M,1959,0,0,1
27825,M,1961,0,1,1
27826,M,1962,0,0,0
27827,F,1971,0,0,0
27828,M,1953,0,0,1
27829,M,1993,0,1,0
27830,F,1971,0,0,0
27831,F,2010,0,0,0
27832,M,1962,0,0,1
27833,F,1980,0,0,0
27834,M,1984,1,0,1
27835,M,2002,0,0,0
27836,M,2006,1,0,0
27837,F,1992,0,0,0
27838,M,1980,0,1,0
27839,M,1958,0,0,0
27840,F,1953,0,1,1
27841,F,1940,0,1,1
27842,F,1957,0,0,0
27843,F,1969,0,0,0
27844,F,2006,1,0,0
27845,F,1984,0,0,0
27846,M,1940,0,0,1
27847,M,1930,0,1,0
27848,F,2006,0,0,0
27849,M,1991,0,0,0
27850,M,1937,0,0,1
27851,F,1952,1,1,0
27852,F,1982,0,1,0
27853,F,1975,0,0,1
27854,F,1971,0,0,0
27855,F,1951,1,1,0
27856,M,1952,0,0,1
27857,F,1989,0,0,0
27858,M,1940,1,0,1
27859,F,1935,0,0,1
27860,M,1986,0,1,1
27861,F,1937,0,0,0
27862,F,1986,0,0,0
27863,F,1963,0,0,0
27864,M,1930,0,0,1
27865,F,1946,0,1,0
27866,F,1996,0,1,0
27867,M,1971,0,0,0
27868,M,1966,0,0,0
27869,M,1976,0,0,1
27870,F,1994,0,0,0
27871,M,1995,0,0,0
27872,F,1985,0,1,0
27873,F,2006,0,0,0
27874,F,1967,0,0,1
27875,M,2012,0,1,0
27876,F,1930,0,0,0
27877,M,1983,0,0,1
27878,M,1995,0,0,0
27879,M,2003,0,0,0
27880,F,1949,0,1,0
27881,F,1971,0,0,0
27882,M,1976,0,0,0
27883,F,1970,1,0,1
27884,F,1970,0,0,0
27885,F,1967,0,1,1
27886,F,1973,0,0,0
27887,M,1962,0,0,0
27888,M,1969,1,0,0
27889,M,2011,0,0,0
27890,M,1997,1,0,1
27891,M,1997,0,0,0
27892,M,1995,0,0,0
27893,F,2002,0,0,1
27894,M,1973,0,0,1
27895,F,1961,1,0,0
27896,F,2008,1,0,0
27897,M,2000,0,0,0
27898,M,2006,1,0,0
27899,M,2013,0,0,1
27900,M,1980,0,0,1
27901,F,2011,0,1,0
27902,M,1981,0,0,1
27903,M,1976,0,0,0
27904,F,1982,0,0,0
27905,F,1982,1,1,0
27906,F,1985,0,0,0
27907,F,1958,0,0,0
27908,M,1934,0,1,1
27909,M,1974,1,0,1
27910,F,1996,0,1,0
27911,F,2000,0,0,0
27912,F,2012,0,0,0
27913,F,1943,1,0,0
27914,M,1988,0,0,0
27915,F,1986,1,1,0
27916,M,1981,0,0,1
27917,M,1992,0,0,0
27918,M,1976,0,0,0
27919,F,1975,0,0,0
27920,F,1971,0,0,0
27921,M,2007,0,0,0
27922,F,2015,0,0,0
27923,F,1960,0,1,1
27924,M,1987,0,0,1
27925,M,1998,1,0,0
27926,F,1955,1,1,0
27927,F,1997,0,0,0
27928,M,1999,0,0,1
27929,F,1993,0,0,0
27930,F,1996,0,0,1
27931,F,1996,0,1,0
27932,M,1963,0,1,0
27933,M,1941,0,0,0
27934,F,2001,0,0,0
27935,M,1982,0,0,1
27936,F,1996,1,0,0
27937,F,1952,0,0,1
27938,M,1974,1,0,1
27939,M,1981,0,0,1
27940,F,1964,1,0,0
27941,M,1956,1,0,1
27942,F,1965,0,0,1
27943,F,1966,0,0,0
27944,F,1935,0,0,1
27945,F,1972,0,0,0
27946,F,1999,0,1,0
27947,F,1978,0,0,0
27948,M,1991,1,0,0
27949,F,1938,0,0,0
27950,F,1989,0,0,1
27951,F,1989,0,1,1
27952,M,1985,0,1,0
27953,M,1976,0,0,0
27954,M,1995,0,0,1
27955,F,1995,0,0,0
27956,F,1999,0,0,0
27957,F,1943,1,0,1
27958,F,1968,0,0,0
27959,M,1987,0,0,0
27960,M,1992,0,0,1
27961,M,1999,1,1,0
27962,M,1990,0,0,0
27963,M,1987,0,0,0
27964,M,1951,0,0,0
27965,M,2000,0,0,0
27966,M,1977,0,0,0
27967,F,1969,0,0,0
27968,F,1996,0,1,1
27969,M,2009,0,0,0
27970,M,1978,0,0,0
27971,F,2000,0,0,0
27972,F,1974,0,0,0
27973,M,1977,0,0,0
27974,M,1959,0,0,1
27975,M,1956,0,0,0
27976,F,2007,0,1,0
27977,F,1969,0,0,1
27978,F,1975,0,0,1
27979,M,1975,0,1,0
27980,F,1956,0,0,1
27981,F,1999,0,0,0
27982,M,1956,1,0,1
27983,M,1969,0,1,0
27984,M,2009,0,0,0
27985,F,1993,0,0,0
27986,F,1982,0,0,0
27987,M,2008,0,0,0
27988,M,1970,0,0,0
27989,F,1956,0,0,0
27990,F,1962,0,0,0
27991,M,1965,0,0,1
27992,M,1991,0,0,0
27993,F,1970,1,0,0
27994,F,1937,0,1,1
27995,F,2003,0,0,0
27996,F,2005,1,0,0
27997,F,1999,1,0,0
27998,F,1983,0,0,0
27999,F,2000,0,0,0
28000,F,1964,0,0,0
28001,F,1981,0,0,0
28002,M,1982,0,0,0
28003,M,1956,1,0,0
28004,M,2007,0,0,1
28005,F,1975,0,0,0
28006,M,1974,0,0,0
28007,M,1944,1,1,1
28008,F,1930,0,0,1
28009,F,2004,0,0,0
28010,F,1992,0,0,0
28011,M,2012,0,0,0
28012,F,2001,1,0,0
28013,F,1941,0,0,0
28014,M,1963,0,0,1
28015,M,1987,0,0,1
28016,F,1984,1,0,0
28017,M,2004,0,0,0
28018,M,2003,0,0,0
28019,M,1983,0,1,0
28020,F,1994,0,0,1
28021,M,1964,1,1,1
28022,M,1958,0,0,1
28023,F,1992,1,0,0
28024,M,1974,0,0,1
28025,F,1984,0,0,0
28026,F,1985,0,0,0
28027,M,1943,0,1,0
28028,M,2006,0,0,0
28029,M,1944,0,0,0
28030,F,1961,0,0,1
28031,M,1975,0,0,0
28032,F,1965,0,1,0
28033,M,1985,0,0,0
28034,M,1993,0,0,1
28035,M,1999,0,0,0
28036,M,1960,0,0,0
28037,M,1978,1,0,0
28038,F,1930,0,1,0
28039,F,1963,0,1,0
28040,F,1975,0,0,1
28041,F,1994,0,1,1
28042,F,1991,1,0,0
28043,M,1995,0,0,0
28044,F,1971,0,0,0
28045,F,1986,0,0,1
28046,F,1993,0,0,0
28047,F,1930,0,0,1
28048,M,1952,0,0,1
28049,M,1982,0,0,1
28050,M,1980,0,0,0
28051,M,1962,0,0,0
28052,M,1985,0,0,0
28053,F,2004,0,0,0
28054,M,1995,0,0,1
28055,M,1980,0,0,1
28056,M,1980,0,0,0
28057,F,2009,0,0,0
28058,F,1962,0,0,0
28059,F,2008,0,1,1
28060,F,2001,0,0,0
28061,F,1959,0,0,0
28062,M,1987,0,0,0
28063,F,1949,0,0,0
28064,M,1955,1,0,1
28065,M,2004,0,0,0
28066,F,1990,0,0,1
28067,F,1994,0,1,0
28068,M,1992,0,0,1
28069,M,1995,0,0,1
28070,M,2001,0,0,0
28071,F,1952,0,0,0
28072,F,2000,1,0,0
28073,M,1987,0,0,0
28074,F,2001,0,0,1
28075,M,1979,0,0,0
28076,F,1988,0,0,1
28077,F,1993,0,0,0
28078,F,1953,0,1,1
28079,F,1985,0,1,0
28080,F,1983,0,0,0
28081,M,2009,0,1,1
28082,F,1930,0,0,1
28083,M,1980,0,0,1
28084,F,1964,0,0,0
28085,M,1997,0,0,0
28086,F,1988,0,0,1
28087,F,1945,0,1,1
28088,F,1993,1,0,0
28089,F,1968,0,0,0
28090,F,1987,0,0,0
28091,F,1952,0,0,0
28092,M,1976,0,1,0
28093,M,1996,0,0,0
28094,M,2005,0,0,0
28095,M,1937,0,0,1
28096,F,1971,0,0,1
28097,F,1976,0,0,0
28098,F,1991,0,0,0
28099,F,2007,1,0,0
28100,F,1974,0,0,0
28101,M,1975,0,0,0
28102,F,1969,0,0,1
28103,F,1948,1,1,0
28104,F,1978,0,0,0
28105,M,2008,0,0,0
28106,F,1967,0,0,0
28107,F,1935,0,0,0
28108,F,1984,0,1,1
28109,M,1985,0,0,1
28110,M,1987,0,0,1
28111,F,1981,0,0,1
28112,F,1974,0,0,0
28113,M,1969,1,0,0
28114,F,1994,0,0,0
28115,F,1993,0,0,0
28116,M,2017,0,1,0
28117,M,2008,0,0,0
28118,F,1989,0,0,0
28119,F,1974,0,0,0
28120,F,1990,1,0,0
28121,F,1964,1,0,0
28122,M,1995,0,0,0
28123,F,1994,1,0,1
28124,F,1955,0,0,1
28125,F,1975,0,0,0
28126,M,1960,0,0,0
28127,F,1974,0,0,0
28128,F,1980,0,0,1
28129,F,1974,0,0,1
28130,F,2002,0,0,0
28131,M,2013,0,0,0
28132,F,2004,1,0,0
28133,M,2008,1,0,0
28134,M,1975,0,0,0
28135,F,1954,0,0,1
28136,M,2003,0,0,0
28137,F,1977,0,0,0
28138,M,1942,0,1,1
28139,F,1961,0,0,1
28140,M,1973,1,0,1
28141,F,1982,0,0,1
28142,M,1975,1,1,0
28143,M,1979,0,0,0
28144,F,1985,0,0,0
28145,M,2000,0,0,0
28146,M,1994,0,0,0
28147,M,1977,0,0,0
28148,F,1957,0,0,0
28149,M,2002,0,0,0
28150,M,1930,0,0,0
28151,M,2009,0,0,0
28152,M,1998,1,0,1
28153,M,1976,0,0,1
28154,F,1967,0,0,0
28155,M,1994,0,0,0
28156,F,1981,0,0,0
28157,M,1985,0,0,0
28158,F,1989,1,0,0
28159,F,1999,1,0,1
28160,M,1976,0,1,0
28161,M,1975,0,1,0
28162,F,1982,0,0,1
28163,F,1964,0,0,0
28164,F,1976,0,1,0
28165,F,1996,0,0,0
28166,M,1941,0,0,1
28167,M,1970,0,1,0
28168,F,1988,0,0,0
28169,M,1991,1,0,1
28170,M,1991,0,0,0
28171,M,2001,0,0,0
28172,F,1995,0,0,1
28173,M,1979,0,0,0
28174,M,1969,0,0,0
28175,M,1946,0,0,0
28176,M,1988,1,0,1
28177,F,1977,0,0,0
28178,M,1977,0,0,0
28179,F,1995,1,0,0
28180,F,1972,0,0,0
28181,F,2005,0,0,0
28182,F,1984,0,0,0
28183,F,1988,1,1,0
28184,F,1994,0,0,0
28185,F,1975,1,0,0
28186,M,1946,0,0,1
28187,F,1960,0,0,0
28188,M,1978,0,0,0
28189,F,1963,0,1,1
28190,F,1934,0,0,0
28191,F,1996,0,0,0
28192,M,1984,0,0,0
28193,F,1972,0,0,0
28194,F,1970,0,0,0
28195,F,1988,0,0,1
28196,M,1977,0,1,0
28197,F,1987,0,0,0
28198,F,1983,0,0,1
28199,M,2008,0,0,0
28200,F,1946,0,0,0
28201,M,2010,0,0,0
28202,M,1992,0,0,1
28203,F,1969,0,0,0
28204,M,1957,0,0,0
28205,M,1987,1,0,1
28206,M,1966,1,0,0
28207,M,1984,1,0,1
28208,M,1975,0,0,0
28209,F,1992,0,1,0
28210,M,1969,0,0,0
28211,F,2003,0,0,0
28212,F,1930,0,0,1
28213,F,1995,0,0,0
28214,M,2001,0,0,1
28215,M,1983,0,0,0
28216,F,1989,1,0,0
28217,M,1947,0,0,1
28218,F,1932,0,1,0
28219,F,1994,0,0,0
28220,M,1972,0,0,0
28221,F,1975,0,0,0
28222,F,1973,1,0,1
28223,M,1999,0,0,0
28224,F,1999,0,0,0
28225,M,1981,0,0,0
28226,F,1974,0,0,1
28227,M,2004,0,0,0
28228,M,1992,0,0,0
28229,M,1985,0,1,1
28230,F,1955,0,0,1
28231,M,1964,0,0,1
28232,M,1947,0,0,0
28233,M,1983,0,0,0
28234,M,1990,1,0,0
28235,F,1950,0,0,1
28236,M,1983,1,0,0
28237,F,2007,0,0,0
28238,M,1969,0,0,0
28239,F,2011,0,0,0
28240,M,1984,1,0,0
28241,F,2019,0,1,0
28242,F,1983,0,1,0
28243,M,1984,1,0,0
28244,F,2007,0,1,0
28245,M,1981,1,1,0
28246,M,1951,0,0,1
28247,F,1992,0,0,0
28248,F,1964,1,0,0
28249,F,2006,1,0,0
28250,F,2004,0,0,1
28251,F,1998,0,0,0
28252,F,1995,0,0,1
28253,M,1964,0,1,0
28254,F,1981,1,0,0
28255,F,2008,0,0,0
28256,F,1978,0,0,1
28257,M,1978,0,0,0
28258,M,2018,0,0,0
28259,F,1947,0,0,1
28260,M,1997,0,0,0
28261,F,1964,0,0,1
28262,F,1971,0,0,0
28263,M,2002,0,0,0
28264,F,1954,0,0,0
28265,M,1975,0,1,0
28266,F,1955,0,0,0
28267,M,1938,0,0,1
28268,M,1999,0,0,0
28269,M,1976,0,0,0
28270,M,2005,1,0,0
28271,M,1955,0,1,1
28272,M,2008,0,0,0
28273,F,2003,0,0,0
28274,M,1993,0,0,0
28275,M,1983,0,0,1
28276,M,1963,1,0,0
28277,F,2007,0,0,0
28278,M,1977,0,0,0
28279,M,1994,0,0,1
28280,F,1984,0,1,0
28281,F,1949,0,0,1
28282,M,1981,0,0,0
28283,F,1971,1,0,0
28284,F,2011,0,0,0
28285,F,1997,0,0,0
28286,M,1983,1,0,1
28287,M,2005,0,0,0
28288,M,2009,0,0,0
28289,M,1996,0,0,0
28290,M,1983,1,0,1
28291,F,1965,1,0,0
28292,F,1965,0,1,0
28293,M,1986,0,0,1
28294,M,1981,1,0,1
28295,M,2006,0,0,0
28296,M,1930,0,0,1
28297,F,1944,0,0,1
28298,F,1975,1,1,0
28299,F,1989,1,0,1
28300,M,1956,1,0,0
28301,F,1930,0,0,0
28302,F,1972,0,0,0
28303,M,1964,0,0,0
28304,M,1993,0,0,0
28305,M,2004,1,0,0
28306,M,1985,1,0,0
28307,F,1969,0,0,1
28308,M,2007,1,0,0
28309,F,1931,1,0,0
28310,F,1971,1,0,1
28311,F,1965,0,1,0
28312,F,2011,0,0,1
28313,M,1992,0,0,1
28314,F,1980,0,1,0
28315,M,2002,0,0,0
28316,F,1930,0,1,0
28317,F,1947,1,0,1
28318,M,1979,0,0,0
28319,M,1961,0,0,0
28320,F,1989,1,0,0
28321,M,1953,0,1,1
28322,F,1985,0,1,0
28323,M,1934,0,0,0
28324,M,1994,1,0,0
28325,F,2005,0,0,0
28326,F,1983,1,0,0
28327,F,1996,1,0,0
28328,M,1972,1,0,0
28329,M,1999,0,0,1
28330,M,1930,1,0,1
28331,M,2005,0,0,0
28332,F,1970,0,0,0
28333,F,1989,1,0,0
28334,F,1941,0,0,0
28335,M,1988,0,0,0
28336,F,1988,0,1,1
28337,F,1990,1,0,0
28338,F,1969,0,0,0
28339,M,1990,0,0,0
28340,M,1993,0,0,0
28341,F,2006,0,0,0
28342,M,1998,0,0,0
28343,M,1962,0,0,0
28344,M,1996,0,0,0
28345,M,1930,0,0,1
28346,F,1978,1,1,0
28347,F,2010,0,0,0
28348,M,1963,0,0,1
28349,F,1930,1,0,1
28350,F,2002,0,0,0
28351,M,1999,0,0,1
28352,F,1987,0,0,0
28353,M,2009,0,0,0
28354,M,2001,0,0,0
28355,F,1965,0,0,1
28356,M,1982,0,0,1
28357,M,1982,0,0,0
28358,M,2010,0,0,1
28359,M,2006,0,0,0
28360,M,1992,0,0,1
28361,M,1947,0,0,1
28362,M,1993,0,0,1
28363,M,1977,0,1,0
28364,M,1996,1,0,0
28365,M,1982,0,1,1
28366,M,1930,0,0,1
28367,M,1973,0,0,0
28368,F,1988,0,1,0
28369,F,1967,0,0,1
28370,F,1968,0,1,0
28371,F,1971,0,0,0
28372,F,1992,0,0,0
28373,M,2007,0,0,0
28374,M,1985,1,0,1
28375,F,2001,0,0,0
28376,F,2003,0,0,1
28377,M,1978,1,0,0
28378,F,1983,0,0,0
28379,M,1967,1,0,0
28380,M,1971,0,1,1
28381,M,1968,0,1,0
28382,M,1930,0,0,0
28383,M,1930,0,0,1
28384,M,1992,0,0,0
28385,M,1973,0,0,0
28386,M,1978,1,0,1
28387,F,2011,0,0,0
28388,F,1986,0,0,0
28389,F,2011,0,0,0
28390,M,2002,1,0,0
28391,M,1962,1,0,1
28392,M,1993,0,0,0
28393,F,1998,0,0,0
28394,F,1949,0,0,1
28395,F,1976,1,0,0
28396,F,1970,0,0,1
28397,M,1978,0,1,0
28398,M,2001,0,1,0
28399,M,2006,1,0,1
28400,F,1970,0,0,1
28401,M,1953,0,0,0
28402,F,1988,0,1,0
28403,F,1951,0,0,1
28404,M,1988,0,0,0
28405,M,1991,0,0,0
28406,F,1980,1,0,0
28407,F,1999,0,0,0
28408,M,1965,1,0,0
28409,F,1949,0,0,1
28410,F,2001,0,1,0
28411,F,1992,1,0,0
28412,F,1950,0,1,1
28413,F,1996,0,0,1
28414,F,1997,0,0,0
28415,F,1936,1,1,1
28416,M,1930,0,0,1
28417,M,1977,0,0,1
28418,F,1979,0,1,1
28419,M,1930,1,0,1
28420,F,1948,1,1,0
28421,F,1930,0,0,0
28422,M,1994,0,0,0
28423,F,1989,0,0,0
28424,M,2012,0,0,0
28425,F,2010,0,0,0
28426,F,2009,0,0,0
28427,F,1989,0,0,1
28428,M,1999,0,0,1
28429,F,1978,1,0,1
28430,F,1995,0,0,1
28431,M,1941,0,0,0
28432,M,2000,0,0,0
28433,F,2012,0,0,0
28434,F,2006,0,0,0
28435,F,1947,0,0,1
28436,F,2000,1,0,0
28437,F,1963,0,0,0
28438,M,1978,0,1,0
28439,M,1952,0,0,0
28440,F,1936,0,1,1
28441,F,1976,0,0,0
28442,F,1975,1,0,0
28443,M,2016,0,0,0
28444,F,1980,0,0,0
28445,F,1992,0,0,0
28446,M,2012,0,0,1
28447,M,1967,0,1,0
28448,F,1963,0,1,1
28449,M,2005,0,0,0
28450,F,1986,0,1,0
28451,M,1944,0,0,1
28452,F,1963,1,1,1
28453,M,1973,0,1,0
28454,F,1969,0,0,0
28455,M,2017,0,0,0
28456,F,1982,1,0,0
28457,F,1995,0,1,0
28458,M,1937,0,0,1
28459,F,1930,0,0,1
28460,F,1995,0,1,0
28461,M,1930,0,0,0
28462,F,1965,0,0,1
28463,F,2016,0,0,0
28464,F,1943,1,0,1
28465,M,1953,0,1,0
28466,M,1982,0,0,0
28467,M,1965,0,0,0
28468,F,1961,0,0,0
28469,M,1937,0,1,0
28470,F,1936,0,1,1
28471,F,1991,0,0,1
28472,M,1997,0,0,0
28473,F,1995,0,0,0
28474,M,1998,0,0,0
28475,M,1990,0,0,0
28476,F,1989,0,0,0
28477,M,1999,0,0,1
28478,M,1985,0,0,0
28479,M,1943,1,0,0
28480,F,1980,1,0,0
28481,F,2005,0,0,0
28482,M,1994,0,0,1
28483,F,1930,0,0,1
28484,F,1945,0,0,1
28485,F,1999,1,1,0
28486,F,1936,0,1,1
28487,M,1960,1,0,0
28488,F,1930,0,0,0
28489,F,2009,1,0,0
28490,F,1994,1,0,0
28491,M,1958,0,0,0
28492,F,1970,0,0,0
28493,M,1933,0,1,1
28494,F,1952,0,0,1
28495,M,2010,0,0,0
28496,M,1966,0,0,1
28497,M,1949,0,0,1
28498,M,2001,0,0,0
28499,F,1977,0,0,1
28500,M,2000,0,0,0
28501,M,1972,0,0,0
28502,M,1986,0,0,0
28503,F,1981,0,0,0
28504,F,1949,0,0,0
28505,M,1991,0,0,0
28506,F,1988,1,0,0
28507,M,1987,0,0,0
28508,F,1975,0,0,1
28509,F,1990,0,0,0
28510,M,1997,0,0,0
28511,M,1957,1,0,1
28512,M,1988,0,0,0
28513,M,1983,0,0,0
28514,F,1964,1,0,1
28515,M,1993,0,0,1
28516,F,2005,0,0,0
28517,M,1938,0,0,1
28518,M,1971,0,0,0
28519,F,1981,1,0,0
28520,F,1979,0,1,0
28521,F,1930,1,0,1
28522,F,1963,0,1,0
28523,M,2017,0,0,0
28524,F,1981,0,0,0
28525,M,1979,0,0,0
28526,M,1981,1,1,0
28527,F,2012,0,0,0
28528,M,2002,0,0,0
28529,M,2009,1,0,0
28530,M,1930,1,1,1
28531,M,1980,0,0,0
28532,M,1976,0,0,0
28533,M,1985,0,0,0
28534,F,2008,0,0,0
28535,M,1999,0,0,1
28536,F,1997,0,1,1
28537,F,1930,0,0,1
28538,M,1985,0,0,0
28539,M,1993,0,0,0
28540,M,1951,0,0,0
28541,M,1988,0,0,0
28542,M,2005,1,0,0
28543,F,1999,0,0,0
28544,F,1952,0,0,1
28545,M,1992,0,0,1
28546,M,1974,0,0,0
28547,F,1985,0,0,0
28548,M,1961,0,0,1
28549,M,1988,0,0,1
28550,F,1997,0,0,1
28551,F,2000,0,0,0
28552,F,1958,0,0,0
28553,M,1993,0,0,1
28554,M,1976,0,1,1
28555,M,1946,0,1,0
28556,M,1981,0,0,0
28557,M,1971,0,0,0
28558,M,1993,0,0,0
28559,M,1988,0,0,0
28560,M,1945,0,0,0
28561,F,1961,0,0,0
28562,M,1985,0,0,0
28563,F,1980,0,0,0
28564,M,1986,0,0,0
28565,F,1965,1,0,1
28566,F,1994,1,1,1
28567,F,1965,0,0,0
28568,F,1930,1,0,1
28569,F,1978,0,0,1
28570,M,2004,0,0,0
28571,F,1984,0,0,0
28572,F,1934,0,0,0
28573,F,1981,0,0,0
28574,M,2001,0,0,0
28575,M,1985,0,0,0
28576,M,1942,0,0,1
28577,M,1994,0,0,1
28578,F,1941,1,0,0
28579,F,1987,0,1,0
28580,M,1930,0,1,1
28581,M,1992,1,0,0
28582,M,1998,0,1,0
28583,F,2016,0,0,0
28584,M,1983,0,0,1
28585,M,1987,0,0,1
28586,F,1935,0,1,0
28587,F,1957,0,0,0
28588,M,1943,0,0,1
28589,M,1952,0,0,0
28590,M,1982,0,0,1
28591,F,1930,0,1,1
28592,F,1984,0,0,0
28593,M,1971,0,0,1
28594,M,1930,0,0,1
28595,F,1956,0,1,0
28596,M,1978,0,0,0
28597,M,1966,0,1,1
28598,M,1994,0,0,0
28599,F,1989,1,1,1
28600,M,1971,0,0,0
28601,F,2001,1,0,0
28602,M,1995,0,0,0
28603,M,2011,0,0,1
28604,M,1981,0,0,1
28605,M,1978,1,0,1
28606,F,1950,0,0,1
28607,F,1998,0,0,0
28608,M,1989,0,0,0
28609,M,1960,0,0,0
28610,F,1954,1,1,0
28611,M,1956,0,0,0
28612,F,1997,0,0,1
28613,F,2009,0,0,0
28614,F,1979,0,1,1
28615,F,1982,1,0,0
28616,F,1977,1,0,1
28617,F,1972,0,0,0
28618,M,1968,1,0,0
28619,M,1968,0,0,1
28620,F,1989,0,0,0
28621,M,1985,0,1,1
28622,M,1992,0,0,0
28623,F,1959,0,1,0
28624,M,2001,0,0,1
28625,M,1930,0,0,0
28626,M,1982,0,0,0
28627,F,1982,0,0,0
28628,F,1986,0,0,1
28629,F,1958,1,0,1
28630,F,1979,0,0,0
28631,F,1991,0,0,0
28632,F,1960,0,1,1
28633,M,1994,1,0,0
28634,M,1957,0,0,1
28635,F,2006,0,0,0
28636,F,1942,0,0,1
28637,F,1995,0,0,0
28638,F,2003,0,0,0
28639,F,1987,0,1,0
28640,M,1990,1,0,0
28641,F,1972,0,0,0
28642,F,2004,0,0,0
28643,M,1973,0,0,0
28644,F,1987,0,1,0
28645,M,1980,0,0,0
28646,F,2001,1,1,1
28647,M,1981,0,0,1
28648,M,1994,1,0,0
28649,F,2008,0,0,0
28650,F,1965,0,0,0
28651,M,1997,0,0,0
28652,F,1973,0,1,1
28653,F,1997,0,0,1
28654,M,1982,0,1,0
28655,F,1930,1,0,1
28656,M,1952,0,0,0
28657,F,1930,0,1,1
28658,M,1950,0,1,0
28659,M,1982,0,0,0
28660,M,1958,0,0,1
28661,F,1985,1,0,0
28662,F,2004,0,1,0
28663,F,1976,0,0,1
28664,F,2007,0,1,0
28665,M,1986,0,0,0
28666,M,1946,0,0,1
28667,M,1954,1,0,1
28668,F,1986,0,0,1
28669,M,1930,0,0,1
28670,M,1969,0,1,1
28671,M,1964,0,1,0
28672,M,1990,1,0,0
28673,M,1959,1,0,1
28674,M,1984,0,0,1
28675,F,1999,0,0,1
28676,F,1969,0,0,1
28677,M,1981,1,0,0
28678,F,1982,0,0,0
28679,M,1967,0,0,1
28680,F,2007,0,0,1
28681,M,1993,0,0,1
28682,M,1973,0,0,1
28683,F,2001,0,0,1
28684,M,1996,0,0,0
28685,M,1959,0,0,0
28686,M,2004,1,0,1
28687,M,1952,0,0,1
28688,M,1966,0,0,1
28689,F,1963,0,1,1
28690,F,2002,0,0,0
28691,F,1950,0,0,0
28692,M,1977,0,0,0
28693,F,1930,0,0,0
28694,M,1965,1,0,1
28695,M,1983,0,1,0
28696,M,2006,0,0,0
28697,M,1971,0,0,1
28698,F,1955,0,0,1
28699,F,1959,0,0,0
28700,M,2000,0,0,1
28701,M,1930,0,0,0
28702,F,1993,0,0,1
28703,M,1952,1,0,0
28704,F,1998,0,0,0
28705,F,2015,0,0,1
28706,M,1998,0,0,0
28707,F,1997,1,0,0
28708,F,1997,0,0,1
28709,F,2004,1,0,0
28710,F,2000,0,0,0
28711,F,2014,0,0,0
28712,F,2011,0,0,0
28713,M,1930,1,0,1
28714,M,1974,0,0,1
28715,F,1982,0,1,1
28716,M,1974,0,1,0
28717,F,1991,1,0,0
28718,F,1983,0,0,1
28719,M,1989,0,1,0
28720,F,1969,0,0,1
28721,F,1957,0,0,1
28722,F,2015,0,0,0
28723,F,1996,0,0,0
28724,F,2001,0,0,0
28725,F,1992,0,0,0
28726,F,1995,0,0,0
28727,F,1968,0,0,1
28728,F,1981,0,1,0
28729,F,1999,1,0,1
28730,M,1930,0,1,1
28731,M,2011,0,0,0
28732,M,1963,0,1,0
28733,F,1996,1,0,0
28734,F,1989,0,1,0
28735,M,1972,0,0,1
28736,F,2017,0,1,0
28737,M,1971,0,0,0
28738,M,1958,1,0,0
28739,F,1949,0,0,0
28740,F,1997,0,0,0
28741,F,1963,0,1,0
28742,M,1954,0,0,0
28743,F,1956,0,0,0
28744,M,1977,0,0,0
28745,M,1947,0,0,0
28746,M,1930,1,0,1
28747,M,1983,1,0,1
28748,M,1996,0,0,0
28749,F,1976,0,0,0
28750,M,1991,1,0,0
28751,F,1993,1,0,0
28752,M,1930,0,0,1
28753,M,1988,0,0,1
28754,F,1989,0,1,1
28755,M,1993,0,0,0
28756,F,1973,0,0,0
28757,M,1966,0,1,0
28758,M,1942,1,0,1
28759,M,2001,0,0,0
28760,F,1943,0,0,1
28761,M,1998,0,0,0
28762,F,2001,0,0,0
28763,F,1985,0,1,1
28764,M,2000,0,0,0
28765,F,1973,0,0,0
28766,M,1993,0,1,0
28767,M,1958,0,0,1
28768,M,1968,1,0,0
28769,F,1965,1,1,0
28770,M,1975,0,0,1
28771,F,1976,0,0,1
28772,M,1995,1,1,0
28773,F,1992,0,0,0
28774,M,1992,0,0,0
28775,F,1961,1,0,0
28776,F,1973,0,0,0
28777,M,1992,0,0,0
28778,M,1981,0,0,0
28779,F,1944,0,0,1
28780,F,2021,0,0,1
28781,M,1984,0,0,0
28782,F,1980,1,1,0
28783,F,1993,0,0,0
28784,M,2006,1,0,0
28785,F,1994,0,0,0
28786,F,1997,0,0,0
28787,M,1980,0,0,0
28788,F,1996,0,0,0
28789,M,1981,0,1,0
28790,M,1935,0,0,1
28791,M,2001,1,0,0
28792,M,1955,0,0,0
28793,M,1986,0,0,1
28794,F,2014,0,0,1
28795,F,1958,0,0,1
28796,M,1958,0,1,0
28797,M,2001,0,0,1
28798,M,1972,0,0,1
28799,M,1986,0,0,1
28800,F,1977,0,0,1
28801,M,1995,1,0,0
28802,M,1999,0,0,0
28803,F,2002,0,0,0
28804,M,1948,1,0,1
28805,M,2001,0,0,1
28806,M,1973,0,0,1
28807,F,2000,0,1,0
28808,M,1930,1,0,0
28809,M,2001,0,0,0
28810,F,2001,0,1,0
28811,M,1943,0,0,1
28812,M,1988,0,0,0
28813,F,2004,0,1,0
28814,F,1984,1,0,0
28815,F,1998,0,0,0
28816,M,1930,0,1,0
28817,M,2010,0,0,0
28818,M,1967,0,1,0
28819,M,1941,0,0,1
28820,M,1963,1,0,0
28821,M,1996,1,0,0
28822,F,1953,0,0,0
28823,M,1979,0,0,0
28824,M,1968,0,0,0
28825,M,1962,1,0,1
28826,M,2001,0,0,0
28827,F,1970,1,0,1
28828,F,1964,0,0,0
28829,F,1984,0,0,0
28830,F,1996,0,1,0
28831,F,1985,0,0,1
28832,F,1930,0,1,1
28833,M,1973,0,0,0
28834,M,1982,0,1,1
28835,F,2001,0,0,1
28836,F,1954,0,1,0
28837,M,1970,1,0,0
28838,F,1991,0,0,0
28839,M,1994,1,0,0
28840,M,2003,0,0,0
28841,F,1969,0,1,0
28842,M,2011,0,0,0
28843,M,1968,0,1,0
28844,M,2010,0,0,0
28845,F,1987,1,0,0
28846,F,1953,0,0,0
28847,F,2012,0,0,0
28848,F,2015,0,0,1
28849,F,1945,0,0,1
28850,F,1995,0,0,1
28851,F,1986,0,0,1
28852,F,1995,0,1,0
28853,F,1993,0,0,0
28854,F,1999,0,0,0
28855,M,1956,1,1,0
28856,F,1965,0,0,1
28857,F,2001,1,0,0
28858,F,1972,0,1,1
28859,F,2008,0,0,0
28860,F,1978,0,1,0
28861,M,1990,0,0,0
28862,M,1971,0,1,0
28863,M,1986,0,1,0
28864,M,1961,0,0,1
28865,M,1999,1,0,0
28866,F,1964,0,0,0
28867,M,2011,0,0,0
28868,M,1980,1,0,1
28869,M,2020,0,0,0
28870,M,1983,1,0,1
28871,M,1998,0,0,0
28872,F,1970,1,1,1
28873,F,1967,0,0,0
28874,M,1995,1,0,1
28875,M,1990,0,1,0
28876,M,1975,0,0,0
28877,F,2009,0,0,0
28878,M,1994,0,0,0
28879,F,1993,0,0,0
28880,F,1989,1,0,1
28881,M,1963,0,0,0
28882,M,1964,0,0,1
28883,F,1999,0,0,0
28884,F,1981,0,0,1
28885,F,2017,0,0,0
28886,F,1976,1,0,1
28887,F,1971,0,0,1
28888,M,2004,0,0,0
28889,M,2014,0,0,0
28890,F,1930,0,1,1
28891,F,1997,0,0,1
28892,F,1985,0,1,1
28893,F,1975,0,0,0
28894,F,1985,0,0,0
28895,M,1984,0,0,0
28896,M,1977,0,0,1
28897,M,1998,0,1,0
28898,F,1998,1,0,0
28899,M,1997,0,0,0
28900,M,1973,0,0,1
28901,M,1967,0,0,0
28902,M,1999,0,0,0
28903,F,1998,1,0,0
28904,M,1970,0,1,1
28905,M,1962,0,1,0
28906,F,1958,1,1,1
28907,F,1996,0,0,1
28908,M,1973,1,1,0
28909,M,1935,0,1,1
28910,M,1993,0,0,0
28911,M,1965,0,0,0
28912,M,1980,0,0,0
28913,M,1930,0,1,1
28914,M,2014,0,0,0
28915,M,1977,1,0,1
28916,F,1946,0,0,0
28917,F,2000,0,0,0
28918,M,1964,0,0,1
28919,F,1992,0,0,0
28920,M,2010,0,0,0
28921,F,1992,0,0,0
28922,M,1999,0,0,1
28923,F,1955,0,0,1
28924,M,1930,0,1,0
28925,F,1991,0,0,0
28926,F,1992,0,0,1
28927,F,2012,0,0,0
28928,M,1958,0,1,1
28929,F,1939,0,0,0
28930,F,1969,0,0,1
28931,M,1993,0,0,0
28932,F,1976,0,1,0
28933,F,1959,0,0,0
28934,F,1985,0,0,0
28935,F,1967,1,1,0
28936,M,1990,0,0,1
28937,M,2005,0,0,0
28938,M,1961,0,0,0
28939,F,1979,1,0,0
28940,M,1975,0,0,0
28941,M,1956,0,0,1
28942,M,1999,0,0,0
28943,M,1992,0,0,0
28944,M,1940,0,0,0
28945,F,1977,0,0,0
28946,F,1959,0,0,1
28947,F,1981,0,0,1
28948,F,1968,0,0,0
28949,F,1966,0,0,1
28950,M,1995,0,0,1
28951,M,1930,0,1,1
28952,M,1976,0,0,0
28953,F,2008,0,0,0
28954,M,2006,1,0,0
28955,F,1991,0,1,1
28956,M,2011,0,0,0
28957,M,1946,0,0,0
28958,F,1994,0,0,0
28959,M,2003,0,0,0
28960,F,1974,0,0,0
28961,M,1967,0,0,1
28962,M,1990,1,0,0
28963,F,1967,0,1,1
28964,M,1960,0,0,0
28965,F,1990,0,0,0
28966,F,2004,0,0,0
28967,M,1993,1,0,0
28968,F,1987,1,0,0
28969,F,1981,0,0,0
28970,F,1959,0,0,0
28971,M,1986,0,0,1
28972,F,1997,1,0,0
28973,M,1993,0,1,0
28974,M,1977,0,1,0
28975,M,1975,0,1,0
28976,F,1932,1,0,0
28977,F,1987,1,1,0
28978,F,1997,0,0,0
28979,M,2013,0,0,1
28980,M,2010,0,1,0
28981,F,1970,0,0,1
28982,M,1994,1,0,0
28983,F,1950,0,0,1
28984,F,2011,0,0,0
28985,M,1992,0,0,0
28986,F,1961,0,1,0
28987,M,1945,0,0,1
28988,F,1968,0,0,1
28989,F,1957,1,0,0
28990,F,1998,0,1,0
28991,F,1988,1,0,1
28992,F,1943,0,0,0
28993,F,1999,0,0,0
28994,F,1982,0,0,0
28995,M,1965,0,1,1
28996,F,1948,0,0,0
28997,M,1984,0,0,0
28998,M,1989,0,0,1
28999,F,1972,0,1,0
29000,M,1930,0,1,0
29001,M,1973,0,0,0
29002,M,1972,0,0,0
29003,F,1985,0,0,0
29004,M,1998,1,0,0
29005,M,1989,0,1,0
29006,M,1985,0,1,0
29007,F,1930,0,1,0
29008,F,1989,0,0,1
29009,M,1983,0,0,0
29010,M,1970,0,0,1
29011,F,1994,0,0,0
29012,M,1959,0,1,0
29013,F,1972,0,1,0
29014,M,1980,1,0,0
29015,M,1986,1,0,0
29016,M,1999,0,0,1
29017,F,1970,0,0,0
29018,M,1930,0,1,1
29019,M,1947,0,0,1
29020,M,1966,0,0,1
29021,M,1942,0,0,0
29022,F,1992,0,0,1
29023,M,1996,1,0,0
29024,M,1983,0,0,1
29025,M,1981,1,0,0
29026,F,1950,0,0,1
29027,F,1960,0,1,0
29028,M,2012,0,0,0
29029,M,1959,1,0,0
29030,M,1986,0,0,1
29031,F,1974,0,0,1
29032,F,1984,0,0,0
29033,F,1994,0,1,1
29034,M,1974,0,0,1
29035,F,1995,0,0,0
29036,M,1986,0,1,0
29037,M,1998,0,0,0
29038,F,2003,0,0,0
29039,F,1930,0,0,1
29040,M,1992,0,0,0
29041,M,1986,1,0,1
29042,F,1947,0,0,0
29043,F,1979,0,0,0
29044,M,1999,0,0,0
29045,M,1998,0,0,0
29046,M,2000,0,0,0
29047,F,1930,0,0,1
29048,F,2013,0,0,0
29049,F,2001,0,0,1
29050,F,1991,0,0,1
29051,M,1991,0,0,0
29052,M,1993,0,0,0
29053,F,1970,0,0,0
29054,F,1976,1,0,1
29055,F,1996,0,0,1
29056,M,1992,1,0,1
29057,F,1930,0,1,1
29058,M,1975,0,0,1
29059,F,2018,0,0,0
29060,M,1998,0,1,0
29061,M,1993,1,0,1
29062,M,1930,1,0,0
29063,M,1992,1,0,0
29064,M,1990,0,0,1
29065,M,2010,0,0,0
29066,F,1981,0,0,0
29067,F,1962,0,0,1
29068,F,1983,1,0,0
29069,M,1992,1,0,0
29070,M,1987,0,0,0
29071,F,1964,0,0,1
29072,M,1988,0,0,0
29073,M,1988,0,0,0
29074,F,1972,1,0,1
29075,M,1995,0,0,1
29076,F,2000,0,0,0
29077,F,2009,1,0,0
29078,F,1985,0,0,1
29079,M,1995,0,1,0
29080,F,1959,0,0,1
29081,F,1988,0,0,0
29082,F,1963,0,1,1
29083,F,1968,0,0,1
29084,M,2010,0,0,0
29085,F,2003,0,0,0
29086,M,1930,0,1,1
29087,M,1995,0,0,0
29088,M,1974,1,0,1
29089,F,1986,1,0,0
29090,F,2010,0,0,0
29091,M,1998,0,0,0
29092,M,2001,1,0,0
29093,F,1965,0,0,1
29094,F,1999,0,0,0
29095,M,1935,1,1,0
29096,M,1972,0,0,1
29097,F,2005,0,0,0
29098,F,2016,0,0,0
29099,F,1981,0,0,1
29100,M,1973,0,1,0
29101,M,1991,0,0,0
29102,F,1982,0,0,0
29103,M,2007,0,0,0
29104,F,1990,0,0,0
29105,F,1959,0,1,0
29106,M,1930,0,0,0
29107,F,1985,0,0,0
29108,F,1976,0,0,0
29109,F,1958,0,1,0
29110,F,1980,1,0,0
29111,F,1974,0,0,1
29112,F,1939,0,1,1
29113,F,1975,0,1,1
29114,F,1990,0,0,0
29115,M,1940,0,1,0
29116,F,1978,0,0,1
29117,F,2004,0,0,0
29118,M,1988,0,0,0
29119,F,1930,0,0,1
29120,F,1955,0,0,0
29121,F,1994,0,0,0
29122,M,1950,0,0,1
29123,F,1988,0,0,0
29124,M,1998,0,0,0
29125,M,1958,0,0,0
29126,F,2004,0,0,0
29127,F,1998,0,0,0
29128,F,1981,0,0,0
29129,M,1977,0,1,0
29130,F,1963,0,0,1
29131,M,2001,0,0,0
29132,F,1980,0,0,1
29133,F,2014,0,0,0
29134,F,2013,0,0,0
29135,M,1997,0,0,0
29136,M,1963,1,0,0
29137,F,1971,0,0,1
29138,F,1989,0,0,0
29139,M,2011,0,0,1
29140,F,1977,0,0,0
29141,M,1930,0,1,0
29142,F,1984,0,0,0
29143,M,2004,0,0,0
29144,F,1985,0,0,0
29145,M,2009,0,0,0
29146,F,1994,0,0,0
29147,F,1966,0,0,1
29148,F,1943,1,1,1
29149,F,1990,0,0,1
29150,F,2006,0,1,0
29151,F,1964,0,1,1
29152,M,1978,0,0,1
29153,F,1986,0,0,0
29154,F,1982,0,0,0
29155,F,1989,0,0,0
29156,F,1984,1,0,0
29157,M,1980,0,0,0
29158,F,1977,0,0,0
29159,M,1982,0,0,0
29160,M,2000,0,1,1
29161,M,1930,0,1,1
29162,M,1985,1,0,0
29163,F,2011,0,1,0
29164,F,1988,0,0,0
29165,M,1987,0,0,0
29166,M,1998,0,0,0
29167,F,2003,0,0,0
29168,M,1980,1,0,0
29169,F,1980,1,0,1
29170,M,2004,0,0,1
29171,M,1979,0,0,0
29172,M,1973,0,0,0
29173,F,2005,0,0,0
29174,M,1989,0,0,0
29175,M,1930,0,1,1
29176,M,1968,0,0,0
29177,M,1968,0,0,0
29178,F,1967,0,0,0
29179,F,1952,0,0,1
29180,M,2016,0,0,0
29181,F,1997,0,0,0
29182,M,2010,0,1,0
29183,F,1989,0,0,0
29184,M,1994,0,0,1
29185,M,1992,0,0,0
29186,F,1965,0,0,0
29187,M,1997,0,0,0
29188,M,1930,0,0,0
29189,F,2012,0,0,0
29190,F,1948,0,0,1
29191,F,2008,0,0,0
29192,M,1967,0,0,0
29193,F,1968,0,0,0
29194,M,1989,0,1,1
29195,M,1963,0,1,0
29196,M,1999,0,0,0
29197,M,2001,1,0,0
29198,M,1966,0,0,1
29199,F,1993,0,0,0
29200,M,1930,0,0,1
29201,F,1966,0,0,0
29202,F,1975,0,0,1
29203,M,1992,1,1,0
29204,F,2004,0,0,1
29205,F,1955,0,0,1
29206,M,1956,0,0,1
29207,M,1997,0,0,0
29208,M,2006,0,0,1
29209,F,1981,0,0,0
29210,F,1983,0,0,0
29211,M,1961,0,0,0
29212,F,1989,1,0,0
29213,F,1936,0,0,1
29214,F,1971,0,1,1
29215,F,1930,0,0,1
29216,M,2006,0,1,0
29217,F,1979,0,1,1
29218,F,1940,0,0,0
29219,M,2005,0,0,1
29220,M,1958,1,0,0
29221,F,2010,0,0,1
29222,F,1935,0,0,0
29223,F,2004,0,0,0
29224,F,2006,0,0,0
29225,M,2003,0,1,1
29226,M,1963,1,0,1
29227,M,1989,1,1,0
29228,F,1985,0,0,0
29229,M,1930,0,0,0
29230,F,1999,0,0,0
29231,M,1983,0,0,0
29232,M,1942,1,0,1
29233,F,2005,0,0,0
29234,F,1930,0,1,1
29235,F,1987,0,0,0
29236,F,2000,0,0,0
29237,F,2006,0,0,0
29238,F,1974,0,0,0
29239,M,1978,1,1,0
29240,F,2003,1,0,0
29241,F,1950,0,0,0
29242,F,1970,0,1,1
29243,M,1952,0,0,0
29244,M,1946,0,0,0
29245,M,2006,0,0,0
29246,F,1946,1,0,1
29247,F,1965,0,0,0
29248,M,1970,0,1,0
29249,F,1988,0,0,0
29250,M,1949,0,1,1
29251,F,1943,0,0,1
29252,M,1972,1,0,0
29253,F,1970,1,0,1
29254,M,1930,0,0,0
29255,M,2018,0,0,0
29256,M,1938,0,0,1
29257,F,1981,1,0,0
29258,M,1934,0,0,1
29259,F,1999,0,0,0
29260,F,1973,0,0,0
29261,F,1974,0,0,0
29262,M,1967,0,0,1
29263,F,1987,0,0,1
29264,M,1993,0,0,0
29265,F,1967,0,1,1
29266,M,1964,1,1,0
29267,M,1984,1,1,0
29268,M,1969,0,1,0
29269,F,1930,0,0,0
29270,M,1980,1,0,1
29271,M,2014,0,0,0
29272,M,1972,0,0,0
29273,F,2004,0,1,0
29274,F,1975,0,0,1
29275,M,1956,0,1,1
29276,F,1985,0,0,1
29277,F,1960,0,0,0
29278,M,1959,0,0,1
29279,M,1945,1,0,1
29280,F,1930,0,1,0
29281,M,1934,0,0,1
29282,F,2016,0,0,0
29283,F,1993,1,0,0
29284,F,2000,0,0,0
29285,F,1965,0,0,1
29286,F,1985,0,0,0
29287,M,1997,0,0,0
29288,M,1993,0,0,0
29289,M,1991,0,0,0
29290,F,1960,0,0,1
29291,F,2009,0,0,0
29292,M,1997,0,0,0
29293,M,2017,0,0,0
29294,F,1960,0,0,1
29295,M,1949,0,0,1
29296,F,1969,0,0,0
29297,F,1965,1,0,0
29298,M,1976,0,0,0
29299,M,1970,1,0,1
29300,M,2012,0,0,1
29301,M,1971,0,1,1
29302,M,1999,1,0,0
29303,F,1965,0,0,0
29304,F,1986,1,0,0
29305,M,1939,1,1,0
29306,F,1975,0,0,1
29307,M,2000,0,0,0
29308,F,2005,1,0,0
29309,M,1998,1,0,0
29310,M,1982,0,0,0
29311,F,1942,0,0,1
29312,M,1991,0,0,0
29313,F,1972,1,0,0
29314,M,2006,0,0,0
29315,M,1965,1,1,1
29316,M,1985,0,0,0
29317,F,1972,0,0,0
29318,M,1935,0,0,0
29319,M,1979,0,0,0
29320,M,2004,0,0,0
29321,F,1977,0,0,0
29322,F,1978,0,0,1
29323,M,1960,0,0,0
29324,F,1980,0,0,1
29325,M,1937,0,1,0
29326,F,1958,0,0,1
29327,M,1979,0,0,0
29328,F,1982,0,0,1
29329,F,2002,0,0,1
29330,F,1989,0,0,0
29331,F,2009,0,0,0
29332,M,1985,0,0,0
29333,M,2011,0,0,0
29334,F,1978,1,0,0
29335,M,2003,0,0,0
29336,M,1971,0,0,0
29337,F,1980,0,0,1
29338,M,1993,1,0,0
29339,F,2006,0,0,0
29340,F,1982,0,0,0
29341,F,1984,0,0,1
29342,M,1930,0,0,1
29343,M,1990,0,0,0
29344,M,1962,0,1,0
29345,F,1996,1,1,0
29346,M,2001,0,0,0
29347,M,1969,0,0,1
29348,M,1991,0,0,0
29349,M,1983,0,0,0
29350,M,2016,0,0,1
29351,F,1995,0,0,1
29352,F,1993,0,0,1
29353,M,2002,0,1,0
29354,M,1990,0,0,1
29355,M,2010,0,0,1
29356,M,1978,0,1,0
29357,F,1930,0,1,1
29358,M,1989,1,0,0
29359,F,1991,0,1,0
29360,M,1969,0,0,0
29361,M,2002,0,0,0
29362,F,1935,0,0,1
29363,M,2002,0,1,0
29364,M,1957,0,0,1
29365,F,1942,0,1,1
29366,F,2013,0,0,0
29367,F,1997,1,0,0
29368,M,2006,0,0,0
29369,F,1970,0,0,1
29370,M,1995,0,0,0
29371,M,2001,1,0,0
29372,M,1987,0,0,0
29373,M,1982,0,0,0
29374,M,1948,0,0,0
29375,M,1948,0,0,1
29376,M,1998,0,0,0
29377,F,2008,0,0,0
29378,F,1974,1,0,1
29379,M,1988,1,0,0
29380,M,1945,1,0,0
29381,M,1944,0,0,0
29382,F,1972,0,0,0
29383,F,1979,0,0,1
29384,M,1977,0,0,0
29385,M,1980,0,0,1
29386,F,1977,0,0,0
29387,F,1993,0,0,0
29388,F,1995,1,0,1
29389,F,1991,0,0,0
29390,F,1930,1,0,0
29391,M,2016,0,0,0
29392,M,1995,1,0,1
29393,M,1992,0,0,0
29394,M,1974,1,0,0
29395,M,1996,0,0,0
29396,F,1941,1,1,1
29397,F,1951,1,0,0
29398,F,1939,0,0,1
29399,M,1979,0,1,0
29400,M,1944,0,0,1
29401,F,1998,0,0,0
29402,F,1983,0,0,1
29403,F,2012,0,0,1
29404,M,1970,0,0,0
29405,M,1970,0,0,1
29406,M,1979,0,0,0
29407,F,1988,0,1,0
29408,F,1961,0,0,0
29409,M,1946,0,1,0
29410,M,1930,0,0,1
29411,F,1971,0,0,1
29412,F,1984,0,0,0
29413,M,1993,0,0,0
29414,F,1968,0,0,0
29415,F,1998,0,0,0
29416,F,1970,0,0,1
29417,F,1997,1,0,0
29418,M,1983,0,0,1
29419,F,1999,0,0,1
29420,F,1992,0,0,1
29421,M,1972,0,0,1
29422,F,1956,0,1,0
29423,F,1989,0,0,0
29424,M,2015,0,1,0
29425,M,2011,0,0,0
29426,F,2010,0,0,1
29427,F,1943,0,1,1
29428,F,1930,0,1,0
29429,M,1984,0,0,0
29430,M,2010,0,0,0
29431,M,2001,1,0,0
29432,M,2002,0,0,0
29433,M,1945,0,0,0
29434,M,1991,0,0,1
29435,F,1930,1,0,1
29436,F,2003,1,1,0
29437,F,2001,1,0,0
29438,M,1991,0,0,0
29439,M,1993,0,0,1
29440,F,1952,0,0,1
29441,F,1981,0,1,0
29442,F,1966,0,0,1
29443,F,1975,1,1,0
29444,M,1975,0,1,1
29445,M,1987,1,0,1
29446,M,1949,0,1,1
29447,M,1957,1,0,0
29448,M,1998,0,0,0
29449,F,1991,0,0,0
29450,M,2000,0,0,0
29451,M,1980,0,0,0
29452,M,1972,1,0,0
29453,F,1993,0,0,1
29454,F,1990,0,0,0
29455,F,1998,1,0,0
29456,F,2001,1,0,0
29457,M,1991,0,0,0
29458,F,1986,0,1,0
29459,M,1998,0,0,1
29460,F,2002,0,0,0
29461,M,1930,0,1,0
29462,F,1992,0,0,0
29463,M,1978,1,0,0
29464,F,1967,0,0,0
29465,F,1975,0,0,0
29466,F,1964,0,1,0
29467,M,1979,0,0,0
29468,M,2008,0,0,0
29469,F,1978,0,1,0
29470,F,1989,0,0,1
29471,M,1999,1,0,1
29472,M,1930,0,0,1
29473,M,2011,0,1,0
29474,M,1971,0,0,0
29475,M,1972,0,0,1
29476,M,1938,0,0,0
29477,M,1975,0,0,1
29478,M,1994,0,0,0
29479,M,2012,0,0,1
29480,M,2010,0,0,0
29481,M,1992,0,0,0
29482,M,1945,0,1,0
29483,F,2008,1,0,0
29484,F,1979,0,0,0
29485,M,1949,0,0,1
29486,F,1930,0,0,1
29487,M,1988,0,0,0
29488,F,2015,0,0,0
29489,M,1955,1,1,0
29490,M,1992,0,0,0
29491,F,1970,0,0,0
29492,F,1969,1,0,0
29493,M,2000,0,0,0
29494,M,2017,0,0,0
29495,F,1980,0,0,0
29496,M,1961,0,0,0
29497,M,1952,0,0,0
29498,M,1973,0,0,0
29499,M,1963,0,0,0
29500,M,1997,0,0,0
29501,F,1949,0,0,1
29502,F,1958,0,0,0
29503,M,1967,0,1,0
29504,F,1995,1,0,0
29505,F,1982,0,0,0
29506,F,1989,1,0,1
29507,M,1988,0,0,0
29508,F,1964,0,0,1
29509,M,1967,0,0,0
29510,M,2013,0,0,0
29511,F,1996,1,0,0
29512,F,1946,0,1,0
29513,F,1972,0,0,1
29514,F,1987,1,0,0
29515,M,2004,0,0,0
29516,F,1953,0,0,1
29517,M,1930,0,0,1
29518,F,2004,0,0,0
29519,F,2013,0,0,0
29520,F,1933,0,0,0
29521,M,1998,0,0,1
29522,M,1962,1,1,1
29523,F,1998,0,0,0
29524,F,1930,1,0,1
29525,F,1959,0,0,1
29526,F,1998,1,0,1
29527,M,2001,0,0,0
29528,F,1999,0,0,1
29529,M,1992,0,0,0
29530,M,1952,0,0,1
29531,F,2012,0,0,0
29532,M,1996,0,0,1
29533,F,1959,1,0,0
29534,F,1958,0,1,0
29535,F,1948,0,0,0
29536,F,2007,0,0,1
29537,M,1988,0,1,1
29538,M,1997,0,0,0
29539,M,1930,0,0,1
29540,F,1979,0,0,0
29541,F,2001,1,0,0
29542,M,1932,0,1,1
29543,M,1986,0,1,0
29544,F,1980,1,0,1
29545,F,1930,0,0,0
29546,F,1978,0,0,0
29547,F,1944,1,1,1
29548,M,1992,0,0,0
29549,M,1961,1,0,1
29550,M,1976,0,0,0
29551,F,1955,0,1,0
29552,F,1979,0,0,1
29553,F,1980,0,0,0
29554,F,1946,0,1,0
29555,M,1996,0,0,0
29556,M,1994,0,1,0
29557,M,1930,0,0,1
29558,F,1997,0,0,0
29559,M,1991,0,0,1
29560,F,1997,0,0,0
29561,M,1993,0,0,0
29562,M,2008,0,0,0
29563,F,1967,0,0,0
29564,M,1962,0,0,0
29565,F,2015,0,0,0
29566,F,1990,0,0,0
29567,F,1990,0,0,1
29568,M,2003,0,0,0
29569,M,2004,1,0,0
29570,M,1990,0,0,1
29571,F,1947,0,0,0
29572,M,1975,1,0,0
29573,M,1974,1,0,0
29574,M,1995,0,0,0
29575,M,2003,0,1,1
29576,F,1930,0,0,0
29577,M,1949,0,0,0
29578,F,1951,0,0,0
29579,M,1974,0,0,0
29580,M,1955,0,0,0
29581,M,1965,0,0,0
29582,M,2000,0,0,0
29583,M,1930,0,1,1
29584,M,1955,1,1,0
29585,F,1986,0,0,1
29586,M,2004,0,0,0
29587,M,2004,1,0,0
29588,M,1974,0,0,0
29589,M,1984,1,0,1
29590,F,1994,0,1,0
29591,M,1975,0,0,1
29592,F,1981,0,0,0
29593,F,1987,0,0,1
29594,M,2003,0,0,1
29595,M,1982,1,0,0
29596,M,1941,0,0,1
29597,F,2004,0,0,0
29598,F,1944,0,0,1
29599,M,1942,0,1,0
29600,F,1977,0,0,0
29601,M,1977,1,0,1
29602,M,1979,0,0,0
29603,M,1971,1,0,0
29604,M,1990,0,0,1
29605,M,1966,1,0,0
29606,F,2013,0,0,0
29607,F,1930,0,1,0
29608,M,1960,0,0,0
29609,M,1975,0,1,0
29610,M,1961,0,1,0
29611,M,1979,0,1,0
29612,F,1963,0,0,1
29613,F,1979,0,0,0
29614,M,1989,0,0,0
29615,F,1969,0,0,1
29616,F,1974,0,1,1
29617,F,1966,0,0,0
29618,F,1992,0,0,1
29619,F,2010,0,0,1
29620,F,1976,0,0,1
29621,M,1962,0,1,1
29622,M,1930,0,1,1
29623,F,1970,0,1,0
29624,M,1998,1,0,1
29625,M,1946,0,0,0
29626,F,1978,1,1,0
29627,M,1946,1,0,0
29628,M,1993,0,0,0
29629,F,1983,0,0,0
29630,F,1959,0,0,1
29631,M,1955,0,0,0
29632,F,1972,0,0,0
29633,M,1967,0,0,0
29634,F,1956,0,0,1
29635,M,1981,0,0,0
29636,M,1978,0,0,0
29637,F,1930,1,1,1
29638,M,1992,0,0,1
29639,M,2006,0,0,0
29640,M,1978,0,0,0
29641,F,1978,0,0,0
29642,M,2003,0,1,0
29643,F,1980,0,0,0
29644,M,2006,0,0,0
29645,F,1994,0,0,0
29646,F,1970,0,0,0
29647,F,2005,0,0,0
29648,F,1986,0,0,1
29649,M,2013,0,0,0
29650,F,1992,0,1,0
29651,F,1946,0,0,0
29652,F,1930,1,0,1
29653,F,1984,0,0,1
29654,M,1971,0,0,0
29655,F,2002,0,0,0
29656,M,1973,0,0,0
29657,M,1939,1,0,0
29658,F,1980,0,0,0
29659,F,1951,0,1,1
29660,M,1994,0,1,0
29661,F,2010,0,0,0
29662,M,1988,0,0,0
29663,M,1994,0,0,1
29664,M,1954,0,0,0
29665,F,1953,1,0,1
29666,F,2003,1,0,0
29667,M,1969,1,0,0
29668,M,1960,0,0,0
29669,F,1991,0,0,0
29670,F,1978,0,0,0
29671,M,1964,0,1,0
29672,M,1950,0,0,1
29673,F,1977,0,0,0
29674,F,1970,0,0,0
29675,F,2012,0,0,0
29676,F,1961,0,0,0
29677,M,2003,0,1,0
29678,M,2015,0,0,0
29679,M,1965,0,1,0
29680,F,1976,1,0,1
29681,M,2004,0,0,0
29682,M,1963,0,0,1
29683,M,2004,1,0,0
29684,M,1978,0,0,0
29685,M,1964,0,0,1
29686,M,1953,1,0,0
29687,F,1988,1,0,0
29688,M,1956,0,0,1
29689,F,1985,0,0,1
29690,F,1999,0,0,1
29691,F,1994,0,0,1
29692,F,1991,0,0,0
29693,M,2019,0,0,0
29694,M,1961,0,0,0
29695,F,1971,0,0,1
29696,M,1994,0,1,0
29697,F,1969,0,0,0
29698,F,2005,0,0,0
29699,F,1968,0,0,0
29700,F,1962,1,0,1
29701,F,2007,0,0,0
29702,M,1959,0,0,1
29703,M,1985,0,0,0
29704,M,1985,0,0,0
29705,F,2007,0,0,0
29706,F,1952,0,0,0
29707,F,1952,1,0,1
29708,F,1934,1,0,0
29709,F,1948,0,0,1
29710,F,1976,0,0,0
29711,M,1973,0,1,1
29712,F,2015,0,0,0
29713,M,2016,0,0,0
29714,M,1984,0,0,0
29715,M,1984,0,0,0
29716,F,1999,0,0,0
29717,M,1983,0,1,0
29718,F,1997,0,0,0
29719,M,1952,0,0,0
29720,F,1979,0,0,1
29721,F,1995,0,0,0
29722,M,1952,0,1,1
29723,F,2005,0,0,0
29724,M,1930,0,0,0
29725,F,1976,0,0,0
29726,M,1984,0,0,0
29727,M,2009,1,0,0
29728,F,1981,0,0,1
29729,M,1986,0,0,0
29730,F,1965,0,1,1
29731,M,1984,0,0,0
29732,M,2004,1,0,0
29733,F,1987,1,0,0
29734,F,1996,0,0,1
29735,F,2005,0,0,0
29736,F,1946,0,1,0
29737,M,2011,0,0,0
29738,M,1951,0,0,0
29739,M,1980,0,0,0
29740,F,1962,0,0,0
29741,M,1943,0,1,1
29742,F,1994,0,0,0
29743,M,1979,1,0,0
29744,M,1993,0,0,1
29745,M,1986,0,1,1
29746,F,1965,0,0,1
29747,M,1982,0,0,1
29748,F,1979,0,0,0
29749,M,2000,0,0,0
29750,M,1984,1,1,0
29751,M,1991,0,0,0
29752,F,1981,0,0,0
29753,M,2001,1,0,0
29754,M,1994,0,0,0
29755,F,1975,0,0,1
29756,M,1966,0,0,0
29757,M,1977,0,0,0
29758,M,1988,1,0,0
29759,F,1995,0,0,0
29760,F,2012,0,0,0
29761,F,1945,1,0,1
29762,M,1954,0,0,0
29763,M,1939,1,0,0
29764,M,1940,1,0,0
29765,F,1974,0,0,0
29766,M,1930,0,0,0
29767,F,1985,0,0,1
29768,F,1979,0,1,0
29769,F,1995,1,0,1
29770,F,2005,0,1,0
29771,M,1991,0,0,0
29772,F,1992,0,0,0
29773,F,1962,0,0,1
29774,M,1976,1,0,0
29775,M,1970,0,0,0
29776,M,1974,0,0,1
29777,F,1973,0,1,1
29778,M,1994,0,0,0
29779,M,1975,0,0,0
29780,F,1960,0,0,1
29781,F,1947,0,0,1
29782,F,1954,0,0,0
29783,F,1965,1,0,0
29784,F,1977,0,0,0
29785,M,1990,0,0,0
29786,F,1973,1,0,0
29787,M,1937,0,0,0
29788,M,1987,1,0,0
29789,M,1930,1,1,1
29790,M,1972,0,0,1
29791,F,1945,0,1,0
29792,F,1993,1,0,1
29793,M,1995,0,0,0
29794,F,2004,0,0,0
29795,F,1937,0,1,0
29796,F,1972,0,0,0
29797,F,1961,0,1,0
29798,M,1979,0,0,0
29799,F,1977,1,0,0
29800,M,2006,0,0,0
29801,M,1972,0,0,1
29802,M,1957,0,0,1
29803,F,2013,0,0,0
29804,F,1990,0,0,1
29805,M,1997,0,0,0
29806,F,1966,0,1,1
29807,F,1968,0,0,0
29808,M,1961,1,0,0
29809,M,2020,0,0,0
29810,F,1978,1,0,1
29811,M,2011,0,0,0
29812,F,1973,1,0,0
29813,F,2005,0,0,1
29814,F,1968,0,0,0
29815,F,2005,0,0,1
29816,F,2000,0,0,0
29817,M,1949,1,0,1
29818,M,1983,1,1,0
29819,F,1983,0,0,0
29820,F,2000,0,0,0
29821,F,1953,0,0,0
29822,M,1972,0,0,0
29823,F,1974,0,0,0
29824,F,2003,0,0,0
29825,F,1979,0,0,0
29826,M,1930,0,0,1
29827,F,1995,0,0,0
29828,F,1950,0,1,0
29829,F,2014,0,0,0
29830,F,1962,0,0,0
29831,F,1971,0,0,0
29832,M,1986,0,0,0
29833,F,1972,0,0,1
29834,M,1971,0,0,1
29835,F,1972,1,0,0
29836,M,1989,0,0,0
29837,M,1992,0,1,0
29838,F,1997,0,0,0
29839,M,2007,1,0,0
29840,F,1983,0,0,1
29841,M,1955,0,0,0
29842,F,1992,0,0,0
29843,M,2003,1,0,0
29844,M,1997,1,1,0
29845,F,1979,0,0,0
29846,M,1979,0,0,0
29847,F,1998,0,0,0
29848,M,1982,0,0,1
29849,F,1986,1,0,0
29850,F,1968,0,0,0
29851,F,1941,0,0,1
29852,F,1993,0,0,0
29853,M,1996,0,0,0
29854,M,1980,0,0,1
29855,M,1975,0,0,0
29856,F,1967,0,0,0
29857,M,2009,1,0,1
29858,F,1930,0,0,0
29859,M,1988,1,0,0
29860,M,1995,0,0,0
29861,M,2003,0,0,0
29862,M,1992,0,0,1
29863,F,2008,0,0,1
29864,F,1951,0,0,1
29865,M,1986,0,0,0
29866,M,1995,1,0,0
29867,F,1958,0,0,1
29868,M,1987,0,0,0
29869,M,1996,0,1,0
29870,M,1933,0,0,1
29871,M,1991,0,0,0
29872,F,2013,0,0,0
29873,M,1982,0,0,0
29874,M,1985,0,0,0
29875,M,1995,1,1,0
29876,M,1998,0,1,0
29877,F,1981,0,0,0
29878,M,1991,0,0,1
29879,F,1988,0,1,1
29880,F,1976,0,0,1
29881,F,1989,0,0,1
29882,F,1994,0,0,1
29883,F,1966,0,0,0
29884,F,1991,0,0,0
29885,F,1995,0,0,1
29886,M,2005,0,0,0
29887,M,1999,0,1,0
29888,F,2003,1,0,0
29889,F,2006,0,0,0
29890,M,1997,0,0,0
29891,F,1975,0,0,0
29892,M,1983,0,0,0
29893,M,1990,0,0,0
29894,F,1972,0,0,1
29895,M,1994,0,0,0
29896,F,1977,0,1,0
29897,F,1967,0,1,0
29898,M,2012,0,0,0
29899,M,1984,0,0,0
29900,F,1974,0,0,1
29901,F,1975,0,0,1
29902,M,1982,0,0,0
29903,M,1993,0,0,0
29904,F,1987,1,0,1
29905,M,2010,0,0,0
29906,F,1948,0,0,1
29907,F,2010,0,0,0
29908,M,1997,0,0,0
29909,F,1983,0,0,0
29910,M,2006,1,0,0
29911,M,1989,0,0,0
29912,M,1966,0,0,0
29913,F,1971,0,1,0
29914,M,1984,0,0,0
29915,M,1980,0,0,0
29916,F,2016,0,0,0
29917,M,2002,0,0,0
29918,M,1995,0,0,0
29919,F,1990,0,0,0
29920,F,1965,1,0,0
29921,F,1931,0,0,1
29922,M,1988,0,0,0
29923,F,1989,0,0,0
29924,F,1984,0,0,0
29925,M,1998,0,0,0
29926,F,1943,0,0,1
29927,M,2000,0,0,0
29928,M,1999,1,0,0
29929,F,1994,0,0,1
29930,F,1938,0,1,1
29931,F,1974,0,1,0
29932,F,1984,0,0,0
29933,F,1990,0,0,0
29934,M,1986,1,0,0
29935,M,2002,0,0,0
29936,F,2013,0,0,0
29937,F,1962,0,0,1
29938,M,2005,0,0,0
29939,M,1945,1,1,0
29940,F,1973,1,0,0
29941,M,1988,0,1,0
29942,F,1975,0,0,0
29943,M,1981,0,0,0
29944,F,1985,0,0,1
29945,M,1984,0,1,0
29946,F,1961,0,0,0
29947,F,1975,0,0,0
29948,F,1987,0,1,1
29949,F,1967,0,0,1
29950,M,1940,0,0,0
29951,M,1987,0,0,0
29952,F,1996,0,0,1
29953,F,1965,0,1,0
29954,F,1987,1,0,0
29955,M,1955,0,1,0
29956,F,2002,0,0,0
29957,F,1992,1,0,0
29958,M,1930,0,0,1
29959,M,1993,0,0,0
29960,M,1954,1,0,0
29961,F,1997,1,0,0
29962,M,1967,0,1,0
29963,F,2000,1,1,1
29964,F,1964,0,0,1
29965,F,1989,1,0,0
29966,F,1993,0,0,1
29967,M,1989,0,0,0
29968,F,1983,1,0,0
29969,M,1979,0,1,1
29970,M,2004,0,0,0
29971,M,1977,0,0,0
29972,M,2006,0,0,0
29973,M,1959,0,1,0
29974,M,1975,0,0,1
29975,M,1975,0,1,0
29976,F,1964,1,0,0
29977,M,1974,0,0,0
29978,F,1939,0,0,1
29979,M,2000,0,0,0
29980,F,2004,0,0,0
29981,F,1937,0,1,1
29982,M,1974,0,0,0
29983,F,1971,1,0,1
29984,F,2001,1,0,0
29985,F,1973,0,0,0
29986,M,1986,0,0,0
29987,F,1967,0,0,1
29988,M,1982,1,0,0
29989,F,1986,0,0,0
29990,F,1982,0,0,0
29991,F,1995,0,0,0
29992,F,1991,0,0,0
29993,M,1953,1,0,1
29994,F,1972,0,0,0
29995,M,1987,1,0,0
29996,M,1972,0,0,1
29997,M,1976,0,0,0
29998,F,1991,0,0,0
29999,F,1995,0,0,0
30000,M,1991,0,0,0
30001,F,1958,0,0,0
30002,M,1987,0,1,0
30003,M,1954,0,1,0
30004,M,1993,0,0,0
30005,M,1997,0,0,0
30006,M,1986,1,0,0
30007,F,1978,0,1,0
30008,F,1982,0,1,0
30009,M,1975,0,0,0
30010,F,1974,0,0,0
30011,M,1968,0,0,0
30012,F,2000,0,0,0
30013,F,1994,0,0,0
30014,M,1981,0,0,1
30015,M,1991,1,0,0
30016,F,1986,0,1,1
30017,F,1983,0,0,0
30018,F,1988,0,0,0
30019,M,1991,0,0,1
30020,M,1998,1,0,1
30021,M,1987,0,0,1
30022,M,1992,0,0,0
30023,M,1966,0,0,1
30024,M,1971,0,0,0
30025,M,2001,0,0,0
30026,F,1944,0,0,1
30027,M,1991,1,0,0
30028,F,2004,0,0,0
30029,M,1993,0,0,1
30030,F,2006,0,0,0
30031,M,2005,1,0,0
30032,F,1930,0,0,0
30033,F,1967,0,0,1
30034,F,2002,0,0,0
30035,F,2008,1,0,0
30036,M,1986,0,0,1
30037,F,2010,0,0,0
30038,F,1987,0,0,1
30039,M,1976,0,0,0
30040,F,1974,0,0,1
30041,M,2002,0,0,0
30042,F,1979,0,0,0
30043,M,1959,0,0,1
30044,M,1991,0,0,0
30045,M,2003,0,0,1
30046,F,1991,0,0,1
30047,M,2001,0,0,0
30048,M,1930,0,1,1
30049,F,1965,0,0,0
30050,M,1971,1,0,1
30051,F,2008,0,0,0
30052,M,2006,1,0,0
30053,F,1989,0,0,0
30054,F,1992,0,0,0
30055,F,1996,0,0,0
30056,M,1955,0,0,1
30057,F,1930,0,0,1
30058,M,1996,0,0,0
30059,F,2013,0,0,0
30060,F,1995,0,0,0
30061,M,1957,0,0,0
30062,M,1965,1,0,0
30063,F,1984,0,0,0
30064,F,1971,0,0,0
30065,F,1991,1,0,1
30066,F,1996,0,0,0
30067,F,1999,0,0,0
30068,M,1985,1,1,1
30069,M,1994,0,0,0
30070,M,2002,1,0,0
30071,M,1981,0,0,1
30072,M,1993,0,0,0
30073,F,1955,1,0,0
30074,F,1977,0,0,0
30075,F,1931,0,0,0
30076,F,1974,0,0,1
30077,F,1986,0,0,0
30078,M,1961,0,0,1
30079,M,1936,0,0,0
30080,M,2010,0,0,0
30081,F,1961,0,1,1
30082,F,1985,0,0,1
30083,M,1974,0,0,1
30084,M,1933,0,0,1
30085,M,1983,0,0,0
30086,F,2002,0,0,0
30087,F,2007,0,0,0
30088,F,1934,0,0,0
30089,M,1977,1,0,0
30090,M,1983,0,0,0
30091,F,1939,0,1,1
30092,M,1997,0,0,0
30093,M,1997,1,0,0
30094,M,1930,1,0,1
30095,F,1999,0,0,0
30096,F,2005,0,0,0
30097,F,1930,1,1,1
30098,F,1962,0,0,0
30099,M,1985,0,0,0
30100,M,1930,0,0,0
30101,F,1993,1,1,1
30102,F,1969,0,0,0
30103,M,1972,0,0,0
30104,M,1938,0,0,1
30105,F,1997,0,0,0
30106,M,1930,0,0,0
30107,M,1930,0,0,0
30108,M,1946,1,0,1
30109,F,1996,0,0,0
30110,F,1978,0,1,0
30111,F,1972,0,0,1
30112,F,1973,0,1,1
30113,F,2007,1,0,0
30114,M,1965,0,0,0
30115,F,1976,0,0,0
30116,F,1986,0,0,0
30117,F,1984,0,0,0
30118,M,1930,0,0,1
30119,F,1946,0,1,0
30120,F,2009,0,1,0
30121,M,1986,0,1,0
30122,M,1953,0,0,0
30123,F,1945,1,0,0
30124,M,1974,0,0,1
30125,F,2002,0,0,1
30126,M,2003,1,0,0
30127,M,1965,0,0,0
30128,M,1990,0,0,0
30129,F,1999,0,0,1
30130,F,2016,0,0,0
30131,M,2006,1,0,0
30132,F,1976,0,0,0
30133,M,1987,0,0,0
30134,F,1940,0,0,0
30135,M,2004,1,0,0
30136,M,1996,0,0,1
30137,F,1993,0,0,0
30138,M,1979,0,0,1
30139,M,1993,0,0,0
30140,M,1998,0,0,0
30141,M,1973,0,0,0
30142,M,1980,0,0,0
30143,F,1961,0,1,1
30144,F,1988,0,0,1
30145,M,1949,1,0,1
30146,M,1999,0,0,0
30147,M,1965,1,0,1
30148,F,1958,0,1,1
30149,F,2015,0,0,0
30150,M,1965,0,0,1
30151,F,1985,1,1,0
30152,F,1978,0,0,0
30153,F,1941,0,1,0
30154,F,1983,0,1,0
30155,M,2000,1,0,0
30156,F,1967,0,0,0
30157,M,1986,0,0,0
30158,M,1982,0,0,0
30159,F,1984,0,0,0
30160,M,1962,0,0,0
30161,M,1973,1,0,1
30162,F,1982,0,0,0
30163,M,1975,0,0,0
30164,F,1999,1,0,1
30165,M,1965,0,1,0
30166,M,1973,0,0,0
30167,M,1936,0,0,1
30168,F,1994,0,0,0
30169,F,1993,0,0,1
30170,M,1977,0,0,0
30171,M,1983,0,0,0
30172,M,2000,0,0,0
30173,F,2003,0,1,1
30174,F,1950,1,0,1
30175,F,1996,0,0,0
30176,M,1988,0,1,0
30177,F,2004,0,1,0
30178,M,1930,1,0,1
30179,F,1995,0,0,0
30180,F,1985,0,0,0
30181,M,2008,1,0,0
30182,M,1978,1,0,0
30183,M,1930,0,0,0
30184,F,2002,0,0,0
30185,M,1977,1,1,1
30186,M,1991,0,0,0
30187,M,1982,0,0,0
30188,M,1989,0,0,0
30189,F,2005,0,0,1
30190,F,1975,0,0,0
30191,F,1960,0,0,0
30192,F,1990,0,0,1
30193,F,1951,0,0,0
30194,M,1950,0,0,0
30195,F,1960,0,0,1
30196,F,2001,0,0,1
30197,M,1968,0,0,0
30198,M,1971,0,0,0
30199,M,1998,1,0,0
30200,F,1992,0,0,0
30201,F,1982,0,1,0
30202,M,1993,1,0,0
30203,F,1985,0,0,0
30204,M,1934,1,0,1
30205,M,1997,0,0,0
30206,F,1997,0,0,1
30207,M,1953,0,0,0
30208,F,1980,0,0,0
30209,F,1978,0,0,0
30210,F,1987,0,1,1
30211,M,1987,0,0,0
30212,F,1984,1,0,0
30213,F,1977,0,1,0
30214,F,1960,0,0,1
30215,M,2000,1,0,0
30216,F,1996,0,0,0
30217,F,1953,0,0,1
30218,F,1979,1,0,0
30219,M,1989,0,0,0
30220,F,1974,0,0,1
30221,M,1992,1,0,0
30222,M,1955,0,0,1
30223,M,2018,0,0,0
30224,F,1995,0,0,0
30225,F,1993,0,0,1
30226,M,1990,0,0,0
30227,F,1971,1,0,0
30228,F,1951,0,1,0
30229,M,1968,0,1,0
30230,F,1960,0,1,1
30231,F,2007,0,0,0
30232,F,2008,1,0,0
30233,F,2005,1,0,0
30234,M,1983,0,0,0
30235,M,1991,0,0,1
30236,M,2004,0,0,0
30237,M,2019,0,0,0
30238,M,1969,0,0,1
30239,M,1944,0,0,1
30240,M,1959,1,1,0
30241,F,1985,0,0,1
30242,F,1977,0,0,0
30243,F,1995,0,0,1
30244,M,1982,0,0,1
30245,F,1984,0,0,0
30246,F,1972,0,1,0
30247,F,1996,1,0,1
30248,F,1930,0,0,1
30249,F,2003,0,0,0
30250,M,1977,0,0,0
30251,F,1965,0,0,0
30252,M,2002,0,0,0
30253,M,2009,0,0,0
30254,M,1964,0,0,1
30255,M,1930,0,1,0
30256,F,2011,0,0,0
30257,M,1930,0,0,1
30258,F,1963,0,0,0
30259,F,1983,1,0,0
30260,M,1959,0,0,1
30261,F,1949,0,1,1
30262,M,1986,0,0,0
30263,M,1930,0,1,0
30264,M,1930,0,1,0
30265,F,1994,0,1,0
30266,F,1974,0,1,0
30267,F,2002,0,0,0
30268,M,2006,1,0,0
30269,M,1988,1,0,0
30270,F,1975,0,0,0
30271,F,1998,0,0,0
30272,F,1960,0,1,0
30273,F,1973,1,0,0
30274,F,1981,0,0,1
30275,F,1996,0,0,0
30276,M,1995,0,0,0
30277,M,1987,0,0,0
30278,M,1993,0,0,0
30279,F,1990,1,0,0
30280,M,1996,0,0,0
30281,M,1971,0,0,0
30282,F,2003,0,0,0
30283,M,1955,0,0,0
30284,F,1992,0,0,0
30285,M,1969,0,0,1
30286,M,1981,0,0,0
30287,M,2005,1,0,0
30288,M,1958,0,0,0
30289,M,1930,0,1,0
30290,M,1985,0,0,0
30291,M,2010,0,0,1
30292,F,1972,1,0,1
30293,M,1980,1,0,0
30294,M,1998,0,0,0
30295,F,1980,0,0,0
30296,M,1943,0,1,0
30297,M,1951,0,0,0
30298,M,1989,1,1,0
30299,M,1989,1,0,0
30300,M,1999,1,0,0
30301,F,1988,0,0,0
30302,M,1977,0,0,0
30303,M,1978,0,0,0
30304,F,1974,1,0,1
30305,F,1974,0,0,0
30306,F,1996,0,0,1
30307,M,1958,0,0,0
30308,F,1952,1,1,0
30309,M,1980,0,1,0
30310,F,1930,0,0,1
30311,M,1971,1,0,0
30312,F,2003,0,0,0
30313,F,1987,0,0,1
30314,F,1989,0,0,0
30315,F,2010,0,0,0
30316,M,1986,0,1,0
30317,M,1959,0,0,0
30318,M,1954,0,0,1
30319,M,1930,1,0,1
30320,F,1969,0,1,0
30321,F,1962,0,0,0
30322,M,1993,0,0,0
30323,M,1966,1,0,0
30324,F,1972,0,1,1
30325,M,1988,0,0,1
30326,F,1930,0,1,1
30327,F,2003,0,0,0
30328,M,1979,1,0,0
30329,M,1943,1,0,1
30330,M,1998,0,0,0
30331,F,1991,0,0,1
30332,F,1961,1,0,1
30333,M,1961,0,1,1
30334,F,1984,0,0,0
30335,F,1974,0,0,1
30336,M,1980,0,0,0
30337,M,1957,0,0,0
30338,F,1956,0,0,1
30339,F,1939,0,0,0
30340,F,1939,1,0,1
30341,F,1973,0,0,0
30342,M,2001,0,0,0
30343,M,1995,0,0,1
30344,M,1993,0,0,1
30345,M,1983,0,0,1
30346,F,1978,0,0,0
30347,F,1998,1,0,0
30348,F,2011,0,0,0
30349,M,1968,0,0,1
30350,F,1981,0,0,0
30351,M,1930,0,1,1
30352,M,1993,0,0,1
30353,F,1930,0,0,0
30354,M,1997,0,1,1
30355,F,1982,1,0,1
30356,F,1980,0,0,0
30357,F,2006,0,0,0
30358,M,1975,0,1,1
30359,M,1995,0,0,0
30360,F,1949,0,1,0
30361,F,1962,0,1,1
30362,M,1971,0,0,0
30363,F,1992,0,0,1
30364,M,2002,0,0,1
30365,M,1932,0,1,1
30366,F,1935,0,0,1
30367,M,1992,0,0,0
30368,M,1956,0,0,0
30369,M,1998,0,0,0
30370,F,1995,0,0,0
30371,F,1981,0,0,0
30372,M,1970,0,0,0
30373,F,2003,0,0,0
30374,F,2011,0,0,0
30375,M,1996,0,0,0
30376,M,1983,1,1,0
30377,F,2004,0,0,0
30378,M,1990,0,0,0
30379,M,1990,0,0,0
30380,M,1930,0,0,1
30381,M,1969,1,0,1
30382,M,1976,0,1,0
30383,F,1987,0,0,1
30384,F,1939,0,1,0
30385,F,2002,0,0,0
30386,F,1964,1,0,0
30387,M,1937,1,1,1
30388,M,1959,0,1,0
30389,M,1994,0,0,1
30390,M,2004,0,0,0
30391,F,1957,0,0,0
30392,M,1964,1,1,1
30393,M,1951,0,0,1
30394,M,1961,1,0,0
30395,F,1948,0,1,1
30396,M,1987,0,0,0
30397,F,1979,0,0,0
30398,M,2001,0,0,1
30399,M,2004,0,0,0
30400,M,1972,0,0,0
30401,F,1992,1,1,0
30402,F,1935,0,0,1
30403,M,1964,0,0,1
30404,F,1977,0,1,1
30405,F,2007,0,0,0
30406,M,1999,1,0,0
30407,M,1995,0,0,0
30408,M,1989,1,0,0
30409,F,1955,0,0,0
30410,F,2005,0,0,1
30411,M,1930,0,0,0
30412,M,1960,0,0,1
30413,M,2001,0,0,1
30414,M,1938,0,0,1
30415,M,1965,1,0,1
30416,M,1993,0,0,0
30417,F,1959,0,0,1
30418,M,2000,0,0,1
30419,M,1979,1,0,0
30420,F,1967,0,0,1
30421,M,1999,0,0,0
30422,F,1976,1,0,0
30423,M,1970,1,0,1
30424,F,1989,0,0,0
30425,M,1995,0,0,0
30426,F,1978,0,0,0
30427,M,1986,0,0,0
30428,M,1931,0,1,0
30429,F,1967,0,1,0
30430,M,1985,0,0,1
30431,M,1981,0,1,1
30432,M,1994,0,0,0
30433,F,1949,0,0,0
30434,M,1964,0,0,0
30435,M,1930,0,1,1
30436,F,1976,1,0,1
30437,M,1985,0,0,1
30438,F,1975,0,0,1
30439,M,1930,0,0,1
30440,F,1989,0,0,1
30441,M,1992,0,0,0
30442,M,1987,0,1,0
30443,M,1994,0,0,0
30444,F,1973,0,0,0
30445,F,1989,0,0,0
30446,M,1941,0,1,1
30447,F,2001,1,0,1
30448,M,1963,0,0,1
30449,M,1946,0,0,0
30450,M,2001,0,0,0
30451,F,1968,0,0,0
30452,M,1954,0,1,0
30453,F,2007,0,0,1
30454,M,1997,0,1,0
30455,M,1949,0,1,1
30456,F,1949,0,1,1
30457,M,1982,0,0,1
30458,M,1975,0,0,0
30459,F,1965,0,0,0
30460,M,1955,0,0,1
30461,M,1977,0,0,0
30462,M,1955,0,0,0
30463,F,2011,0,0,0
30464,F,1985,0,1,1
30465,M,1965,0,0,1
30466,F,1972,0,0,1
30467,M,1937,0,0,1
30468,F,1997,0,0,0
30469,M,1998,0,0,0
30470,F,1932,0,1,1
30471,M,2006,0,0,0
30472,F,1960,0,0,0
30473,F,1963,0,0,1
30474,F,1990,0,0,0
30475,M,1933,1,0,0
30476,M,1981,0,0,0
30477,M,1978,0,0,0
30478,F,1996,1,0,0
30479,F,1994,0,0,0
30480,F,1999,0,0,0
30481,M,1968,0,0,0
30482,F,1969,1,0,0
30483,F,2012,0,0,1
30484,F,1951,0,0,1
30485,F,1983,0,0,1
30486,F,2006,0,0,0
30487,M,1936,0,0,0
30488,F,1987,0,0,0
30489,M,1987,0,0,1
30490,M,1982,0,0,0
30491,F,1954,0,0,1
30492,M,1991,0,0,0
30493,M,1944,0,0,0
30494,M,1999,0,1,0
30495,M,1989,0,0,0
30496,F,2014,0,0,0
30497,F,1987,0,1,0
30498,M,2004,1,1,1
30499,F,2002,0,0,0
30500,M,2003,1,0,0
30501,F,1981,0,0,1
30502,M,1982,0,0,1
30503,M,1961,0,0,0
30504,M,1988,0,0,0
30505,F,1967,0,0,0
30506,M,1978,0,0,1
30507,F,1992,1,0,1
30508,F,1953,0,1,1
30509,F,1995,1,0,1
30510,M,2008,0,0,0
30511,M,2013,0,0,1
30512,F,1991,0,0,0
30513,M,1985,0,1,0
30514,F,1984,0,0,1
30515,F,2014,0,0,0
30516,M,1972,0,0,1
30517,F,1988,0,1,1
30518,M,1963,1,0,1
30519,F,1981,0,1,1
30520,M,1968,0,0,0
30521,F,2005,0,0,0
30522,M,1963,0,0,0
30523,M,1974,0,0,0
30524,F,1995,1,0,1
30525,M,1937,1,1,0
30526,M,1930,0,0,1
30527,F,1994,0,0,1
30528,M,1960,0,0,1
30529,M,1982,0,0,0
30530,F,1969,1,0,0
30531,F,1976,0,0,0
30532,F,1961,0,0,1
30533,F,2012,0,1,0
30534,F,1970,0,0,0
30535,F,1975,1,0,0
30536,F,1980,0,1,0
30537,M,1948,1,0,1
30538,M,2001,0,0,0
30539,M,1963,0,0,1
30540,M,1996,0,1,0
30541,M,1992,0,0,0
30542,M,1994,0,0,1
30543,M,1980,0,0,0
30544,F,1962,0,0,1
30545,M,1982,0,0,1
30546,F,1957,0,1,1
30547,F,1989,0,0,0
30548,F,2007,1,0,1
30549,F,1977,0,1,0
30550,F,1986,0,0,1
30551,M,1938,0,0,1
30552,M,2000,1,0,0
30553,M,1973,0,1,0
30554,F,1982,0,1,1
30555,M,2006,0,0,0
30556,M,2010,0,0,1
30557,M,2009,0,0,0
30558,F,1963,0,0,0
30559,F,1983,0,0,1
30560,F,1969,0,0,1
30561,F,1967,1,1,0
30562,F,2013,0,0,0
30563,F,1931,1,0,1
30564,M,1955,1,1,0
30565,F,1983,0,0,0
30566,F,1971,0,0,0
30567,M,2003,1,0,0
30568,M,2005,0,0,0
30569,M,1986,0,1,0
30570,F,1995,0,0,0
30571,F,1981,1,0,0
30572,F,1991,0,0,1
30573,M,1958,0,0,0
30574,F,1971,0,1,0
30575,F,1994,0,1,0
30576,F,1967,0,0,0
30577,F,2002,0,0,1
30578,F,1984,0,0,0
30579,F,1957,0,1,0
30580,F,2012,0,0,0
30581,F,1946,0,0,1
30582,F,1991,0,0,0
30583,F,1956,0,0,1
30584,F,1991,1,0,0
30585,F,2008,0,0,0
30586,F,1994,0,0,1
30587,M,1950,0,0,1
30588,M,1979,0,0,0
30589,F,1956,0,0,0
30590,F,1990,0,1,0
30591,F,1998,0,0,0
30592,M,1958,1,0,1
30593,M,1983,0,0,0
30594,M,1975,0,0,0
30595,F,1973,0,1,1
30596,M,2012,0,0,0
30597,M,1966,0,0,1
30598,M,2002,0,0,0
30599,M,2010,0,0,0
30600,M,1993,0,0,0
30601,M,1987,0,1,1
30602,F,1942,0,0,1
30603,M,1964,0,0,0
30604,F,2010,0,0,0
30605,M,1975,0,1,0
30606,F,1983,1,0,0
30607,F,2000,0,0,0
30608,F,1967,0,0,0
30609,F,1942,0,1,1
30610,M,1981,0,0,1
30611,M,1990,0,0,1
30612,M,1980,0,0,0
30613,M,1975,0,0,0
30614,F,1930,1,0,0
30615,F,1996,0,0,1
30616,F,1996,0,0,0
30617,M,1959,0,0,1
30618,M,1992,1,0,1
30619,F,2013,0,0,0
30620,M,1942,0,0,1
30621,F,1944,0,0,0
30622,F,2004,0,0,0
30623,F,1981,0,0,0
30624,F,2010,0,0,0
30625,M,1962,1,0,0
30626,F,1963,1,0,0
30627,M,2017,0,0,1
30628,F,1983,0,0,0
30629,M,1954,1,1,0
30630,F,2009,0,0,0
30631,F,1977,0,1,0
30632,F,2013,0,0,0
30633,M,2000,0,0,1
30634,M,2010,0,0,0
30635,M,1936,0,0,0
30636,F,1955,0,0,1
30637,M,2012,0,0,0
30638,M,1976,1,1,0
30639,F,2012,0,0,1
30640,M,1966,0,0,0
30641,F,1959,0,0,1
30642,F,1965,1,0,0
30643,F,1976,1,1,0
30644,F,1987,0,1,1
30645,F,1977,0,0,1
30646,M,2000,0,0,0
30647,F,1976,0,1,0
30648,M,1990,0,0,0
30649,M,2010,0,0,0
30650,M,2002,1,0,0
30651,F,1959,1,0,0
30652,F,2009,1,0,0
30653,M,1980,0,1,1
30654,F,1991,0,0,0
30655,M,2002,0,0,0
30656,F,2010,0,0,0
30657,F,1953,0,0,1
30658,F,1947,0,0,0
30659,M,2008,1,0,0
30660,F,1979,0,0,1
30661,M,1988,0,0,0
30662,F,1980,1,0,0
30663,M,1930,0,1,1
30664,M,1991,1,0,0
30665,M,1998,1,0,0
30666,M,1985,0,0,0
30667,M,1974,0,0,0
30668,F,1992,0,1,1
30669,M,1930,0,0,1
30670,F,1999,0,0,0
30671,M,1965,0,1,0
30672,M,1939,0,1,0
30673,M,2016,0,0,0
30674,F,1972,0,1,1
30675,M,1998,0,0,0
30676,F,2002,0,1,1
30677,M,1987,0,1,0
30678,F,1942,0,1,0
30679,F,1958,0,0,0
30680,F,2010,0,1,0
30681,F,1958,0,0,1
30682,F,1999,0,0,1
30683,M,1949,0,1,0
30684,M,2014,0,0,0
30685,M,1969,1,1,1
30686,M,2000,0,0,1
30687,F,1958,0,0,1
30688,M,1931,0,0,0
30689,M,1986,0,0,1
30690,M,1994,0,0,0
30691,M,1989,1,0,1
30692,F,1984,0,0,0
30693,M,1970,0,0,0
30694,F,2009,1,1,0
30695,M,2004,0,0,1
30696,F,1980,0,0,0
30697,M,1984,0,0,0
30698,M,2005,0,0,0
30699,M,1951,1,0,1
30700,F,1997,0,0,0
30701,F,1930,0,1,1
30702,F,1971,0,0,0
30703,F,1961,0,0,0
30704,M,1977,0,0,1
30705,F,1994,0,0,0
30706,M,1978,1,1,1
30707,F,1987,0,0,0
30708,F,2007,1,0,0
30709,F,2007,1,0,1
30710,M,1991,0,0,0
30711,F,1970,0,1,0
30712,F,1991,0,0,1
30713,F,1990,0,0,0
30714,F,1969,0,0,0
30715,F,1991,0,1,1
30716,F,1930,0,0,1
30717,M,1997,0,0,0
30718,M,1959,0,0,1
30719,M,1981,0,0,0
30720,F,1930,0,0,1
30721,M,1992,0,0,0
30722,M,1964,1,1,1
30723,F,1984,0,1,0
30724,M,2015,0,0,0
30725,M,1982,0,0,0
30726,M,1992,1,0,0
30727,M,1976,0,0,1
30728,F,1998,0,0,0
30729,F,2017,0,0,0
30730,M,1934,0,0,0
30731,M,1995,0,1,0
30732,F,1960,1,0,0
30733,M,1986,0,0,0
30734,F,1976,0,0,0
30735,M,1979,0,0,0
30736,M,1991,0,0,0
30737,F,1982,0,0,0
30738,M,1962,0,0,0
30739,M,1981,0,0,0
30740,F,1955,0,1,0
30741,M,1992,0,0,1
30742,M,1984,1,0,0
30743,F,2004,0,0,0
30744,M,1974,0,0,0
30745,F,1986,0,0,0
30746,F,1979,0,0,0
30747,F,1937,0,0,0
30748,M,1985,0,0,0
30749,M,1942,0,1,0
30750,F,1999,0,0,0
30751,M,1997,0,0,1
30752,F,1998,1,0,0
30753,M,2005,0,0,0
30754,F,1981,1,0,1
30755,M,1970,0,0,0
30756,F,1930,0,1,1
30757,M,1986,1,1,0
30758,F,1939,0,0,1
30759,F,2003,0,0,0
30760,M,1997,0,0,1
30761,F,1987,0,0,0
30762,F,2002,0,0,0
30763,F,1978,1,0,1
30764,M,2006,0,0,0
30765,F,1983,0,0,0
30766,F,1984,0,0,0
30767,M,1974,0,0,0
30768,M,1943,0,1,0
30769,F,1996,0,0,0
30770,M,1930,0,0,0
30771,M,1955,1,1,0
30772,M,1974,0,0,1
30773,M,2006,0,0,0
30774,M,1978,0,0,0
30775,F,2003,0,0,0
30776,F,1967,0,0,0
30777,M,1992,0,0,0
30778,M,1947,0,0,0
30779,F,1946,0,0,1
30780,M,1965,0,1,0
30781,M,2001,0,0,0
30782,F,1989,0,0,0
30783,F,1946,0,1,1
30784,M,1930,0,1,0
30785,M,1993,0,0,0
30786,M,1978,0,0,0
30787,F,1993,0,0,1
30788,F,2001,0,0,0
30789,M,1998,1,0,0
30790,F,1983,0,0,0
30791,M,2010,0,0,1
30792,M,1953,0,0,0
30793,F,1988,0,0,0
30794,F,1976,0,0,0
30795,F,1977,0,0,1
30796,M,1987,1,0,0
30797,F,1994,1,0,0
30798,F,1996,0,0,0
30799,M,1955,0,0,0
30800,M,2006,0,0,0
30801,F,1965,0,0,0
30802,M,1963,0,0,1
30803,F,1996,1,0,1
30804,M,1991,0,0,0
30805,M,1975,0,0,1
30806,M,1977,0,0,1
30807,F,1956,0,0,1
30808,M,1962,0,0,0
30809,F,1998,0,0,0
30810,M,1947,0,0,1
30811,M,2018,0,0,1
30812,M,1992,0,0,0
30813,F,2006,0,0,0
30814,F,2009,0,0,0
30815,M,1966,0,0,1
30816,F,1930,0,1,1
30817,F,1999,0,0,0
30818,F,2010,0,0,0
30819,F,1969,0,0,0
30820,M,2002,0,0,0
30821,M,1959,0,0,0
30822,F,1987,0,0,0
30823,M,1998,0,0,0
30824,F,1986,0,0,0
30825,F,1938,0,1,1
30826,M,2011,0,0,1
30827,M,1958,0,1,0
30828,F,1955,0,0,0
30829,F,1992,0,0,0
30830,M,1967,0,0,0
30831,F,1975,0,0,0
30832,M,1955,0,0,0
30833,F,1986,0,0,0
30834,F,2007,1,0,1
30835,F,1945,0,1,1
30836,M,1997,0,0,0
30837,F,1992,1,0,0
30838,M,1988,0,0,0
30839,M,1950,0,0,1
30840,F,1930,0,1,1
30841,F,1990,0,0,0
30842,M,1989,0,0,1
30843,M,1976,0,0,0
30844,M,2001,0,0,0
30845,F,1969,0,0,0
30846,M,1968,0,0,0
30847,F,1975,0,1,0
30848,M,2006,0,0,0
30849,M,1930,0,1,1
30850,M,1966,0,1,0
30851,M,1930,0,1,1
30852,F,2004,0,0,0
30853,F,1999,0,1,0
30854,M,1996,1,0,0
30855,F,1930,0,0,0
30856,M,1977,0,0,1
30857,F,1983,0,0,0
30858,M,2015,0,0,0
30859,F,1990,1,0,0
30860,M,1986,0,0,0
30861,M,1974,0,0,1
30862,F,1930,0,0,0
30863,F,1939,0,1,1
30864,F,1987,0,0,0
30865,F,2000,0,0,0
30866,M,1988,0,0,1
30867,M,1980,0,0,0
30868,F,1967,1,0,1
30869,F,2019,0,0,0
30870,F,1987,0,0,1
30871,F,1986,0,0,0
30872,F,1988,0,0,0
30873,M,1930,0,0,1
30874,M,1985,0,0,1
30875,F,1982,0,0,1
30876,F,1930,1,0,0
30877,M,1940,0,1,1
30878,M,1946,0,0,1
30879,M,1976,0,0,0
30880,F,1991,1,0,1
30881,F,2000,1,0,0
30882,F,1955,0,0,1
30883,M,1930,0,0,0
30884,M,1967,0,0,0
30885,F,2002,0,0,0
30886,M,1977,0,0,0
30887,F,1947,0,1,1
30888,F,1999,0,0,1
30889,M,1998,1,0,1
30890,M,1969,1,0,0
30891,F,1967,1,0,0
30892,M,1971,0,1,0
30893,F,1943,0,1,1
30894,M,1982,0,1,0
30895,M,1992,0,0,0
30896,M,1958,0,0,0
30897,M,1930,0,1,0
30898,M,1991,0,0,0
30899,F,1962,0,0,1
30900,M,1937,0,0,1
30901,F,1973,0,1,1
30902,M,2002,0,0,0
30903,F,1973,0,0,0
30904,F,1968,0,0,0
30905,M,1987,0,0,0
30906,M,1987,0,0,0
30907,M,2005,0,1,1
30908,M,1995,0,0,1
30909,F,1993,0,0,1
30910,M,1998,1,0,0
30911,M,1983,0,1,0
30912,F,1952,0,0,0
30913,M,1994,0,0,1
30914,M,1934,1,0,1
30915,M,1970,0,1,0
30916,F,1930,0,0,1
30917,M,1962,0,0,0
30918,F,2008,1,0,1
30919,F,1942,1,0,1
30920,M,2012,0,0,0
30921,F,2011,0,0,0
30922,M,2009,0,0,0
30923,F,1952,0,0,1
30924,F,1930,0,1,1
30925,M,1930,0,0,0
30926,F,1973,0,0,0
30927,F,1988,0,0,0
30928,M,1982,0,0,0
30929,M,1982,0,0,1
30930,F,1978,0,0,0
30931,F,1996,0,1,0
30932,F,1979,1,0,0
30933,M,1991,0,0,0
30934,F,1998,0,0,0
30935,F,1932,0,0,1
30936,M,1967,0,1,1
30937,F,1967,0,0,0
30938,M,1977,1,0,0
30939,M,1996,0,0,0
30940,M,1980,0,0,1
30941,M,1930,0,0,1
30942,M,1967,0,0,1
30943,M,1983,0,0,1
30944,M,1971,0,0,0
30945,M,1988,0,0,0
30946,F,1989,0,0,0
30947,M,1950,0,0,0
30948,M,1977,0,0,0
30949,F,1965,0,0,0
30950,M,1979,0,1,1
30951,F,1959,0,1,0
30952,M,1989,1,0,0
30953,M,1986,0,0,1
30954,F,1930,0,0,0
30955,M,2009,0,1,0
30956,F,1960,0,1,0
30957,M,1975,0,0,0
30958,M,1985,0,0,0
30959,F,1995,0,0,0
30960,M,1944,0,0,1
30961,M,1930,0,0,0
30962,F,1986,0,0,0
30963,M,1963,0,1,0
30964,M,1964,1,0,1
30965,F,1962,0,0,0
30966,M,2003,0,0,0
30967,M,1948,0,0,0
30968,M,2007,1,0,0
30969,F,1965,1,0,0
30970,F,1940,1,0,1
30971,F,1990,0,0,0
30972,M,1976,0,0,0
30973,M,1958,0,1,1
30974,M,1985,0,0,0
30975,M,1997,1,0,0
30976,F,1962,0,1,1
30977,F,2000,1,1,0
30978,M,2011,0,0,0
30979,M,1977,0,0,0
30980,F,1985,0,0,0
30981,M,1962,0,0,1
30982,M,1975,0,0,0
30983,F,1930,0,1,1
30984,M,1943,0,0,1
30985,F,1972,1,0,1
30986,F,1947,0,0,1
30987,M,1936,1,0,1
30988,M,1936,0,0,0
30989,M,1999,0,0,0
30990,F,1995,0,0,0
30991,M,1930,0,1,1
30992,F,1976,0,0,1
30993,F,1974,1,0,0
30994,F,1966,0,1,1
30995,F,1982,0,1,0
30996,F,1930,0,0,1
30997,M,1970,0,0,1
30998,F,1951,0,0,0
30999,M,1987,0,0,1
31000,F,1984,0,0,0
31001,F,1996,0,0,0
31002,M,1933,1,0,0
31003,F,1956,0,0,0
31004,M,1980,0,0,1
31005,F,1956,0,0,1
31006,F,1959,0,0,0
31007,M,1998,0,0,0
31008,M,1983,1,0,0
31009,F,1999,0,0,1
31010,F,1997,0,1,1
31011,F,2001,1,1,0
31012,M,1995,0,0,0
31013,F,1992,1,0,1
31014,M,1930,0,1,0
31015,F,1985,1,0,1
31016,M,1954,1,0,1
31017,M,1964,0,0,1
31018,F,1970,1,0,0
31019,M,1949,0,1,0
31020,M,1972,0,0,1
31021,F,1996,0,0,0
31022,F,1967,0,0,1
31023,M,1959,0,0,1
31024,M,2000,1,0,0
31025,M,1972,0,0,1
31026,M,1951,0,0,1
31027,M,2014,0,0,0
31028,F,1978,0,1,0
31029,M,1930,0,0,0
31030,F,1991,1,0,0
31031,F,1985,0,0,0
31032,M,1965,1,0,0
31033,F,1989,0,0,0
31034,F,1990,0,0,1
31035,F,1940,1,0,0
31036,F,1984,0,0,0
31037,M,1951,0,1,0
31038,M,1998,0,0,0
31039,M,1985,0,1,0
31040,M,1986,1,1,1
31041,F,1984,1,0,0
31042,F,1998,0,0,0
31043,F,1987,0,0,0
31044,M,1979,1,0,0
31045,M,2008,1,0,0
31046,F,1990,1,1,0
31047,M,1966,1,1,0
31048,M,1993,0,0,1
31049,M,1973,0,1,1
31050,F,1994,0,1,0
31051,M,1981,0,0,0
31052,F,2011,0,1,0
31053,F,1967,0,0,0
31054,M,1990,0,0,0
31055,M,1955,0,0,0
31056,F,1983,1,0,0
31057,F,1988,0,1,0
31058,M,1992,0,0,0
31059,M,1990,0,0,0
31060,F,1991,0,0,0
31061,F,1995,0,0,0
31062,M,1993,0,0,0
31063,F,1930,0,1,0
31064,M,1982,0,0,0
31065,F,2008,0,0,0
31066,F,2008,0,0,0
31067,F,1930,0,1,0
31068,M,1983,0,1,1
31069,F,2001,0,0,0
31070,M,1951,1,0,0
31071,F,2012,0,0,0
31072,F,1993,0,0,0
31073,M,1979,1,0,0
31074,F,1976,1,0,0
31075,F,2000,0,0,0
31076,M,1993,0,0,0
31077,F,1962,0,0,1
31078,F,1939,0,0,1
31079,F,1959,0,0,1
31080,M,1972,0,0,0
31081,M,1988,0,0,0
31082,M,1968,0,0,0
31083,F,1963,0,0,0
31084,M,1940,0,0,1
31085,M,1981,1,1,1
31086,F,1930,0,0,0
31087,F,1954,0,0,0
31088,F,1983,1,0,1
31089,F,1947,0,0,1
31090,F,1987,1,0,1
31091,M,1993,0,0,0
31092,M,2008,0,0,1
31093,M,1930,0,1,1
31094,M,1988,0,0,1
31095,M,1963,1,0,0
31096,F,1953,1,1,0
31097,M,1987,1,0,0
31098,M,1985,0,0,0
31099,M,2008,0,0,0
31100,M,1999,0,0,0
31101,F,2005,0,0,0
31102,F,1930,0,0,1
31103,F,1984,0,1,0
31104,F,1993,0,0,0
31105,M,1989,0,0,0
31106,M,1980,0,1,0
31107,F,1996,1,0,0
31108,M,1964,0,0,0
31109,F,1953,0,0,0
31110,F,1984,0,0,1
31111,M,1992,0,0,1
31112,F,1988,1,0,1
31113,F,1998,0,0,1
31114,F,1985,0,0,0
31115,F,1961,0,1,1
31116,F,1930,0,0,1
31117,F,1972,0,0,0
31118,F,1962,0,0,0
31119,M,1983,0,0,0
31120,M,1950,0,0,1
31121,F,1995,0,0,0
31122,F,2003,0,0,0
31123,M,1984,1,0,1
31124,M,1969,0,0,0
31125,M,2003,1,0,0
31126,F,1930,0,0,0
31127,M,1998,0,0,1
31128,M,1990,1,0,0
31129,M,1969,0,0,0
31130,F,1973,0,0,0
31131,M,1948,0,0,0
31132,F,1960,1,0,0
31133,M,1998,1,0,0
31134,F,1989,0,0,0
31135,F,1966,0,0,1
31136,M,1983,0,0,0
31137,F,1998,0,0,0
31138,M,2011,0,0,0
31139,F,1940,1,0,0
31140,F,1990,1,0,0
31141,F,1966,0,0,0
31142,F,1997,0,0,0
31143,M,1972,1,0,0
31144,M,2010,0,0,1
31145,M,1997,0,0,0
31146,M,1987,1,0,0
31147,F,1995,0,0,1
31148,M,1993,0,0,1
31149,M,1959,0,0,0
31150,F,1990,1,0,1
31151,M,2000,1,0,0
31152,M,1990,0,0,0
31153,F,2012,0,0,0
31154,F,1986,0,0,1
31155,F,1988,1,0,0
31156,F,1986,0,0,0
31157,F,2005,0,0,1
31158,M,1975,0,0,1
31159,F,1985,0,0,1
31160,F,1941,1,1,1
31161,F,1957,0,0,1
31162,M,1997,0,0,0
31163,F,1997,0,0,0
31164,F,1955,0,0,0
31165,F,1999,0,0,0
31166,M,1998,0,1,0
31167,M,1973,0,0,0
31168,F,1993,0,0,0
31169,M,1973,0,0,0
31170,F,2009,0,0,0
31171,M,1990,0,0,1
31172,M,1952,0,0,1
31173,M,1998,0,0,1
31174,M,1992,0,0,0
31175,F,1987,0,0,1
31176,M,1991,1,0,0
31177,M,2009,0,0,0
31178,F,1955,0,0,0
31179,M,1985,0,0,0
31180,F,1971,0,0,1
31181,F,1950,0,0,0
31182,F,1992,0,0,0
31183,F,1975,0,0,1
31184,F,2018,0,0,0
31185,M,2015,0,0,0
31186,F,1982,1,1,1
31187,F,2006,0,1,0
31188,M,1971,0,0,0
31189,M,1965,1,0,0
31190,M,1995,0,0,0
31191,F,1968,0,1,0
31192,M,1988,0,0,0
31193,F,1943,0,1,1
31194,M,2004,0,0,0
31195,M,1985,0,0,1
31196,F,1977,0,0,0
31197,M,1961,1,0,1
31198,M,1964,0,0,0
31199,F,1991,1,0,0
31200,F,1988,0,0,0
31201,F,1998,0,0,0
31202,M,1948,0,1,1
31203,M,1931,0,0,1
31204,F,2010,0,0,1
31205,M,1956,0,0,0
31206,F,1965,0,0,0
31207,F,2016,0,1,1
31208,M,1959,0,0,0
31209,F,1941,0,1,0
31210,M,1962,0,1,0
31211,M,1999,0,0,0
31212,F,1930,1,0,0
31213,F,1954,0,0,1
31214,M,1998,0,0,0
31215,F,1970,0,0,0
31216,F,1971,0,0,0
31217,F,2004,0,0,0
31218,M,1979,0,0,0
31219,M,1973,0,1,0
31220,M,1992,0,0,0
31221,M,1937,0,0,0
31222,M,1986,0,0,1
31223,M,1967,0,1,1
31224,F,1980,0,0,0
31225,M,1996,0,0,0
31226,F,1975,0,0,0
31227,M,1983,0,0,0
31228,F,1930,1,1,1
31229,F,1956,0,0,0
31230,F,2007,0,0,0
31231,F,1996,0,0,0
31232,M,1999,0,0,0
31233,F,2016,0,0,0
31234,M,1965,0,1,0
31235,F,1971,0,0,0
31236,F,2001,0,0,0
31237,M,2001,1,0,0
31238,M,2012,0,0,0
31239,M,1997,0,0,1
31240,M,1972,0,0,0
31241,F,1930,0,0,1
31242,M,2007,0,0,1
31243,M,1974,0,1,0
31244,F,1930,0,0,1
31245,M,1985,1,0,0
31246,F,1985,0,0,0
31247,F,1981,0,0,0
31248,F,1984,0,1,0
31249,F,1963,0,0,0
31250,M,1930,1,1,1
31251,F,1996,0,0,0
31252,M,2005,0,0,0
31253,M,2001,0,0,0
31254,M,1961,0,0,0
31255,F,1977,0,0,1
31256,F,1955,0,0,1
31257,M,2010,0,0,0
31258,M,1986,0,0,1
31259,M,1964,0,0,1
31260,F,2011,0,0,0
31261,F,1975,0,0,0
31262,M,1985,0,0,0
31263,M,1931,0,0,1
31264,M,2006,0,0,0
31265,F,1952,0,0,1
31266,F,1991,0,0,0
31267,F,2011,0,0,0
31268,M,1995,0,0,0
31269,F,1957,0,1,1
31270,F,1960,0,0,0
31271,M,1968,0,0,1
31272,M,2001,0,0,0
31273,M,1930,0,0,1
31274,M,1981,1,0,0
31275,F,1986,1,1,1
31276,F,1981,1,0,0
31277,M,2005,0,0,0
31278,M,2010,0,0,0
31279,F,1985,0,0,0
31280,M,2013,0,0,1
31281,F,1958,0,0,1
31282,M,1939,0,0,0
31283,F,1930,0,0,0
31284,M,1996,0,1,1
31285,F,1960,0,0,0
31286,M,2017,0,0,0
31287,M,1961,0,1,1
31288,M,1984,0,0,0
31289,F,1969,1,1,0
31290,F,1945,0,0,1
31291,M,1989,0,0,0
31292,F,1967,0,0,0
31293,M,1970,0,0,1
31294,F,1976,0,0,0
31295,F,1998,0,0,0
31296,F,2001,0,0,1
31297,M,1989,0,0,0
31298,F,1958,0,0,0
31299,F,1976,0,0,0
31300,M,1967,0,0,0
31301,F,1969,0,1,1
31302,F,1930,0,0,0
31303,M,1961,0,0,0
31304,F,1998,0,1,0
31305,F,1985,0,0,0
31306,M,1955,0,0,1
31307,F,2012,0,0,0
31308,M,1982,0,0,1
31309,F,1990,0,0,0
31310,F,2000,0,0,0
31311,M,2001,0,0,0
31312,F,1963,0,0,0
31313,F,1958,1,0,1
31314,F,1990,0,0,0
31315,F,1988,0,0,1
31316,F,1984,0,1,0
31317,F,2017,0,0,0
31318,M,1930,0,0,0
31319,F,1965,0,0,0
31320,F,1955,0,0,0
31321,F,1989,0,0,0
31322,M,1965,1,1,1
31323,M,2004,1,0,0
31324,M,1967,1,1,0
31325,M,1981,0,1,0
31326,F,2004,0,0,1
31327,M,1933,0,0,1
31328,F,1963,1,0,0
31329,F,1930,0,0,0
31330,M,1998,0,0,0
31331,M,1986,0,0,0
31332,M,1963,0,0,0
31333,M,2013,0,0,0
31334,F,1975,0,0,0
31335,M,1962,0,0,0
31336,M,2001,1,0,0
31337,M,1980,0,0,1
31338,F,1995,0,0,0
31339,M,1972,1,0,0
31340,M,1966,0,0,0
31341,M,1981,0,0,1
31342,F,1959,1,0,0
31343,F,2004,0,0,0
31344,M,1957,0,1,1
31345,M,1930,0,0,0
31346,M,2002,0,0,1
31347,F,2003,0,0,0
31348,F,1939,0,0,1
31349,F,1976,0,0,1
31350,F,1961,0,0,1
31351,F,1995,0,1,0
31352,F,1991,0,0,0
31353,F,1947,1,0,0
31354,M,1988,0,0,0
31355,F,1993,0,1,0
31356,F,2011,0,0,0
31357,M,1991,1,0,0
31358,M,2003,0,0,0
31359,F,2000,0,0,0
31360,F,1997,0,0,0
31361,F,1955,0,0,0
31362,F,2011,0,0,0
31363,M,1979,1,1,1
31364,F,1990,0,0,0
31365,F,1974,0,1,0
31366,F,1970,1,0,0
31367,M,1997,0,0,0
31368,F,1954,0,0,1
31369,M,1930,0,0,0
31370,F,2004,0,0,0
31371,F,1964,0,0,0
31372,M,1984,0,0,0
31373,M,1981,0,0,1
31374,M,1953,0,1,1
31375,F,1964,0,0,1
31376,F,1988,0,1,0
31377,M,1948,1,0,1
31378,F,1983,0,0,0
31379,F,1997,0,0,0
31380,F,1977,1,1,1
31381,F,1943,1,0,0
31382,F,2007,0,1,0
31383,F,1967,0,0,0
31384,M,2013,0,0,0
31385,M,1962,0,0,0
31386,M,1972,0,0,0
31387,M,1934,0,0,0
31388,M,2005,1,0,0
31389,M,1975,1,0,1
31390,F,1997,0,0,0
31391,F,1989,0,1,0
31392,M,1930,0,1,1
31393,F,1973,0,0,0
31394,M,1967,0,0,0
31395,M,1990,1,0,1
31396,M,1982,0,0,0
31397,M,1952,0,0,1
31398,F,1934,1,0,0
31399,F,1981,0,0,0
31400,M,1943,0,0,1
31401,F,1982,0,0,1
31402,M,1996,1,0,1
31403,M,1976,0,0,1
31404,M,1998,0,0,1
31405,M,1974,0,0,1
31406,F,2004,0,0,1
31407,M,1963,0,0,0
31408,M,2003,0,0,0
31409,F,1996,0,1,0
31410,F,1993,0,0,0
31411,F,2001,0,0,1
31412,F,1982,0,0,1
31413,F,2017,0,0,0
31414,M,1985,0,0,1
31415,F,2020,0,0,0
31416,F,1973,0,0,0
31417,F,2004,0,0,0
31418,F,1971,0,0,0
31419,M,1945,0,0,0
31420,M,1993,1,0,0
31421,F,1980,0,0,0
31422,M,2006,0,0,0
31423,M,1971,0,0,1
31424,F,1965,0,0,0
31425,F,2008,0,0,1
31426,M,1964,1,1,0
31427,F,1930,0,0,0
31428,F,1988,0,0,1
31429,M,1992,0,0,0
31430,M,1953,0,0,0
31431,F,1994,0,1,1
31432,M,2005,0,0,0
31433,F,1985,0,0,0
31434,F,1960,0,1,1
31435,F,1983,0,0,0
31436,M,1988,0,0,0
31437,F,1969,1,0,0
31438,M,1999,0,0,0
31439,F,1979,0,0,1
31440,F,2012,0,0,1
31441,F,1971,0,0,1
31442,F,1951,0,0,0
31443,M,1936,0,0,1
31444,M,1957,1,1,0
31445,M,1965,0,0,1
31446,F,1984,0,1,1
31447,M,1963,0,0,0
31448,M,1981,0,0,1
31449,M,2004,0,0,1
31450,M,1949,1,0,0
31451,F,2012,0,0,0
31452,F,1991,0,0,0
31453,F,1997,0,0,0
31454,F,1980,0,0,0
31455,F,1959,0,0,0
31456,F,1966,1,1,0
31457,F,2010,0,0,0
31458,F,2004,0,0,1
31459,F,1965,0,0,0
31460,F,1930,1,0,0
31461,M,1994,0,0,1
31462,F,2005,1,0,0
31463,F,1990,0,0,0
31464,M,2007,0,0,0
31465,F,1986,0,0,0
31466,M,1980,0,0,0
31467,M,1951,0,0,0
31468,M,1969,0,1,0
31469,F,1960,0,0,1
31470,F,1986,0,0,0
31471,M,1930,0,1,1
31472,M,2007,1,0,1
31473,F,1985,0,1,0
31474,F,1986,0,0,0
31475,M,1996,0,0,0
31476,M,1944,1,0,0
31477,M,2017,0,0,0
31478,F,2002,0,0,1
31479,M,1980,0,1,0
31480,M,1989,0,0,0
31481,M,1984,0,1,1
31482,F,2000,0,0,0
31483,M,1993,0,0,0
31484,F,1953,0,0,0
31485,M,1966,0,0,0
31486,M,1983,0,0,1
31487,F,1962,0,0,1
31488,F,1955,0,0,0
31489,F,1930,0,1,1
31490,M,1963,1,0,0
31491,M,1956,0,0,1
31492,M,1997,0,0,0
31493,M,1971,0,0,1
31494,F,1981,1,0,1
31495,M,1955,0,0,1
31496,M,1957,0,0,0
31497,F,1958,0,0,0
31498,F,1947,0,1,0
31499,M,1969,0,0,1
31500,F,1996,0,0,0
31501,F,1966,0,0,0
31502,M,1956,1,1,1
31503,F,1954,0,0,0
31504,M,1991,0,0,1
31505,F,2012,0,0,0
31506,M,1939,0,1,1
31507,M,1993,0,0,0
31508,F,1985,0,0,1
31509,F,1989,0,1,0
31510,F,1977,0,0,0
31511,F,1989,0,0,0
31512,M,1979,0,0,0
31513,M,1998,0,0,0
31514,F,1944,1,0,0
31515,F,1967,1,0,0
31516,F,1979,0,0,0
31517,F,2015,0,0,0
31518,F,2000,0,0,0
31519,M,1962,0,0,1
31520,F,1998,0,0,0
31521,F,1970,0,0,0
31522,M,1988,1,0,0
31523,F,1979,0,0,1
31524,M,1987,0,0,0
31525,M,1985,0,0,0
31526,M,1963,1,0,0
31527,M,1962,0,0,0
31528,F,1977,0,0,1
31529,M,1961,0,0,0
31530,M,2005,1,0,0
31531,F,1982,0,0,0
31532,M,1990,0,0,0
31533,M,1991,0,0,0
31534,M,1993,0,0,1
31535,M,1949,1,0,1
31536,F,2001,0,0,0
31537,M,1993,0,0,0
31538,M,1977,0,0,0
31539,F,1992,0,0,1
31540,F,1992,0,0,0
31541,F,1990,0,0,0
31542,M,1967,0,0,1
31543,M,1947,0,0,1
31544,F,1962,1,0,1
31545,F,1930,1,0,0
31546,F,1931,0,0,1
31547,M,2010,0,0,0
31548,M,1948,0,0,1
31549,F,1932,0,0,1
31550,M,1968,0,0,1
31551,F,1985,1,0,1
31552,M,1998,0,0,0
31553,M,1964,0,1,1
31554,M,2004,0,0,0
31555,M,1978,0,0,0
31556,F,1930,0,0,1
31557,F,2006,1,0,0
31558,M,1978,0,0,0
31559,M,1954,0,0,0
31560,F,1975,0,0,0
31561,F,1964,1,0,1
31562,F,2006,0,0,1
31563,M,1930,0,1,1
31564,M,1976,1,0,1
31565,F,2003,0,0,1
31566,M,1956,0,0,0
31567,M,1930,1,0,1
31568,F,1987,1,0,0
31569,F,1983,0,0,0
31570,F,1948,0,1,1
31571,M,1958,0,0,1
31572,F,1996,0,0,0
31573,M,2012,0,0,0
31574,M,1930,1,0,1
31575,M,1989,0,0,0
31576,M,2002,0,0,0
31577,M,1995,0,0,1
31578,M,1939,0,0,1
31579,F,2019,0,0,0
31580,M,1949,0,0,1
31581,M,1968,0,0,1
31582,M,1986,0,0,0
31583,F,1977,0,0,0
31584,M,1960,0,1,0
31585,F,1988,0,0,1
31586,M,1995,1,0,0
31587,M,1962,0,0,0
31588,F,1974,0,0,1
31589,M,1936,0,0,1
31590,M,1940,0,0,1
31591,M,1986,0,0,0
31592,M,1981,0,0,0
31593,M,1943,0,1,1
31594,M,1954,1,0,0
31595,F,1967,0,0,0
31596,F,1947,1,0,1
31597,M,2005,1,0,0
31598,F,1967,0,0,0
31599,M,1997,0,0,0
31600,F,1957,0,0,0
31601,M,1968,0,0,1
31602,M,1949,0,0,1
31603,F,1939,0,0,1
31604,F,2003,0,0,0
31605,M,1967,0,0,0
31606,M,1991,1,0,1
31607,M,1960,0,0,1
31608,M,1992,0,0,1
31609,F,1991,0,1,0
31610,F,1976,0,0,1
31611,M,2003,0,0,0
31612,F,1997,0,0,1
31613,M,1964,0,0,0
31614,F,1930,0,1,0
31615,F,2010,0,0,0
31616,M,1993,0,0,0
31617,F,1970,0,0,0
31618,F,2008,0,0,0
31619,M,1985,1,0,0
31620,F,1973,0,1,0
31621,M,1980,0,0,0
31622,F,1989,1,0,0
31623,M,2005,0,0,0
31624,F,1930,1,1,0
31625,M,1994,0,0,0
31626,F,1958,0,1,0
31627,F,1963,0,1,0
31628,F,1985,1,0,0
31629,M,1989,0,0,0
31630,M,2004,0,0,0
31631,F,1952,0,1,1
31632,M,1949,0,0,1
31633,F,1984,0,0,1
31634,M,1993,0,0,0
31635,F,1999,1,0,0
31636,F,1982,1,0,0
31637,F,1996,0,0,1
31638,M,1976,0,0,0
31639,M,1972,0,0,1
31640,M,1972,0,0,1
31641,F,1998,0,0,0
31642,M,1997,0,0,0
31643,F,1984,0,1,0
31644,M,1953,0,0,1
31645,M,1972,1,0,0
31646,F,1999,0,0,0
31647,M,1971,0,0,1
31648,F,2021,0,0,0
31649,F,1961,0,0,1
31650,M,1948,0,0,1
31651,F,1990,0,0,0
31652,M,1978,0,0,0
31653,F,1997,0,0,0
31654,M,2001,0,0,0
31655,M,1955,1,0,1
31656,F,1996,1,0,0
31657,F,1979,0,0,1
31658,F,1966,0,0,0
31659,F,1976,0,1,1
31660,F,2005,0,0,0
31661,F,1984,0,0,1
31662,F,1962,0,0,1
31663,M,1983,0,0,1
31664,F,1982,0,0,1
31665,M,1957,0,0,0
31666,M,1965,0,0,1
31667,M,1990,0,0,0
31668,F,1938,0,0,1
31669,M,1996,0,0,0
31670,F,1991,0,0,0
31671,M,1979,0,0,1
31672,F,1966,0,1,0
31673,M,1945,0,0,1
31674,M,1990,0,0,0
31675,M,1979,1,1,0
31676,F,1938,0,0,0
31677,F,1955,0,0,1
31678,F,1971,0,0,0
31679,F,1976,0,0,0
31680,M,2007,0,0,0
31681,F,1967,1,0,1
31682,M,1989,0,0,1
31683,M,1950,0,0,0
31684,M,1977,0,0,0
31685,F,2003,0,0,0
31686,M,1999,1,0,0
31687,F,1930,0,0,0
31688,M,1965,0,1,0
31689,F,1991,0,0,1
31690,F,1975,1,0,1
31691,M,1984,0,0,1
31692,F,1951,0,0,1
31693,F,1962,0,0,0
31694,F,1930,0,0,1
31695,F,1972,1,0,0
31696,F,2001,0,0,1
31697,F,2010,0,0,0
31698,M,2014,0,0,0
31699,M,1954,0,0,1
31700,F,1977,0,0,0
31701,M,1984,1,0,0
31702,F,1998,0,0,0
31703,F,1981,0,1,1
31704,M,1962,0,1,1
31705,M,1984,0,1,0
31706,F,1948,1,0,0
31707,F,1930,1,0,0
31708,M,1975,0,0,0
31709,M,1986,1,0,0
31710,M,1988,0,0,0
31711,F,1977,0,1,0
31712,F,1976,0,0,0
31713,M,1972,0,1,0
31714,F,2007,0,0,1
31715,F,1973,1,0,1
31716,F,1974,0,0,1
31717,F,1963,0,0,1
31718,F,1958,1,0,0
31719,F,1946,0,0,0
31720,M,1971,0,1,0
31721,M,1958,0,1,0
31722,M,1971,0,1,0
31723,M,1946,0,0,1
31724,F,1981,0,0,0
31725,F,1991,0,0,0
31726,F,1978,0,1,0
31727,M,1938,0,0,1
31728,F,1989,0,0,1
31729,F,1939,0,1,0
31730,M,1970,1,0,0
31731,F,1955,1,1,1
31732,F,1967,0,0,0
31733,F,1976,0,0,1
31734,M,2007,0,0,0
31735,F,1991,0,1,1
31736,F,1930,0,1,1
31737,F,2005,0,0,0
31738,M,1950,0,0,0
31739,F,2008,0,0,0
31740,F,1931,1,0,1
31741,F,1962,0,0,1
31742,M,1996,0,0,1
31743,M,1995,0,0,0
31744,F,1978,1,0,1
31745,M,2009,0,0,0
31746,M,1947,0,0,1
31747,F,1992,0,0,0
31748,M,2003,0,0,0
31749,F,1953,0,0,0
31750,M,2011,0,0,0
31751,F,1980,0,0,0
31752,M,1999,0,0,1
31753,F,1968,0,1,0
31754,F,1946,0,1,1
31755,F,2010,0,0,0
31756,F,1946,0,0,0
31757,M,1983,0,0,0
31758,F,2001,0,0,1
31759,F,2002,0,0,0
31760,M,1983,1,0,1
31761,M,2011,0,0,0
31762,M,1984,1,0,0
31763,M,1981,0,0,0
31764,F,1966,0,1,1
31765,M,1950,0,0,1
31766,F,1963,0,0,0
31767,F,1937,0,0,0
31768,F,1999,0,1,0
31769,F,1970,1,1,0
31770,F,1967,0,0,0
31771,F,1938,0,0,0
31772,M,1968,0,0,1
31773,M,1994,0,0,1
31774,M,1980,0,0,0
31775,F,1969,1,1,0
31776,M,2006,1,0,0
31777,M,1933,0,0,1
31778,F,1979,1,0,0
31779,M,1930,1,0,0
31780,F,2004,0,0,0
31781,M,1998,0,1,1
31782,M,1966,0,0,1
31783,M,1987,0,0,1
31784,M,1951,0,0,0
31785,F,1978,0,1,1
31786,F,1979,1,0,1
31787,M,1980,0,0,0
31788,F,2003,0,0,1
31789,M,1977,0,0,1
31790,F,1999,0,0,0
31791,F,1930,0,0,1
31792,M,2013,0,0,0
31793,F,1974,0,0,1
31794,M,1970,0,0,0
31795,M,1966,1,0,1
31796,F,1958,0,0,1
31797,M,2008,0,0,0
31798,M,1969,1,1,0
31799,M,1981,0,0,0
31800,M,1984,0,0,1
31801,F,1953,0,0,0
31802,F,1943,0,0,0
31803,M,2005,0,0,0
31804,M,1979,0,1,1
31805,M,1960,0,0,1
31806,M,1977,0,0,0
31807,F,1946,0,1,1
31808,M,1995,0,0,0
31809,M,1949,0,0,0
31810,F,1987,0,1,0
31811,F,1999,0,0,0
31812,F,1977,0,0,0
31813,F,1983,0,0,1
31814,F,2006,0,0,0
31815,M,1979,0,0,0
31816,M,1955,1,1,0
31817,M,1940,0,0,0
31818,M,1960,0,0,1
31819,F,1996,1,0,0
31820,F,1971,0,0,0
31821,M,2008,0,0,0
31822,F,1964,0,0,1
31823,F,1967,0,0,0
31824,M,1996,0,0,1
31825,F,1988,0,0,0
31826,M,1973,0,0,0
31827,F,1967,0,0,0
31828,F,1954,1,0,0
31829,F,2008,0,1,0
31830,F,2009,0,0,0
31831,M,2010,0,0,0
31832,F,1973,0,0,1
31833,M,1961,0,0,0
31834,F,1986,0,0,1
31835,M,1988,0,0,1
31836,F,1999,0,1,0
31837,F,1958,0,0,0
31838,F,1976,0,0,0
31839,M,1968,0,1,1
31840,M,1984,1,1,1
31841,F,1987,1,0,0
31842,M,1981,1,0,0
31843,M,1983,0,0,0
31844,F,1943,0,0,1
31845,F,2001,0,0,1
31846,M,1958,0,1,0
31847,F,1992,1,0,0
31848,F,1988,0,0,0
31849,F,1973,0,0,0
31850,M,1962,0,1,1
31851,F,1984,0,0,0
31852,F,2002,0,0,1
31853,M,1930,1,0,1
31854,F,2007,0,0,0
31855,F,2001,1,0,1
31856,F,1938,0,0,1
31857,F,1949,0,0,0
31858,F,1935,1,1,1
31859,M,1993,0,0,0
31860,F,1997,0,0,0
31861,M,1955,0,0,1
31862,F,2002,0,0,0
31863,M,1997,0,0,0
31864,F,2006,0,0,0
31865,F,1994,1,0,0
31866,F,1999,0,0,0
31867,F,2004,0,0,1
31868,M,1979,0,0,0
31869,F,1989,1,0,0
31870,M,1969,0,0,0
31871,M,2001,0,0,0
31872,F,1994,0,0,0
31873,F,2008,0,0,0
31874,M,1990,0,1,0
31875,F,1955,0,0,0
31876,F,1961,0,0,1
31877,M,1983,0,0,0
31878,F,1930,0,1,1
31879,F,2007,0,0,1
31880,F,1950,0,0,1
31881,M,2001,0,1,0
31882,M,1982,1,0,0
31883,M,1966,1,0,1
31884,F,1996,1,0,1
31885,F,1993,0,0,0
31886,F,1950,0,1,1
31887,M,1979,0,0,1
31888,M,2006,0,0,0
31889,F,1989,0,0,0
31890,M,1995,0,0,0
31891,M,2009,1,0,0
31892,F,2006,0,0,0
31893,M,1974,0,0,1
31894,F,1999,0,0,1
31895,F,1930,0,1,0
31896,F,1972,0,0,0
31897,M,1954,0,0,0
31898,M,2011,0,0,0
31899,F,1972,0,1,1
31900,F,1978,0,0,0
31901,M,1967,0,0,0
31902,M,2016,0,0,0
31903,F,1930,0,0,1
31904,M,1983,0,0,1
31905,M,1983,0,0,0
31906,M,1980,0,1,0
31907,F,1997,0,0,0
31908,M,1933,0,0,1
31909,M,2013,0,0,0
31910,M,1991,0,0,1
31911,M,1990,0,0,0
31912,M,1997,0,0,0
31913,F,1986,1,0,0
31914,F,2020,0,0,0
31915,M,1991,0,0,0
31916,M,2000,0,0,1
31917,M,1982,0,0,1
31918,F,1978,1,0,1
31919,F,1930,1,0,1
31920,F,2000,0,0,1
31921,F,1972,0,0,0
31922,M,1973,0,0,0
31923,M,1957,0,0,1
31924,M,1962,0,0,1
31925,M,2011,0,1,1
31926,F,1987,0,1,0
31927,M,2001,0,0,1
31928,F,1999,0,0,0
31929,F,2006,0,0,0
31930,M,1987,0,0,0
31931,M,1971,0,0,0
31932,F,1939,1,0,1
31933,F,1980,0,1,0
31934,M,1998,0,0,0
31935,F,1977,0,0,0
31936,M,1968,0,0,1
31937,F,1945,0,0,0
31938,M,2001,0,1,0
31939,F,2006,0,0,0
31940,M,1975,1,0,1
31941,F,1982,0,1,0
31942,M,1989,0,1,0
31943,M,1984,0,0,1
31944,M,2000,0,0,0
31945,F,2012,0,0,0
31946,F,1963,0,0,0
31947,M,1965,0,0,1
31948,F,2005,0,0,0
31949,F,1985,0,1,0
31950,M,1966,0,0,1
31951,F,1970,1,1,0
31952,F,1996,0,0,0
31953,F,1978,0,0,0
31954,M,2002,0,0,1
31955,F,1960,0,0,0
31956,M,1986,0,0,0
31957,F,1977,0,0,0
31958,M,1973,0,1,1
31959,M,1986,0,0,0
31960,F,1973,1,1,0
31961,F,1959,1,0,0
31962,M,2000,0,0,0
31963,F,1951,0,0,0
31964,M,1992,0,0,0
31965,M,1971,0,0,0
31966,F,1987,0,0,0
31967,M,1976,0,1,0
31968,M,1954,0,0,0
31969,M,1982,0,0,0
31970,F,1973,1,0,1
31971,M,1944,0,0,1
31972,M,1991,0,0,0
31973,M,1998,0,0,0
31974,F,1956,0,0,1
31975,F,1986,1,0,0
31976,F,1988,0,1,1
31977,M,1951,0,0,0
31978,M,1996,0,0,0
31979,M,1971,0,0,1
31980,F,1937,0,0,0
31981,M,2002,0,0,0
31982,M,1935,0,0,1
31983,M,1990,0,0,0
31984,F,1989,0,0,0
31985,M,2007,0,0,0
31986,M,1976,0,0,1
31987,F,2000,0,0,1
31988,F,1970,0,0,0
31989,M,1984,0,0,1
31990,M,1976,0,0,1
31991,F,1966,0,0,0
31992,M,1930,0,0,1
31993,F,1982,0,0,0
31994,F,1969,1,0,1
31995,F,1973,0,0,0
31996,M,1977,0,0,0
31997,M,2005,0,0,0
31998,M,1997,0,0,0
31999,M,2004,0,0,0
32000,M,1941,0,0,1
32001,F,1940,0,1,1
32002,F,1965,0,0,1
32003,M,1956,0,1,0
32004,M,2004,1,0,0
32005,F,1969,0,0,1
32006,M,1994,0,0,0
32007,M,2001,0,1,0
32008,M,1956,0,0,0
32009,M,1969,0,0,1
32010,F,2002,0,0,0
32011,M,1945,0,1,1
32012,M,1984,0,0,1
32013,M,1964,0,0,0
32014,F,1992,1,0,1
32015,F,1976,0,0,0
32016,F,1962,0,0,1
32017,M,2001,0,0,1
32018,F,1934,0,0,0
32019,F,1965,1,0,0
32020,F,1973,0,0,0
32021,M,2014,0,0,0
32022,F,1982,0,0,1
32023,F,1956,1,0,1
32024,M,2012,0,0,0
32025,F,1941,0,0,0
32026,M,2007,0,0,0
32027,F,1976,0,1,0
32028,M,1931,0,1,0
32029,M,1972,0,1,0
32030,F,1960,0,0,0
32031,F,1956,0,0,0
32032,F,1968,1,0,1
32033,F,1998,0,0,0
32034,F,1987,0,0,1
32035,M,1998,0,1,0
32036,M,1936,0,0,1
32037,M,1986,1,0,0
32038,F,1953,1,0,0
32039,F,1964,0,0,0
32040,M,1977,0,0,1
32041,M,1998,0,0,1
32042,F,1995,0,0,0
32043,M,1993,0,0,0
32044,M,2003,0,0,0
32045,F,1930,1,0,1
32046,F,1966,0,0,1
32047,F,1977,1,1,0
32048,M,2010,0,0,0
32049,F,1985,0,1,0
32050,F,1983,1,1,0
32051,F,1979,0,0,0
32052,F,1978,0,0,0
32053,F,2011,0,0,0
32054,F,1968,0,0,0
32055,M,2004,0,0,0
32056,F,1991,0,1,0
32057,F,1970,0,0,0
32058,M,1969,0,0,1
32059,M,1976,0,0,1
32060,F,1959,1,0,0
32061,F,1987,1,0,0
32062,F,1982,1,0,0
32063,F,1959,0,0,0
32064,M,2003,0,0,0
32065,F,1935,0,0,1
32066,M,1962,1,0,0
32067,F,1993,0,0,0
32068,M,1957,0,0,1
32069,F,2001,0,0,0
32070,F,1942,0,0,1
32071,M,2010,0,0,0
32072,F,2004,0,0,0
32073,M,1997,0,0,0
32074,F,1995,0,1,0
32075,F,1974,0,0,1
32076,F,1960,0,0,0
32077,F,2008,0,0,0
32078,F,1939,0,0,0
32079,M,1969,1,0,0
32080,F,1930,0,0,1
32081,M,1983,0,0,0
32082,M,1935,0,0,1
32083,F,1930,0,0,1
32084,F,1995,1,0,0
32085,F,1997,0,0,0
32086,M,1988,0,0,0
32087,F,1989,1,0,0
32088,M,1975,1,0,1
32089,F,1989,0,0,0
32090,F,1957,0,0,0
32091,M,1966,0,0,0
32092,M,1996,0,1,0
32093,M,1983,0,0,1
32094,M,1955,0,0,0
32095,F,1972,0,0,0
32096,M,1964,1,1,0
32097,F,1997,0,0,0
32098,F,1980,0,0,1
32099,F,2002,1,0,0
32100,F,1977,0,0,1
32101,M,1984,1,0,0
32102,M,1975,0,0,1
32103,M,1998,1,0,0
32104,M,1969,0,0,1
32105,M,1954,0,0,0
32106,M,2013,0,0,0
32107,M,2006,0,0,0
32108,M,1995,0,1,0
32109,F,1988,0,0,1
32110,M,1993,0,0,0
32111,F,2003,0,0,0
32112,M,1975,0,0,0
32113,F,1977,1,0,1
32114,M,1993,0,0,0
32115,F,1971,0,0,0
32116,F,1985,1,0,0
32117,M,1932,0,0,1
32118,F,2007,0,0,0
32119,M,1998,0,0,0
32120,F,1987,0,0,0
32121,M,1953,0,0,0
32122,F,1962,0,1,0
32123,M,1969,1,0,1
32124,M,2005,0,0,0
32125,F,1994,0,0,0
32126,M,1985,0,0,0
32127,F,1958,0,1,1
32128,M,1983,0,0,0
32129,F,1967,0,0,0
32130,F,1971,0,1,0
32131,F,1967,0,1,1
32132,F,1996,1,0,0
32133,F,1962,0,0,0
32134,M,1968,0,0,1
32135,F,1936,0,0,0
32136,F,1990,0,0,0
32137,M,1977,1,0,0
32138,F,2003,1,1,0
32139,F,2008,0,0,0
32140,F,1930,1,0,1
32141,M,1972,0,0,1
32142,M,2009,0,0,0
32143,M,1969,0,1,0
32144,M,1990,1,0,0
32145,M,1967,0,0,0
32146,M,1960,1,1,0
32147,M,1974,0,0,0
32148,F,1987,0,0,0
32149,F,1981,0,0,0
32150,F,1966,0,0,1
32151,M,1962,0,0,0
32152,F,1996,0,0,1
32153,F,2005,1,0,0
32154,M,2002,0,0,0
32155,F,1986,0,0,0
32156,F,1963,0,0,0
32157,M,1985,0,1,0
32158,F,2004,1,0,0
32159,M,1975,0,0,1
32160,M,1983,0,0,0
32161,M,1961,0,0,0
32162,M,1935,0,0,0
32163,M,1999,0,0,0
32164,M,1973,0,0,0
32165,F,1976,0,0,1
32166,M,1968,0,0,0
32167,M,1956,0,0,0
32168,M,2012,0,0,0
32169,M,1994,0,0,0
32170,M,1985,0,0,1
32171,M,1994,1,0,0
32172,F,1978,0,0,0
32173,M,1984,0,0,0
32174,M,2004,0,0,0
32175,M,1967,1,0,1
32176,F,2000,0,0,0
32177,F,1978,0,0,0
32178,F,2002,0,0,0
32179,F,1978,0,0,0
32180,M,1985,0,1,1
32181,F,1982,0,1,0
32182,M,1976,0,0,0
32183,F,1959,0,1,1
32184,F,1991,0,0,0
32185,M,2004,0,0,1
32186,M,1986,0,0,0
32187,M,1958,0,0,1
32188,F,2016,0,0,0
32189,M,2005,0,0,0
32190,F,1985,1,1,0
32191,F,1955,0,0,1
32192,M,1993,0,0,0
32193,F,1986,0,0,0
32194,F,1995,0,0,0
32195,M,1990,0,0,0
32196,F,1965,0,0,0
32197,F,1961,0,0,0
32198,F,1963,0,1,1
32199,M,1968,0,0,0
32200,M,2001,0,0,0
32201,M,1935,0,0,0
32202,F,1939,1,0,0
32203,M,1985,0,0,0
32204,M,1956,0,0,1
32205,M,2013,0,0,0
32206,F,1953,0,0,1
32207,F,1978,0,1,0
32208,F,2000,1,0,1
32209,F,1952,0,1,0
32210,M,1940,1,0,1
32211,F,2011,0,0,0
32212,F,1963,0,0,1
32213,M,1952,0,0,1
32214,F,1946,1,1,0
32215,F,2013,0,0,0
32216,M,2007,0,0,0
32217,M,2006,0,1,0
32218,F,1966,0,0,0
32219,F,1937,0,0,0
32220,F,1972,0,1,0
32221,F,1992,0,0,0
32222,M,1942,1,0,1
32223,M,1940,0,0,1
32224,F,1933,0,0,1
32225,F,2000,0,0,0
32226,F,2004,0,0,0
32227,F,2009,0,0,0
32228,M,2004,0,0,0
32229,F,2012,0,0,1
32230,M,1957,0,0,0
32231,M,1973,0,0,0
32232,F,1930,1,0,1
32233,M,1983,1,0,0
32234,M,1980,0,1,1
32235,M,2017,0,0,0
32236,M,1951,0,0,0
32237,M,1991,1,0,0
32238,F,2000,0,0,1
32239,F,1975,1,0,1
32240,M,1984,0,1,1
32241,F,1976,0,0,0
32242,M,1932,0,0,1
32243,M,1996,1,0,0
32244,M,1996,0,0,0
32245,F,1960,0,0,0
32246,F,1995,0,0,0
32247,M,1930,0,1,1
32248,M,1986,1,0,0
32249,F,1973,1,0,1
32250,M,1950,0,0,0
32251,M,1979,1,0,0
32252,F,1984,0,1,0
32253,F,1955,0,0,0
32254,F,1997,0,1,1
32255,M,1974,0,0,0
32256,M,2000,0,1,1
32257,M,1958,1,0,1
32258,M,1930,0,1,1
32259,F,1986,0,0,0
32260,F,1974,0,0,0
32261,F,1947,0,0,1
32262,F,1999,0,0,0
32263,F,1969,1,0,1
32264,F,1958,0,0,0
32265,M,1962,0,0,0
32266,M,1986,0,0,0
32267,M,2006,1,0,0
32268,M,1946,1,0,0
32269,F,2006,0,0,0
32270,M,2008,0,0,0
32271,F,1982,0,1,0
32272,M,1995,0,0,0
32273,F,1972,0,0,0
32274,M,1960,0,0,0
32275,M,1986,0,0,0
32276,M,1930,1,0,1
32277,F,1998,0,0,0
32278,M,2010,0,0,0
32279,M,1982,0,0,0
32280,M,1980,1,0,0
32281,F,1967,0,0,0
32282,F,1990,0,0,1
32283,F,2006,0,0,1
32284,F,1979,0,1,1
32285,M,1972,0,0,0
32286,M,1977,0,1,0
32287,M,1971,0,0,0
32288,M,1975,0,0,1
32289,F,1977,0,0,1
32290,M,1992,0,0,0
32291,M,1993,1,0,0
32292,M,1930,0,1,0
32293,F,1999,0,0,0
32294,F,1930,0,1,1
32295,M,1995,0,0,0
32296,M,1941,0,0,1
32297,M,1959,0,0,0
32298,F,1966,0,0,0
32299,F,2019,0,1,0
32300,F,1993,0,0,0
32301,M,1976,0,0,1
32302,F,1956,0,0,0
32303,F,1983,1,0,1
32304,F,2004,0,0,0
32305,M,1981,0,1,0
32306,F,1971,0,0,1
32307,F,1986,0,0,0
32308,F,1933,0,1,0
32309,F,1979,0,0,1
32310,M,1953,0,0,0
32311,F,1993,0,0,0
32312,F,1962,0,0,1
32313,F,1996,0,1,0
32314,F,1961,0,1,0
32315,F,1986,0,0,1
32316,F,2004,0,0,0
32317,F,1990,0,0,0
32318,M,1998,0,0,0
32319,F,1988,0,0,0
32320,M,2004,1,0,1
32321,M,2006,1,0,0
32322,M,1999,0,0,0
32323,F,2011,0,0,0
32324,M,1949,0,1,0
32325,M,1981,0,0,0
32326,F,1979,0,0,0
32327,F,1987,0,0,0
32328,M,2002,0,0,0
32329,M,1971,1,0,0
32330,M,1974,0,0,1
32331,F,2001,1,0,0
32332,F,1961,0,0,0
32333,M,2003,0,0,0
32334,F,1979,0,1,0
32335,F,1956,1,0,0
32336,M,1942,0,1,1
32337,F,1986,0,0,1
32338,F,1997,0,0,0
32339,F,2008,0,0,0
32340,F,1989,0,0,1
32341,M,1990,1,0,0
32342,F,1953,0,0,1
32343,M,1979,0,1,0
32344,F,2004,0,0,0
32345,F,1961,0,0,0
32346,F,1955,1,0,1
32347,F,1976,0,1,1
32348,M,1960,0,0,0
32349,F,1982,0,0,1
32350,F,1963,0,0,1
32351,F,1993,0,0,0
32352,M,2018,0,0,1
32353,F,1940,0,0,0
32354,M,2003,0,0,0
32355,F,1930,0,0,0
32356,M,1930,0,1,0
32357,F,1939,1,0,1
32358,M,1997,0,0,0
32359,F,1989,0,0,1
32360,F,1992,0,0,0
32361,M,1996,0,0,0
32362,F,1993,0,0,0
32363,F,1969,0,0,1
32364,M,1988,0,0,0
32365,F,2001,0,0,0
32366,M,2009,0,0,1
32367,F,1958,0,0,1
32368,F,1977,1,0,0
32369,F,1981,0,1,0
32370,F,2016,0,0,0
32371,M,2001,0,1,0
32372,F,1980,0,0,0
32373,F,1970,1,0,0
32374,F,2017,0,0,0
32375,F,1981,1,1,0
32376,F,1975,0,1,1
32377,F,1999,0,0,0
32378,M,1950,0,0,1
32379,M,2004,0,0,0
32380,F,1975,0,0,0
32381,F,1991,0,0,0
32382,M,1968,0,0,1
32383,M,1982,1,0,1
32384,M,1953,0,0,1
32385,F,2001,0,0,0
32386,M,1991,0,0,0
32387,M,1967,0,0,0
32388,F,1979,1,0,0
32389,M,1967,1,1,0
32390,M,1961,1,1,1
32391,M,1963,0,0,1
32392,M,1975,0,1,0
32393,F,1962,1,0,0
32394,F,1984,0,0,1
32395,M,1969,0,0,0
32396,M,2002,0,0,0
32397,F,1978,0,0,1
32398,F,1976,0,0,0
32399,M,1935,0,1,1
32400,F,1987,0,0,0
32401,M,2006,0,0,0
32402,F,2006,1,0,0
32403,M,1935,0,0,0
32404,M,1944,0,1,1
32405,M,1973,0,0,0
32406,F,2009,1,0,0
32407,F,1973,1,0,0
32408,M,1970,1,0,1
32409,M,1981,1,0,0
32410,M,1973,1,1,0
32411,F,1989,0,0,0
32412,M,2009,0,1,0
32413,F,1958,0,1,1
32414,M,1974,0,0,0
32415,F,1944,0,0,1
32416,F,1964,0,1,0
32417,M,1997,0,0,0
32418,M,2011,0,0,0
32419,M,1971,0,1,0
32420,M,1981,0,0,1
32421,F,1979,0,0,1
32422,M,1974,0,1,1
32423,F,2012,0,0,1
32424,F,1985,0,0,0
32425,M,1997,0,0,0
32426,M,1978,0,0,0
32427,M,1996,0,0,0
32428,M,1989,0,0,0
32429,M,1990,1,0,1
32430,M,1989,0,0,0
32431,M,1960,0,1,1
32432,M,1991,0,0,1
32433,F,1958,0,0,1
32434,M,2015,0,0,0
32435,M,1996,0,0,0
32436,M,2012,0,0,0
32437,M,1965,0,0,1
32438,F,1983,0,0,0
32439,F,1987,0,0,1
32440,F,1994,0,0,0
32441,M,1960,0,0,0
32442,M,1976,0,0,1
32443,F,1993,0,0,1
32444,F,1930,1,0,1
32445,M,1990,0,0,0
32446,M,2009,0,0,0
32447,F,1954,0,1,1
32448,M,1993,0,0,0
32449,M,1999,0,1,0
32450,F,1967,0,0,1
32451,F,1974,0,0,1
32452,F,1994,1,0,1
32453,M,1995,0,0,0
32454,F,1962,0,0,0
32455,F,1980,0,0,0
32456,M,2004,0,0,1
32457,M,1962,0,0,1
32458,M,1985,0,0,0
32459,M,2002,0,0,1
32460,F,1974,1,0,0
32461,M,1970,1,0,1
32462,M,1988,0,0,0
32463,M,1985,0,0,1
32464,M,1999,1,0,0
32465,M,2007,0,0,0
32466,M,1966,0,1,0
32467,F,2003,0,0,1
32468,F,1974,0,0,0
32469,M,1959,0,0,1
32470,F,1970,0,0,0
32471,M,1964,1,0,0
32472,F,1950,0,0,1
32473,F,2010,0,0,0
32474,F,1970,0,0,0
32475,F,1979,0,1,1
32476,M,1979,0,0,1
32477,F,1970,0,0,1
32478,M,2005,1,0,0
32479,M,1944,0,0,0
32480,F,1973,1,0,0
32481,F,2011,0,0,0
32482,M,1968,0,0,0
32483,F,2010,0,0,0
32484,M,1959,0,0,1
32485,F,1960,0,0,1
32486,F,2003,0,0,1
32487,M,2009,0,0,0
32488,M,1971,0,1,0
32489,M,2010,0,0,0
32490,F,1988,1,0,1
32491,F,1938,0,0,0
32492,F,1986,1,0,1
32493,M,1961,0,0,0
32494,M,1948,0,1,1
32495,M,1953,0,0,1
32496,M,1978,1,1,0
32497,F,1998,0,0,0
32498,M,1948,0,0,0
32499,M,2023,0,0,0
32500,M,2016,0,0,0
32501,F,2006,0,0,1
32502,F,1979,0,0,1
32503,F,1940,1,0,0
32504,F,1949,0,1,0
32505,M,1987,0,0,0
32506,F,1959,0,0,0
32507,F,1983,0,0,0
32508,F,1991,0,0,0
32509,M,1970,0,1,0
32510,M,1986,0,0,0
32511,F,1972,0,0,0
32512,M,1956,0,0,1
32513,M,1966,0,0,1
32514,F,2003,0,1,1
32515,F,1995,0,0,1
32516,M,1939,0,0,1
32517,M,1959,0,0,1
32518,F,1978,0,0,0
32519,F,1990,0,0,0
32520,F,1960,0,0,0
32521,F,1993,0,0,0
32522,F,1971,0,0,0
32523,F,1984,0,0,0
32524,F,1978,0,0,0
32525,M,1988,0,0,0
32526,M,1964,0,0,0
32527,M,2013,0,0,0
32528,M,2004,0,0,0
32529,F,1987,0,0,0
32530,M,1980,0,1,0
32531,M,1945,0,0,0
32532,M,1957,1,0,0
32533,M,2007,0,0,0
32534,F,1977,0,1,0
32535,M,1981,0,0,1
32536,F,2010,0,0,0
32537,F,1971,0,0,1
32538,M,1976,1,0,1
32539,M,1956,0,0,0
32540,F,1979,0,1,0
32541,M,1997,0,0,0
32542,F,1979,0,0,1
32543,F,2003,0,0,0
32544,M,1987,0,0,0
32545,M,1999,0,0,0
32546,M,1947,0,0,1
32547,F,1984,0,0,0
32548,M,1999,0,0,0
32549,F,1936,0,0,0
32550,M,1982,0,0,1
32551,F,1996,0,0,0
32552,M,1989,0,0,0
32553,F,1963,0,0,0
32554,F,1971,0,0,0
32555,F,1977,1,0,0
32556,M,2004,0,0,0
32557,F,1939,0,0,1
32558,M,1958,0,0,0
32559,M,1930,0,0,1
32560,M,1984,0,0,0
32561,F,1982,0,0,1
32562,F,2014,0,0,0
32563,M,1987,0,0,0
32564,F,2009,0,0,0
32565,M,1989,0,0,0
32566,M,1951,0,0,1
32567,F,1971,0,0,0
32568,F,1948,0,0,1
32569,F,1961,1,1,0
32570,M,1987,0,1,1
32571,F,2003,1,0,0
32572,M,1959,0,0,1
32573,M,1984,1,0,1
32574,M,1954,1,0,1
32575,F,1976,0,0,0
32576,F,1971,0,0,0
32577,F,1961,0,1,0
32578,F,1944,1,0,0
32579,F,1985,0,0,0
32580,M,1984,0,0,0
32581,F,1963,1,0,0
32582,M,1996,0,0,1
32583,M,1965,0,0,1
32584,F,1960,1,0,1
32585,F,1930,0,0,0
32586,F,1966,0,0,0
32587,M,1947,0,1,0
32588,F,1988,0,0,0
32589,F,1989,0,0,1
32590,F,1982,0,0,0
32591,M,1993,0,0,0
32592,F,1965,0,1,0
32593,M,1998,0,0,0
32594,M,1999,0,0,0
32595,M,2000,0,0,0
32596,M,1970,0,0,1
32597,F,1998,0,0,0
32598,F,1999,0,0,0
32599,F,1998,1,0,0
32600,M,2014,0,0,0
32601,M,1990,0,1,1
32602,M,1965,0,1,1
32603,M,1968,0,0,0
32604,M,1967,0,0,0
32605,M,1961,0,0,1
32606,M,1964,0,0,0
32607,F,1988,0,0,0
32608,F,1963,1,0,0
32609,M,2000,0,0,0
32610,M,1978,1,0,0
32611,M,2000,1,0,0
32612,F,1993,1,0,0
32613,F,1944,0,1,0
32614,M,1987,0,1,0
32615,M,1993,0,0,0
32616,F,1956,0,0,1
32617,M,1994,1,0,0
32618,M,1969,0,0,0
32619,F,1975,0,0,1
32620,M,1983,0,1,0
32621,F,1996,0,0,1
32622,M,1933,0,1,1
32623,F,1993,0,0,1
32624,F,1942,1,1,1
32625,M,1967,0,0,0
32626,M,1957,0,0,1
32627,F,1976,0,0,0
32628,M,1932,0,0,0
32629,F,1930,0,0,0
32630,M,1985,0,0,1
32631,M,1992,0,1,1
32632,F,1978,0,0,1
32633,M,1986,0,0,1
32634,F,1948,0,1,1
32635,M,1965,0,0,1
32636,M,2002,0,0,0
32637,F,2002,0,0,0
32638,F,1975,0,0,0
32639,M,1949,0,0,1
32640,F,1995,0,0,1
32641,M,1968,0,0,1
32642,M,1960,0,0,0
32643,F,1966,0,1,0
32644,M,2010,0,0,0
32645,F,2005,0,0,1
32646,M,1989,0,0,1
32647,M,1988,1,0,0
32648,F,1960,0,0,1
32649,F,1990,0,1,0
32650,F,2001,0,0,0
32651,M,1962,0,0,0
32652,F,1998,0,0,0
32653,F,2008,0,0,1
32654,F,1989,0,0,1
32655,F,2007,0,0,0
32656,F,2010,0,0,1
32657,M,2015,0,1,1
32658,M,1970,0,1,0
32659,F,1980,1,0,0
32660,M,1930,0,1,1
32661,M,1992,0,0,1
32662,F,1937,0,1,1
32663,F,1968,0,1,0
32664,F,1991,0,0,0
32665,F,2000,0,0,0
32666,F,1975,0,0,0
32667,F,1998,0,0,1
32668,M,1975,1,0,0
32669,M,1999,0,0,1
32670,M,2003,0,0,1
32671,M,2010,0,0,0
32672,M,1977,0,0,0
32673,F,1982,0,0,0
32674,M,2003,0,0,0
32675,F,1985,0,1,0
32676,F,2007,0,0,0
32677,F,1981,0,0,0
32678,F,1984,0,0,0
32679,M,1964,0,0,0
32680,F,2007,0,0,0
32681,M,2015,0,0,0
32682,M,1941,0,0,0
32683,F,1972,0,0,1
32684,M,1995,0,0,0
32685,M,1944,0,0,0
32686,M,1930,0,0,1
32687,M,1971,0,0,1
32688,F,1984,0,0,0
32689,F,2004,0,0,1
32690,F,1990,1,0,0
32691,F,2004,0,0,0
32692,M,1971,0,0,0
32693,F,1930,0,0,0
32694,F,1968,0,0,0
32695,F,1944,0,1,0
32696,F,1985,0,0,0
32697,F,1972,0,0,0
32698,M,1988,0,0,0
32699,M,2008,1,0,0
32700,F,2013,0,0,0
32701,M,1930,0,0,1
32702,F,1993,0,1,0
32703,F,1985,0,0,0
32704,M,2013,0,0,1
32705,M,1988,1,1,0
32706,M,1962,0,1,0
32707,M,1965,0,0,0
32708,M,1980,0,0,0
32709,M,1960,0,0,0
32710,M,1993,0,1,0
32711,F,1943,0,0,0
32712,M,1930,0,0,0
32713,F,1950,0,0,0
32714,M,1984,0,0,0
32715,F,1997,0,0,0
32716,F,2004,0,0,0
32717,F,1981,0,0,0
32718,F,2004,0,0,1
32719,M,1975,0,1,1
32720,M,1984,0,1,1
32721,M,1997,0,0,0
32722,F,1979,0,0,0
32723,M,1976,0,0,1
32724,F,1968,1,0,0
32725,M,1982,0,0,0
32726,F,1971,0,0,1
32727,M,1946,0,0,0
32728,F,2003,1,0,0
32729,F,2003,0,0,0
32730,F,1961,0,0,1
32731,F,1993,0,0,1
32732,F,1945,0,0,0
32733,M,1955,0,1,0
32734,F,1944,0,1,0
32735,M,2008,0,0,0
32736,F,1983,0,0,0
32737,M,1970,0,0,0
32738,M,2001,0,0,0
32739,M,1985,0,0,1
32740,M,1974,1,0,0
32741,F,1996,0,0,0
32742,F,2001,1,0,0
32743,F,1989,0,0,0
32744,M,1942,0,1,0
32745,M,1969,0,0,1
32746,M,1977,0,0,0
32747,M,1957,0,0,1
32748,F,1983,0,0,0
32749,F,1992,0,0,1
32750,M,2000,0,0,1
32751,F,1987,0,1,0
32752,F,1964,0,0,0
32753,M,2016,0,0,0
32754,M,1992,0,0,0
32755,M,1985,0,0,0
32756,M,1992,0,0,0
32757,F,2012,0,1,0
32758,F,1956,0,1,0
32759,M,1970,1,1,1
32760,M,1991,1,0,0
32761,M,1958,0,1,1
32762,F,2006,0,1,0
32763,M,1969,0,0,1
32764,M,1998,0,0,0
32765,M,1967,0,0,0
32766,F,1976,0,0,1
32767,F,1975,0,0,0
32768,F,1974,0,1,0
32769,M,1985,0,1,0
32770,M,1976,0,0,0
32771,F,2003,0,0,0
32772,F,1985,0,0,0
32773,F,2004,0,0,0
32774,M,1931,0,0,1
32775,F,1998,0,1,0
32776,F,1939,0,0,0
32777,M,1953,0,1,0
32778,F,1989,0,0,0
32779,F,1995,0,0,0
32780,M,1987,0,0,1
32781,M,1930,0,0,1
32782,F,1991,0,1,1
32783,M,1946,1,1,1
32784,F,1939,1,0,0
32785,M,1994,0,0,0
32786,M,1985,0,0,1
32787,M,2008,0,0,0
32788,M,1977,0,0,1
32789,M,1977,0,0,0
32790,F,1983,0,1,0
32791,F,1986,0,0,1
32792,F,1962,0,0,0
32793,M,1953,0,0,1
32794,F,1958,0,0,1
32795,M,1983,1,0,1
32796,F,1965,1,0,0
32797,M,1981,0,0,0
32798,F,1988,0,0,0
32799,F,1980,0,0,0
32800,F,1991,0,1,0
32801,M,1999,0,0,1
32802,F,1944,0,1,0
32803,M,1961,0,1,0
32804,M,1998,1,0,1
32805,F,1996,0,0,0
32806,M,1975,0,0,0
32807,M,1981,1,1,0
32808,M,1992,0,1,0
32809,F,1989,0,0,0
32810,F,1995,0,0,0
32811,M,1974,0,0,1
32812,M,1955,0,0,0
32813,M,1980,0,0,1
32814,F,1986,0,0,0
32815,M,2000,0,0,0
32816,F,2006,0,0,0
32817,M,2003,0,0,0
32818,M,1974,0,0,0
32819,M,1973,0,0,1
32820,M,2010,0,0,1
32821,F,2004,0,0,0
32822,F,1991,0,1,0
32823,M,1990,0,1,1
32824,F,1930,0,0,0
32825,M,2012,0,0,0
32826,F,1987,0,0,0
32827,M,2006,0,0,0
32828,F,1975,1,0,0
32829,M,1993,0,0,1
32830,M,1990,0,0,0
32831,M,2017,0,0,0
32832,F,1964,0,0,1
32833,F,1930,0,0,0
32834,M,1984,0,0,0
32835,F,1980,0,0,0
32836,M,1960,0,0,1
32837,M,1982,0,0,0
32838,M,1982,1,0,0
32839,M,1964,0,0,1
32840,M,2011,0,0,0
32841,F,1976,0,0,0
32842,F,1994,0,0,0
32843,F,1946,0,0,0
32844,M,1976,0,0,0
32845,F,1994,1,0,0
32846,M,1969,0,1,1
32847,F,1960,0,1,0
32848,F,1982,0,0,0
32849,M,1939,0,0,0
32850,M,1948,0,0,1
32851,F,1977,1,0,0
32852,F,1992,1,0,0
32853,F,2011,0,0,0
32854,M,1988,0,0,0
32855,M,1993,1,0,1
32856,M,1977,0,0,0
32857,F,1984,0,0,0
32858,F,1981,1,0,0
32859,F,1977,0,0,1
32860,F,1952,1,0,1
32861,M,1991,1,0,1
32862,F,1990,0,0,1
32863,F,1965,0,0,0
32864,F,1937,0,0,1
32865,F,1972,0,0,0
32866,F,1930,1,0,1
32867,M,1983,0,0,1
32868,M,1970,0,0,0
32869,F,1991,0,0,0
32870,F,1930,1,0,1
32871,F,1959,0,0,0
32872,F,1974,0,0,0
32873,M,1930,0,0,1
32874,F,1992,0,0,0
32875,M,2013,0,0,1
32876,F,1998,0,0,0
32877,M,1994,0,1,1
32878,F,1972,0,0,1
32879,F,1961,0,0,1
32880,M,2006,0,0,0
32881,F,1969,1,0,0
32882,F,2012,0,1,1
32883,M,2001,0,0,0
32884,F,1955,0,0,0
32885,F,1937,0,0,0
32886,M,1954,0,0,0
32887,F,1988,0,0,1
32888,M,1996,0,0,1
32889,F,1950,0,0,1
32890,M,1998,0,0,0
32891,F,1968,1,0,0
32892,F,1992,0,0,1
32893,M,1971,0,0,0
32894,M,2006,0,0,0
32895,M,1934,0,0,0
32896,F,2005,0,0,0
32897,F,1999,0,0,0
32898,F,1977,0,1,0
32899,F,1941,1,0,1
32900,M,2002,1,0,0
32901,F,1988,0,1,1
32902,M,1982,0,0,1
32903,M,1954,0,0,1
32904,F,2004,0,0,0
32905,M,1965,1,1,0
32906,F,1946,0,1,0
32907,F,1975,0,0,0
32908,F,2008,0,0,0
32909,M,1962,0,0,0
32910,M,1943,0,0,1
32911,M,1988,0,1,1
32912,M,2006,0,0,1
32913,M,1974,0,0,0
32914,M,1983,0,1,1
32915,F,2002,0,0,0
32916,F,1963,0,0,0
32917,M,1973,1,1,0
32918,M,1983,1,0,0
32919,M,1986,1,0,0
32920,F,1974,0,0,0
32921,M,2001,0,0,0
32922,F,1954,1,1,1
32923,F,1945,0,0,1
32924,M,1986,1,0,0
32925,M,1989,0,0,0
32926,M,1998,1,0,1
32927,M,2005,0,0,0
32928,M,1991,0,0,0
32929,M,1980,0,0,1
32930,M,1962,0,0,0
32931,M,2003,0,0,0
32932,M,1985,0,0,0
32933,M,1983,0,1,0
32934,M,1969,0,0,0
32935,F,1994,0,0,0
32936,M,1940,1,1,0
32937,F,1956,0,1,0
32938,M,1977,1,0,0
32939,F,1944,0,0,1
32940,F,1968,0,0,0
32941,F,1949,1,0,0
32942,F,1959,0,0,0
32943,F,2010,0,0,1
32944,M,1972,1,0,0
32945,F,1971,1,0,1
32946,M,1976,0,0,0
32947,M,1930,0,1,1
32948,M,1954,0,0,1
32949,M,1979,0,1,1
32950,M,1941,0,0,1
32951,M,1994,0,0,0
32952,F,1975,0,1,1
32953,F,1993,0,0,0
32954,F,1980,1,1,0
32955,M,1988,0,0,1
32956,M,1979,0,0,0
32957,F,1994,0,0,0
32958,F,1975,0,0,0
32959,M,2004,0,0,0
32960,M,1987,0,0,0
32961,F,1992,0,0,1
32962,F,2017,0,0,0
32963,M,1951,0,0,0
32964,M,1930,0,0,1
32965,F,1969,0,0,0
32966,F,1981,0,0,0
32967,M,1992,0,1,0
32968,F,1975,0,0,0
32969,F,1963,0,0,0
32970,F,1953,0,0,0
32971,M,1962,1,0,1
32972,M,1994,0,0,0
32973,F,1990,1,0,0
32974,F,2001,0,0,0
32975,F,1996,0,0,1
32976,M,1963,0,0,0
32977,M,1982,1,0,0
32978,F,1962,0,1,1
32979,F,1956,0,1,0
32980,M,1978,0,0,1
32981,M,1960,0,0,1
32982,F,1986,0,0,0
32983,M,1977,0,0,1
32984,M,2005,0,0,0
32985,F,1987,1,0,0
32986,F,1996,0,0,0
32987,F,2007,0,0,1
32988,F,1973,0,0,1
32989,F,1984,0,0,0
32990,M,1989,1,0,1
32991,F,1988,0,1,1
32992,M,2004,0,0,0
32993,F,1966,0,0,0
32994,M,1966,1,0,1
32995,F,1994,1,0,0
32996,M,2001,1,0,0
32997,M,1972,1,0,1
32998,M,1938,0,1,0
32999,F,1980,0,0,0
33000,M,1962,0,0,0
33001,M,1990,0,0,0
33002,M,1976,1,0,1
33003,F,2012,0,0,0
33004,F,1992,0,0,0
33005,F,2002,0,0,0
33006,F,1930,0,0,1
33007,F,1982,0,0,0
33008,M,1930,1,0,1
33009,M,1982,1,0,0
33010,M,1973,0,0,1
33011,F,1984,0,0,1
33012,F,1989,0,0,0
33013,M,1974,1,0,0
33014,M,1964,0,1,1
33015,F,1998,0,0,0
33016,M,1990,1,0,0
33017,F,2005,0,0,0
33018,F,2009,1,0,0
33019,M,1964,0,1,0
33020,F,1967,0,0,1
33021,M,1986,0,0,0
33022,M,1967,1,0,1
33023,M,1962,0,0,1
33024,F,1952,0,0,1
33025,F,2012,0,0,0
33026,M,1981,0,0,0
33027,F,2002,0,0,0
33028,F,1996,0,0,0
33029,F,1997,0,0,0
33030,F,1975,0,0,1
33031,M,1993,0,0,0
33032,F,2012,0,0,0
33033,M,1970,0,0,1
33034,M,2002,0,0,0
33035,F,2001,1,0,0
33036,M,1930,0,0,1
33037,F,1943,0,0,1
33038,F,1993,0,0,1
33039,M,1999,0,0,0
33040,F,1965,0,0,0
33041,F,1930,0,0,0
33042,M,1933,0,0,1
33043,M,2020,0,0,0
33044,M,1962,0,0,0
33045,M,1933,0,0,1
33046,M,1969,1,1,0
33047,F,1936,0,0,0
33048,M,1995,0,0,0
33049,M,1953,0,0,1
33050,F,1983,0,0,0
33051,M,1963,0,0,0
33052,F,1931,1,0,1
33053,M,1988,0,0,0
33054,F,1996,0,0,0
33055,F,1949,0,0,0
33056,F,1975,0,0,0
33057,M,2012,0,0,0
33058,M,1973,0,0,1
33059,M,1997,0,0,0
33060,F,1965,0,0,1
33061,M,1956,0,1,0
33062,M,1993,1,0,0
33063,M,1983,0,0,0
33064,M,1992,0,0,1
33065,M,1968,0,0,1
33066,M,1943,0,1,0
33067,M,2020,0,0,0
33068,M,1991,0,0,1
33069,M,1930,1,0,0
33070,F,1985,0,0,0
33071,F,1975,0,0,0
33072,F,1930,1,1,0
33073,M,1930,0,0,1
33074,F,1967,0,0,1
33075,M,1984,0,0,0
33076,M,1957,1,0,1
33077,M,1993,0,0,1
33078,F,1991,0,0,0
33079,M,2002,1,1,0
33080,M,1995,0,0,0
33081,M,1985,0,0,0
33082,M,1969,0,0,0
33083,M,1966,0,0,0
33084,F,1987,0,0,0
33085,F,1974,0,0,1
33086,M,1940,0,1,1
33087,F,1959,0,0,1
33088,F,1997,0,0,0
33089,F,1981,0,0,0
33090,M,1946,0,0,1
33091,F,1994,0,0,0
33092,F,1998,0,0,0
33093,F,1993,0,0,0
33094,F,1984,0,0,0
33095,F,1997,0,0,0
33096,M,1992,1,1,0
33097,F,1938,0,0,1
33098,F,1944,0,0,1
33099,F,2013,0,0,0
33100,F,2008,0,0,0
33101,F,1959,0,0,0
33102,M,1993,0,0,0
33103,M,1998,0,0,0
33104,M,1971,0,1,1
33105,M,1964,0,0,0
33106,F,1960,1,0,0
33107,M,2010,0,1,0
33108,F,1962,0,0,0
33109,M,1969,0,0,1
33110,M,1986,0,0,0
33111,M,1954,0,1,1
33112,M,1956,0,0,0
33113,M,1949,0,0,1
33114,M,1998,0,0,0
33115,F,1998,0,0,0
33116,F,1930,0,0,1
33117,F,1949,1,0,1
33118,F,1993,1,0,0
33119,M,1986,0,0,1
33120,F,1963,0,0,0
33121,F,1959,0,0,1
33122,M,2010,0,0,0
33123,M,1972,0,0,0
33124,F,1956,0,0,1
33125,F,1992,0,0,1
33126,M,2010,0,0,0
33127,F,1961,1,0,1
33128,M,2004,0,0,0
33129,F,1942,1,0,1
33130,M,2000,0,0,0
33131,F,1975,0,1,1
33132,F,2009,0,0,1
33133,F,1976,0,0,0
33134,M,1981,0,0,1
33135,M,1987,0,0,0
33136,M,1992,0,0,0
33137,F,1986,0,0,1
33138,M,1991,0,0,1
33139,M,1963,0,0,1
33140,M,1974,0,0,1
33141,M,1977,0,0,0
33142,M,1975,0,0,1
33143,F,1989,0,0,0
33144,M,1970,1,0,1
33145,M,1956,1,0,1
33146,F,1967,0,1,0
33147,F,1957,0,0,1
33148,F,1964,0,0,0
33149,F,1971,0,1,0
33150,M,2002,0,0,0
33151,M,1995,0,0,1
33152,M,2009,0,0,0
33153,F,1956,0,1,1
33154,F,2002,1,0,0
33155,F,1996,0,0,1
33156,F,1988,0,0,0
33157,M,1988,1,0,0
33158,M,1984,0,0,1
33159,F,1955,1,1,1
33160,F,1972,0,0,0
33161,F,1966,0,0,0
33162,M,1998,0,0,0
33163,F,1965,0,1,1
33164,F,1999,0,0,0
33165,F,1985,0,1,1
33166,M,1993,0,0,0
33167,M,1992,1,0,1
33168,M,1930,0,1,0
33169,F,1990,0,0,0
33170,M,2011,0,0,0
33171,F,1958,0,0,1
33172,F,1983,0,0,0
33173,M,1967,0,1,1
33174,M,1996,0,0,0
33175,M,1984,0,0,1
33176,F,1981,1,0,0
33177,M,1981,1,0,0
33178,F,1983,0,0,1
33179,M,1960,0,1,0
33180,M,1955,0,0,1
33181,M,1997,0,1,0
33182,F,1957,0,0,0
33183,M,1995,0,0,0
33184,F,1969,1,0,0
33185,M,2012,0,0,0
33186,F,1959,0,0,0
33187,M,1972,0,0,1
33188,M,1994,0,0,0
33189,F,1979,0,0,0
33190,M,1983,0,0,1
33191,M,1977,0,1,0
33192,M,1976,0,0,1
33193,F,1983,0,0,0
33194,F,1937,0,0,0
33195,M,1990,0,0,0
33196,F,1969,0,0,0
33197,F,1973,0,1,0
33198,M,1988,1,0,0
33199,M,1942,0,1,0
33200,F,1998,0,0,0
33201,F,1964,0,0,1
33202,M,1970,0,0,0
33203,M,1972,1,0,1
33204,M,1979,0,0,1
33205,F,1957,0,0,0
33206,F,2003,0,0,0
33207,F,1995,0,0,1
33208,M,1971,0,0,1
33209,F,1994,1,0,0
33210,M,1997,0,0,1
33211,M,1947,0,1,1
33212,M,1945,0,0,1
33213,M,1969,0,0,0
33214,F,1993,0,0,0
33215,M,1990,0,0,0
33216,F,1975,0,0,0
33217,M,1985,0,0,1
33218,F,1963,0,1,0
33219,M,2000,0,0,1
33220,F,2000,0,1,1
33221,M,1983,0,0,0
33222,M,1945,0,0,0
33223,M,1970,0,0,1
33224,M,1978,0,0,0
33225,F,1978,0,0,0
33226,M,1946,0,1,1
33227,F,1930,1,1,0
33228,F,2001,1,0,0
33229,M,1975,0,0,1
33230,F,1973,1,0,0
33231,M,1989,0,0,1
33232,M,1996,0,0,0
33233,F,2010,0,0,0
33234,F,1979,0,0,1
33235,M,1930,0,0,0
33236,F,1957,0,0,0
33237,F,1979,0,0,1
33238,F,1971,0,1,0
33239,F,1980,0,1,1
33240,M,1980,0,0,0
33241,F,1957,0,1,0
33242,F,1978,0,0,1
33243,F,2001,0,0,0
33244,F,1998,0,1,0
33245,F,1989,0,0,0
33246,M,1972,0,0,0
33247,F,1997,0,0,0
33248,F,2010,0,0,0
33249,M,1987,0,0,0
33250,F,1968,0,1,0
33251,M,1954,1,0,0
33252,M,1995,0,0,1
33253,M,1984,0,0,0
33254,F,2000,0,0,0
33255,F,1991,1,0,0
33256,F,2008,1,0,1
33257,M,2003,0,0,1
33258,F,2004,0,0,0
33259,M,1952,0,0,1
33260,M,1997,0,0,0
33261,M,1962,0,0,0
33262,F,2003,0,0,0
33263,F,1982,0,0,1
33264,F,1975,0,0,0
33265,F,1970,1,0,0
33266,F,2011,0,0,0
33267,F,1969,0,0,1
33268,F,1965,0,1,1
33269,M,2016,0,0,0
33270,F,1999,1,0,0
33271,F,1967,0,0,1
33272,F,1932,0,0,1
33273,F,1968,1,0,1
33274,M,2015,0,0,0
33275,F,1969,1,0,0
33276,M,2003,0,0,0
33277,M,1975,0,0,1
33278,M,1967,0,0,1
33279,F,1975,0,0,0
33280,M,1959,0,1,0
33281,F,1996,0,0,1
33282,F,1966,1,0,0
33283,M,1989,0,0,0
33284,M,1967,0,0,0
33285,F,2001,0,0,0
33286,F,1994,0,0,0
33287,M,1962,0,0,1
33288,F,1983,0,1,1
33289,M,1996,0,0,0
33290,M,1961,0,0,0
33291,F,1994,0,0,0
33292,F,1971,0,0,1
33293,F,1993,0,0,0
33294,M,1932,0,1,1
33295,F,1978,0,0,1
33296,M,1982,0,0,0
33297,M,1955,0,1,0
33298,M,1995,0,0,0
33299,M,1963,0,0,1
33300,M,1997,0,0,1
33301,M,1983,0,0,0
33302,F,1992,0,0,1
33303,F,2003,1,0,0
33304,M,2002,0,0,0
33305,F,1992,1,0,0
33306,F,1965,1,1,0
33307,F,1930,0,0,1
33308,F,2002,0,0,1
33309,M,1984,0,0,0
33310,M,1988,1,0,0
33311,M,1964,0,0,0
33312,M,1945,0,0,0
33313,M,1977,0,0,0
33314,M,2001,1,0,0
33315,M,1988,0,0,0
33316,F,1970,1,0,0
33317,M,1987,0,0,0
33318,M,1999,0,0,0
33319,F,1981,0,0,1
33320,M,1986,0,0,0
33321,F,2008,1,0,0
33322,F,1975,0,0,0
33323,F,1962,1,0,0
33324,F,1947,0,0,0
33325,F,1930,0,1,1
33326,M,1930,0,0,1
33327,M,2005,0,0,0
33328,M,1973,0,1,1
33329,F,2010,0,1,0
33330,M,1976,0,1,0
33331,F,1966,0,0,0
33332,F,2004,0,0,0
33333,F,1930,0,0,1
33334,M,2004,1,0,0
33335,M,2000,0,0,0
33336,F,1965,1,0,1
33337,F,1972,0,0,0
33338,F,1972,0,0,0
33339,F,2017,0,0,0
33340,F,1970,0,0,0
33341,F,1974,0,0,0
33342,F,1992,0,0,0
33343,M,2008,0,0,0
33344,F,1982,0,0,0
33345,M,1962,0,0,0
33346,F,1951,1,0,1
33347,F,1988,0,0,0
33348,M,1946,0,1,0
33349,M,2009,1,0,1
33350,F,1961,1,0,0
33351,F,1983,0,1,1
33352,F,2009,1,0,0
33353,F,1952,1,0,0
33354,M,1982,1,1,1
33355,F,1959,0,1,0
33356,M,1984,0,0,1
33357,M,1985,0,0,0
33358,F,1993,0,0,0
33359,F,1981,1,0,1
33360,F,1971,0,0,0
33361,F,1984,0,0,1
33362,M,2003,0,0,0
33363,M,1973,0,1,0
33364,F,1973,0,0,1
33365,F,2004,0,0,0
33366,M,1994,0,0,1
33367,M,2005,0,0,0
33368,M,1981,0,0,0
33369,M,1966,0,0,1
33370,F,1969,0,0,0
33371,F,2008,0,0,0
33372,F,1982,0,0,1
33373,M,2001,0,0,0
33374,M,2005,1,1,1
33375,M,1982,0,0,1
33376,F,1992,1,0,0
33377,F,1930,1,0,0
33378,F,1930,1,0,1
33379,F,1966,0,0,0
33380,F,1993,0,0,0
33381,M,2011,0,0,0
33382,M,1994,1,0,0
33383,F,1961,0,1,1
33384,F,1990,0,1,0
33385,M,2008,0,0,0
33386,M,1939,0,0,1
33387,F,1999,0,0,0
33388,F,1997,0,1,0
33389,M,1948,0,0,1
33390,F,1977,0,0,0
33391,M,1976,0,1,1
33392,F,1975,0,0,1
33393,F,2001,0,0,0
33394,M,1967,0,1,0
33395,F,1956,0,0,0
33396,M,1980,1,0,1
33397,M,1986,0,0,0
33398,M,1945,0,0,0
33399,M,1960,1,1,0
33400,F,1998,0,0,0
33401,M,1963,1,0,0
33402,F,1985,0,1,0
33403,F,1976,0,0,0
33404,M,1930,0,0,0
33405,F,2008,1,0,1
33406,F,2013,0,0,0
33407,F,1994,1,0,1
33408,M,1986,0,0,0
33409,M,1997,0,0,1
33410,M,1967,0,1,0
33411,F,1971,0,0,0
33412,M,1981,0,0,1
33413,F,1974,0,0,0
33414,M,1975,0,0,0
33415,M,1941,1,0,1
33416,F,2000,0,0,0
33417,F,1977,0,1,0
33418,F,1949,0,1,1
33419,M,1987,0,0,0
33420,M,1982,0,1,0
33421,M,1961,0,0,1
33422,M,2012,0,0,0
33423,M,1955,0,0,1
33424,F,1973,1,0,1
33425,M,1964,0,0,0
33426,M,1966,1,1,1
33427,M,2007,0,0,0
33428,M,2005,0,0,0
33429,M,2015,0,0,0
33430,F,2007,0,0,0
33431,M,2001,0,0,0
33432,M,1981,0,1,1
33433,F,1947,0,1,1
33434,M,1988,0,1,0
33435,M,1983,0,0,0
33436,F,1985,0,0,0
33437,F,1970,1,0,0
33438,F,1995,0,0,1
33439,M,1984,0,0,1
33440,M,1959,0,0,1
33441,F,1945,0,0,1
33442,M,1948,0,0,1
33443,F,1953,0,0,0
33444,M,1951,0,0,1
33445,F,1981,0,0,1
33446,F,1995,0,0,1
33447,F,1974,0,0,0
33448,M,1971,0,0,0
33449,F,1988,0,0,0
33450,M,1994,0,0,0
33451,F,1950,1,0,1
33452,M,1982,1,1,0
33453,M,1989,0,0,1
33454,F,1987,0,0,1
33455,M,1977,0,0,0
33456,F,1995,0,0,0
33457,M,1971,0,0,1
33458,M,2018,0,0,0
33459,M,2004,0,0,0
33460,M,1990,0,0,1
33461,F,1969,0,0,0
33462,F,1989,0,0,0
33463,M,1956,0,0,1
33464,M,1946,1,1,0
33465,F,1985,0,0,0
33466,F,1999,0,0,1
33467,F,1984,0,0,1
33468,F,1958,0,1,0
33469,F,2000,0,0,1
33470,F,1967,0,0,0
33471,F,1985,0,1,0
33472,F,1964,0,0,0
33473,F,1972,0,0,1
33474,M,1993,0,0,0
33475,F,1985,0,0,0
33476,M,1970,0,0,1
33477,M,1959,1,0,0
33478,M,1985,0,0,1
33479,F,1958,0,0,0
33480,F,1930,0,1,1
33481,F,1955,0,0,0
33482,F,1982,0,0,0
33483,F,1983,0,0,0
33484,M,2006,0,1,0
33485,M,1986,0,0,0
33486,M,1966,0,0,0
33487,F,1959,0,0,1
33488,F,2001,0,0,1
33489,M,1972,0,0,0
33490,F,1952,0,1,0
33491,F,2001,1,0,0
33492,M,1976,0,0,0
33493,M,1993,0,0,0
33494,M,2004,0,0,0
33495,M,1985,0,0,0
33496,F,2007,0,0,0
33497,F,1993,1,0,0
33498,F,1981,0,0,0
33499,M,1959,0,1,0
33500,F,2000,0,0,1
33501,M,1987,0,0,0
33502,M,1958,0,0,1
33503,M,1996,0,0,0
33504,M,2003,1,0,0
33505,F,1947,0,0,1
33506,M,1983,0,0,1
33507,F,1957,1,0,1
33508,M,1994,0,0,0
33509,F,1965,0,1,1
33510,M,1957,0,0,0
33511,F,1992,0,0,1
33512,F,1967,0,0,0
33513,M,1995,0,0,0
33514,M,1948,0,0,1
33515,F,1995,1,0,1
33516,M,1945,0,0,0
33517,M,1972,0,0,0
33518,F,1987,0,0,0
33519,F,1940,1,0,0
33520,M,1993,0,0,0
33521,M,1930,1,0,0
33522,F,1967,1,0,0
33523,F,2002,0,0,0
33524,M,1990,0,0,0
33525,M,1986,0,0,1
33526,M,1930,1,0,0
33527,M,1950,0,0,1
33528,F,1959,0,0,0
33529,F,1992,0,0,0
33530,M,1984,0,0,0
33531,M,1966,0,1,1
33532,M,1965,1,0,1
33533,F,1942,0,0,1
33534,M,1983,0,1,0
33535,M,1985,0,1,0
33536,F,1966,1,0,1
33537,M,1940,0,1,0
33538,M,2021,0,0,0
33539,F,2007,1,0,0
33540,M,1965,0,0,0
33541,F,1990,0,0,0
33542,M,1997,0,0,0
33543,F,2005,0,0,0
33544,F,1996,0,0,0
33545,M,1979,0,1,0
33546,M,1985,0,0,0
33547,M,1982,1,0,0
33548,F,1983,0,0,0
33549,F,1969,0,0,1
33550,M,1966,0,0,0
33551,F,2000,0,0,1
33552,F,1988,1,0,1
33553,F,1930,0,0,0
33554,F,2000,0,0,1
33555,M,1976,0,1,1
33556,M,1963,1,0,1
33557,M,1952,0,0,0
33558,F,1969,0,0,0
33559,F,1987,0,1,0
33560,M,1993,1,0,0
33561,M,1970,0,0,0
33562,F,1960,0,1,0
33563,M,1942,0,0,1
33564,F,1948,0,0,1
33565,M,1957,0,0,0
33566,M,2004,0,1,0
33567,F,2000,1,0,0
33568,M,1930,0,0,0
33569,M,1983,0,0,0
33570,F,1973,1,1,0
33571,M,2013,0,0,0
33572,M,1956,0,0,1
33573,F,1978,0,0,1
33574,F,1979,0,0,1
33575,F,1930,0,0,1
33576,M,1969,0,0,0
33577,F,1985,0,0,0
33578,F,1979,0,0,0
33579,F,1992,0,0,1
33580,F,1999,1,0,0
33581,F,1983,0,0,0
33582,M,2006,0,0,0
33583,M,1988,0,1,0
33584,F,2014,0,0,1
33585,F,1957,0,1,1
33586,M,1930,0,0,1
33587,F,1983,0,1,0
33588,M,1997,0,0,0
33589,M,1976,0,0,1
33590,F,1952,1,0,0
33591,M,1994,0,0,0
33592,M,1965,1,0,1
33593,F,2005,1,0,1
33594,F,1976,0,0,1
33595,M,1963,0,0,1
33596,F,2007,0,0,0
33597,M,1962,0,0,0
33598,F,1985,0,0,1
33599,F,1936,1,0,1
33600,F,1977,0,0,0
33601,M,1961,0,0,0
33602,M,1930,0,0,0
33603,F,1985,0,1,1
33604,F,2011,0,0,0
33605,F,1997,0,0,1
33606,F,1980,1,1,1
33607,M,1930,0,0,0
33608,F,1937,0,0,0
33609,F,1994,1,0,0
33610,F,1986,1,0,0
33611,F,1964,0,0,0
33612,M,1946,0,0,1
33613,F,2007,0,0,0
33614,F,1964,0,1,0
33615,F,1980,1,0,0
33616,F,2009,0,1,0
33617,F,1989,0,0,0
33618,M,1993,0,1,0
33619,F,1993,0,0,0
33620,M,1946,0,0,0
33621,M,1971,1,0,1
33622,F,1989,0,0,1
33623,F,1993,0,0,0
33624,F,1975,0,0,0
33625,M,1990,0,0,1
33626,M,1963,0,0,0
33627,F,1984,0,0,0
33628,F,2011,0,0,0
33629,F,2006,0,0,0
33630,M,1995,0,0,0
33631,F,1985,0,1,0
33632,M,1971,0,0,1
33633,M,1973,0,0,1
33634,M,1933,0,0,1
33635,M,2016,0,0,0
33636,F,2018,0,0,0
33637,F,2008,0,0,0
33638,M,1999,0,0,0
33639,F,1961,0,1,1
33640,F,1975,0,1,0
33641,F,2008,0,0,0
33642,F,1999,0,0,1
33643,F,1998,0,0,0
33644,F,2001,0,0,0
33645,M,1990,0,0,0
33646,M,1994,0,0,1
33647,F,1993,0,0,0
33648,M,2007,0,0,0
33649,F,1972,0,0,0
33650,M,1984,1,1,0
33651,F,1996,0,0,0
33652,F,2004,0,0,0
33653,F,1991,0,0,0
33654,F,2011,0,0,0
33655,M,1975,0,0,1
33656,M,1973,0,0,1
33657,F,1985,0,0,0
33658,M,1935,1,1,1
33659,M,1972,0,0,0
33660,M,1964,0,0,1
33661,M,1974,0,0,1
33662,F,1974,0,0,0
33663,M,1980,1,0,1
33664,M,1965,0,0,0
33665,F,1982,0,0,1
33666,F,2003,0,0,0
33667,M,1961,0,0,0
33668,F,1975,0,0,1
33669,M,2002,0,0,1
33670,F,1986,0,0,1
33671,M,2009,0,0,0
33672,M,1947,0,0,1
33673,F,1976,0,0,0
33674,F,2005,0,0,0
33675,F,1988,1,0,0
33676,M,2003,0,0,0
33677,M,1994,0,0,1
33678,F,1973,0,0,0
33679,M,1962,0,1,1
33680,F,2005,0,0,0
33681,F,1947,0,0,1
33682,M,1955,0,0,0
33683,M,1992,0,0,1
33684,M,1998,0,0,0
33685,M,1967,0,1,0
33686,M,1930,0,0,1
33687,M,1984,0,0,0
33688,F,1994,0,0,0
33689,F,1996,0,0,1
33690,M,2019,0,0,0
33691,M,2000,0,0,0
33692,F,2018,0,0,0
33693,M,1961,0,0,1
33694,F,1951,1,0,1
33695,M,1993,1,0,0
33696,F,1986,0,0,0
33697,F,1999,0,0,0
33698,F,1998,0,0,0
33699,F,1986,0,0,0
33700,M,1978,1,0,1
33701,F,1932,0,0,1
33702,F,2008,0,0,0
33703,M,1988,0,0,0
33704,M,1979,0,0,1
33705,M,1990,0,0,0
33706,M,1972,0,0,0
33707,F,1958,0,0,0
33708,F,1990,0,0,0
33709,M,1987,1,0,0
33710,F,1995,0,0,0
33711,F,1970,0,0,0
33712,M,2001,0,0,1
33713,F,1961,0,1,0
33714,M,1997,0,1,0
33715,F,1976,0,0,0
33716,M,1930,1,1,1
33717,F,1977,1,0,0
33718,F,1945,0,1,0
33719,F,2010,0,0,0
33720,F,1957,0,0,0
33721,M,2000,0,0,0
33722,M,1959,0,0,1
33723,F,2002,0,0,0
33724,F,1983,0,0,1
33725,M,1993,1,0,1
33726,F,1961,1,0,0
33727,F,2003,0,0,1
33728,M,2008,0,0,0
33729,F,1979,0,0,0
33730,F,2002,1,0,0
33731,F,1973,0,0,1
33732,M,1976,0,0,1
33733,F,1984,0,0,1
33734,M,1983,1,0,0
33735,F,1974,0,0,1
33736,M,1986,1,0,0
33737,M,1996,0,0,0
33738,M,1988,0,0,0
33739,F,1988,1,0,0
33740,F,1982,0,0,0
33741,F,1930,0,1,0
33742,M,1988,1,0,1
33743,M,1946,1,1,0
33744,F,1957,0,0,0
33745,F,2000,0,0,0
33746,F,2003,0,0,0
33747,M,1979,0,0,1
33748,M,1958,0,0,0
33749,F,1986,1,0,0
33750,M,1979,1,0,0
33751,F,1980,0,0,0
33752,F,1937,0,0,1
33753,F,1961,0,0,0
33754,M,1993,0,0,0
33755,M,2007,0,1,0
33756,F,1984,1,0,0
33757,M,1986,1,1,1
33758,F,1930,0,0,1
33759,F,1982,1,0,0
33760,M,1982,0,1,0
33761,F,1990,0,0,0
33762,F,1991,1,0,1
33763,M,1961,1,0,0
33764,M,1964,0,1,0
33765,F,1988,0,1,0
33766,M,1969,1,0,1
33767,M,1980,1,1,0
33768,M,1979,1,0,0
33769,M,1999,1,0,0
33770,M,1967,0,1,0
33771,M,1988,0,0,1
33772,F,1950,0,1,1
33773,F,2006,0,1,0
33774,M,1989,0,0,0
33775,M,2005,0,0,1
33776,M,1959,0,0,1
33777,F,1975,0,0,0
33778,F,2006,0,0,0
33779,M,1980,0,0,0
33780,F,1987,0,0,0
33781,M,1990,0,0,0
33782,F,1983,0,1,0
33783,M,2008,0,1,1
33784,F,1930,0,0,0
33785,F,1930,0,0,1
33786,F,1980,0,0,0
33787,F,1986,0,0,0
33788,M,2007,0,0,0
33789,F,1979,0,0,0
33790,M,1930,0,1,1
33791,M,1973,0,0,0
33792,F,1989,1,1,0
33793,M,2000,0,1,0
33794,F,1982,0,0,0
33795,M,1931,1,0,1
33796,F,1988,0,1,0
33797,M,1952,1,0,1
33798,F,1986,1,0,0
33799,M,2011,0,0,0
33800,M,2008,0,0,0
33801,M,1967,0,0,0
33802,F,1980,0,1,0
33803,F,1956,0,0,0
33804,F,1984,0,0,0
33805,F,1953,0,0,0
33806,F,1969,0,0,1
33807,F,2005,0,0,0
33808,M,1988,0,0,0
33809,M,1994,0,0,0
33810,M,2001,0,0,0
33811,F,1986,0,0,0
33812,M,1954,0,0,0
33813,M,1993,0,1,0
33814,F,2002,0,0,1
33815,F,1960,0,1,1
33816,F,1980,0,0,0
33817,F,2010,0,0,0
33818,F,1971,0,0,0
33819,F,1971,0,1,0
33820,F,1984,0,1,0
33821,F,2006,0,0,0
33822,F,1995,0,0,1
33823,F,1990,0,0,1
33824,M,1984,0,1,1
33825,F,2002,0,0,0
33826,F,1964,0,1,1
33827,M,1930,0,1,0
33828,M,2000,0,0,0
33829,F,1995,0,0,1
33830,F,1997,0,0,1
33831,M,1930,0,0,1
33832,M,1977,1,0,0
33833,F,1952,0,0,1
33834,M,1974,0,0,0
33835,M,2005,0,0,0
33836,F,2000,0,0,0
33837,M,1997,1,0,1
33838,M,1995,0,0,1
33839,F,1964,1,0,0
33840,M,1930,0,0,1
33841,F,1987,0,0,0
33842,F,1980,0,1,0
33843,M,1984,0,0,0
33844,F,2007,1,0,0
33845,F,1943,0,1,0
33846,M,1968,0,0,0
33847,F,1986,0,0,1
33848,M,1930,0,0,1
33849,F,2010,0,0,1
33850,F,1962,1,1,1
33851,F,1984,1,0,0
33852,M,1991,1,0,1
33853,F,1993,0,1,0
33854,M,1987,1,0,0
33855,F,1989,0,0,0
33856,M,1972,0,0,1
33857,M,1977,0,0,1
33858,M,1946,0,1,0
33859,F,1989,0,0,0
33860,M,1932,0,1,1
33861,M,1937,0,1,1
33862,F,1993,0,0,1
33863,F,1930,1,0,1
33864,F,1998,1,0,0
33865,F,1962,0,0,0
33866,F,1973,0,0,0
33867,F,1994,0,0,0
33868,F,1973,1,0,0
33869,F,1994,0,0,0
33870,F,1977,0,0,0
33871,F,1981,1,1,0
33872,F,1992,0,1,0
33873,F,1930,1,0,0
33874,F,1930,1,0,1
33875,F,1988,0,0,0
33876,F,1941,0,0,0
33877,M,1996,0,0,0
33878,M,2010,0,0,0
33879,F,1985,0,0,0
33880,M,1987,1,0,0
33881,F,2004,0,0,0
33882,F,1995,0,0,0
33883,F,1939,0,0,0
33884,F,1979,1,0,0
33885,F,1937,0,0,1
33886,F,1972,0,0,0
33887,F,1963,0,0,1
33888,F,1971,0,0,1
33889,F,1975,0,0,1
33890,M,1988,0,0,0
33891,M,1967,0,0,0
33892,M,1966,0,0,1
33893,F,1957,0,0,0
33894,F,1950,0,0,0
33895,M,1934,0,0,1
33896,M,1974,0,0,0
33897,M,1970,1,0,0
33898,M,1976,0,0,1
33899,M,1936,0,0,0
33900,F,1973,1,0,0
33901,F,1973,1,0,0
33902,M,1969,0,0,0
33903,F,1969,0,0,0
33904,F,1976,0,0,0
33905,F,1992,0,0,0
33906,M,1992,0,0,0
33907,M,2004,0,1,0
33908,F,1985,0,0,0
33909,F,2004,0,0,0
33910,F,2012,0,0,1
33911,M,1953,0,0,0
33912,F,1992,0,0,1
33913,F,2016,0,0,0
33914,M,1949,1,0,1
33915,F,1999,1,0,0
33916,F,1986,0,0,0
33917,F,1954,0,0,1
33918,M,1967,0,0,0
33919,M,2006,0,0,1
33920,F,2003,0,0,0
33921,F,1981,0,0,0
33922,F,2001,0,0,0
33923,F,1972,1,0,1
33924,F,1978,1,0,0
33925,M,1930,0,0,0
33926,M,1979,0,0,1
33927,M,1993,0,0,0
33928,M,1997,1,0,0
33929,M,1994,0,0,1
33930,F,1948,1,1,1
33931,M,1980,0,0,1
33932,M,1986,1,0,0
33933,M,1974,1,0,1
33934,M,2005,0,0,0
33935,F,1973,0,0,0
33936,F,1985,0,1,1
33937,F,1987,0,0,0
33938,F,1936,0,1,0
33939,M,1987,1,0,0
33940,M,1983,0,0,0
33941,F,1995,0,1,0
33942,F,1964,0,0,0
33943,F,1930,0,0,1
33944,F,2002,0,0,0
33945,F,1983,0,0,0
33946,M,1996,0,0,0
33947,M,1952,0,0,0
33948,M,1951,0,0,0
33949,F,1991,1,0,0
33950,F,1974,0,0,1
33951,M,1982,0,0,0
33952,F,1989,0,0,1
33953,F,1959,0,0,0
33954,F,1992,0,0,0
33955,M,1971,0,0,0
33956,M,1999,0,0,1
33957,M,1930,0,0,1
33958,F,1981,0,0,1
33959,F,1991,1,0,0
33960,F,1990,0,0,1
33961,M,1984,0,0,0
33962,F,1984,0,0,1
33963,F,2006,1,1,1
33964,F,1951,0,0,1
33965,M,1992,0,0,0
33966,M,1930,0,0,1
33967,F,1973,0,0,0
33968,F,1993,1,0,0
33969,F,1965,0,0,0
33970,M,1981,0,0,0
33971,M,1930,0,0,0
33972,F,1974,1,0,0
33973,M,1952,0,0,0
33974,F,1965,0,0,0
33975,M,1998,1,0,1
33976,F,1930,0,1,0
33977,F,2004,0,1,0
33978,M,1983,0,0,1
33979,M,1972,0,1,0
33980,F,2012,0,0,0
33981,M,1994,0,1,1
33982,F,1976,0,0,0
33983,M,1974,1,0,1
33984,M,1930,1,1,1
33985,M,1947,0,0,0
33986,M,1990,0,0,1
33987,F,2012,0,0,0
33988,M,2007,0,0,0
33989,F,1981,0,0,0
33990,M,1962,0,0,0
33991,F,1995,0,1,0
33992,M,1930,0,0,1
33993,F,1980,0,0,1
33994,F,1986,0,1,0
33995,F,1930,0,1,1
33996,M,1930,0,1,0
33997,F,1951,0,0,1
33998,F,1988,1,0,0
33999,F,1930,0,0,1
34000,F,1945,0,1,1
34001,M,1981,0,0,0
34002,F,1930,0,1,1
34003,M,1989,0,0,0
34004,M,2004,0,0,0
34005,F,1987,0,0,0
34006,M,2005,0,0,0
34007,M,1980,0,0,1
34008,M,1981,0,0,0
34009,M,1993,1,0,0
34010,M,1946,1,0,1
34011,F,1973,0,0,0
34012,F,1990,0,0,0
34013,M,1985,0,0,0
34014,F,1959,0,0,0
34015,F,1948,0,1,0
34016,F,1975,0,0,0
34017,M,1997,0,0,0
34018,F,1984,0,0,0
34019,M,1963,0,0,0
34020,M,1938,1,0,1
34021,M,1988,1,0,0
34022,M,1999,0,0,0
34023,F,1956,0,0,1
34024,F,1940,1,1,1
34025,F,1977,0,0,0
34026,F,1995,0,0,1
34027,M,1987,0,0,0
34028,M,1976,0,0,1
34029,F,1991,1,0,0
34030,M,2002,0,0,0
34031,F,1992,0,0,1
34032,M,1987,0,0,0
34033,F,1988,0,0,1
34034,F,2014,0,0,0
34035,M,1930,0,0,1
34036,M,1991,0,0,0
34037,F,2000,0,0,0
34038,F,1985,0,0,0
34039,F,1944,0,1,0
34040,F,1946,1,0,1
34041,F,1953,0,0,0
34042,M,1930,0,1,1
34043,F,1997,0,0,0
34044,M,2002,0,0,0
34045,M,1963,0,0,0
34046,M,1989,0,0,0
34047,M,1954,0,0,1
34048,F,1948,0,0,0
34049,M,1972,0,0,0
34050,F,1982,0,0,0
34051,F,1933,1,0,1
34052,M,1974,1,0,0
34053,M,1991,0,0,0
34054,M,1982,0,0,1
34055,F,1977,0,1,0
34056,M,2011,0,1,0
34057,M,1930,0,1,1
34058,F,1995,0,0,0
34059,F,2007,0,0,0
34060,M,1975,0,0,1
34061,F,1971,0,1,0
34062,M,1994,1,0,0
34063,M,1988,0,1,0
34064,M,1975,0,0,0
34065,F,1976,1,0,0
34066,F,1955,0,1,1
34067,M,1975,0,0,0
34068,M,2009,1,0,0
34069,M,1982,0,0,1
34070,F,1965,0,0,0
34071,M,1992,0,0,1
34072,F,1983,0,0,1
34073,F,1959,1,0,0
34074,F,1976,0,1,0
34075,F,1965,0,0,0
34076,F,1972,1,1,1
34077,M,1985,0,0,0
34078,M,1930,0,0,0
34079,F,1998,0,1,0
34080,M,2006,0,0,1
34081,F,1979,0,0,1
34082,M,1984,0,1,0
34083,M,1979,0,0,0
34084,M,1951,0,0,0
34085,M,1996,0,0,1
34086,M,2014,0,0,1
34087,F,1930,1,1,0
34088,F,1984,0,0,0
34089,F,1966,0,0,1
34090,M,1983,1,0,0
34091,M,1988,0,0,0
34092,M,1982,1,1,1
34093,M,1964,0,0,0
34094,F,1953,0,0,0
34095,F,1935,0,1,1
34096,F,1961,0,1,1
34097,F,1983,0,0,1
34098,M,1930,0,0,1
34099,M,1965,0,0,1
34100,M,1960,0,1,0
34101,M,1934,1,0,1
34102,M,1979,0,1,0
34103,F,1938,0,0,0
34104,F,2006,0,0,0
34105,F,1982,0,0,1
34106,M,1930,0,1,1
34107,M,1947,0,0,0
34108,F,1970,0,0,1
34109,F,2001,0,0,0
34110,F,2010,0,1,0
34111,F,1980,0,0,0
34112,F,1983,1,1,0
34113,M,1954,0,0,1
34114,M,1975,1,0,0
34115,F,1949,1,1,1
34116,F,1971,0,0,0
34117,F,1998,0,0,0
34118,M,1967,0,0,0
34119,M,1977,0,0,0
34120,F,1980,0,0,0
34121,M,1976,0,0,0
34122,M,1970,1,0,0
34123,M,1979,0,0,1
34124,F,2005,0,1,0
34125,M,2003,1,0,1
34126,M,1988,0,0,0
34127,F,1941,0,1,0
34128,F,1974,0,1,0
34129,F,1980,0,1,0
34130,M,1930,1,1,1
34131,F,1971,0,0,0
34132,F,1979,0,0,1
34133,M,1986,1,0,0
34134,M,1989,1,0,0
34135,M,2008,1,1,0
34136,M,1979,0,1,0
34137,F,2002,0,0,0
34138,F,1995,1,0,0
34139,F,2002,0,0,0
34140,M,1930,0,1,0
34141,M,1972,0,0,0
34142,M,1939,0,0,1
34143,M,1956,0,0,1
34144,F,1984,1,0,0
34145,F,1992,0,0,1
34146,F,1985,0,0,0
34147,M,1997,0,0,1
34148,F,2013,0,0,0
34149,F,2007,0,0,1
34150,M,1962,0,0,0
34151,F,2005,0,0,0
34152,M,1995,0,0,1
34153,M,1986,1,0,1
34154,F,2001,0,0,1
34155,M,1965,0,0,0
34156,F,1950,0,0,0
34157,F,2005,0,0,0
34158,F,2006,0,0,0
34159,M,1992,1,0,0
34160,M,1960,0,1,0
34161,F,1961,0,0,0
34162,M,2007,0,0,1
34163,F,1970,0,0,1
34164,F,1985,0,0,0
34165,F,1945,0,1,1
34166,M,1998,1,0,0
34167,M,2002,0,1,0
34168,F,1959,1,0,0
34169,F,2007,0,0,0
34170,M,1977,0,0,0
34171,F,1983,0,0,1
34172,M,1991,0,1,0
34173,M,1987,0,0,1
34174,F,1977,0,0,0
34175,M,2012,0,0,0
34176,M,1998,0,0,0
34177,M,2010,0,1,0
34178,M,2016,0,0,0
34179,M,2008,0,0,0
34180,F,1984,0,0,0
34181,F,1965,1,0,0
34182,F,1950,0,1,0
34183,M,1953,0,1,0
34184,M,1976,0,1,0
34185,F,2014,0,0,0
34186,F,2012,0,0,0
34187,F,2007,0,0,0
34188,M,1966,0,0,1
34189,M,2000,0,0,1
34190,M,1952,0,0,1
34191,M,1996,0,0,1
34192,M,1968,0,1,0
34193,M,1969,0,0,0
34194,M,1942,0,0,0
34195,M,1982,0,0,0
34196,F,1982,0,0,0
34197,F,1979,1,0,0
34198,F,1953,1,0,1
34199,F,1999,1,0,0
34200,M,1987,1,0,0
34201,M,1981,0,0,1
34202,M,2007,1,0,0
34203,F,1989,0,0,0
34204,F,1970,0,0,1
34205,M,2004,1,0,0
34206,F,1961,0,1,0
34207,M,1979,0,1,0
34208,F,1947,1,0,0
34209,F,1947,0,0,1
34210,F,1931,0,0,1
34211,M,1979,0,0,0
34212,M,1964,1,0,1
34213,F,1976,0,1,1
34214,F,1987,0,0,1
34215,F,1983,0,0,0
34216,M,1993,0,0,0
34217,F,2002,0,1,0
34218,F,1981,0,0,1
34219,F,1974,0,0,0
34220,F,1991,0,0,0
34221,F,1991,1,0,0
34222,M,1930,0,1,1
34223,M,1988,0,0,0
34224,M,2006,0,1,0
34225,M,1981,0,0,1
34226,F,1983,0,0,0
34227,M,1983,0,0,0
34228,F,1979,0,0,1
34229,F,1989,1,1,0
34230,F,1996,0,0,0
34231,M,2012,0,0,0
34232,M,2003,0,1,0
34233,M,1969,0,0,1
34234,F,1931,0,0,1
34235,M,1996,0,0,0
34236,F,1990,0,0,0
34237,F,1982,0,0,0
34238,F,1930,1,1,1
34239,M,1982,0,0,0
34240,M,1930,1,0,0
34241,F,2012,0,0,0
34242,F,2010,0,0,0
34243,M,1937,0,0,1
34244,M,2001,0,0,0
34245,F,1986,0,0,0
34246,M,1988,0,0,0
34247,F,2008,0,0,1
34248,F,1986,0,0,0
34249,F,1930,0,0,0
34250,F,1955,1,0,0
34251,F,2006,0,0,0
34252,M,2009,0,0,0
34253,M,1967,0,0,1
34254,M,1930,0,0,1
34255,M,1930,1,0,0
34256,F,1970,0,0,0
34257,M,2006,0,0,0
34258,M,1971,1,0,0
34259,F,2001,0,0,0
34260,F,1974,0,0,1
34261,M,1961,0,0,0
34262,F,1996,0,0,0
34263,M,1942,0,1,1
34264,F,1985,0,0,0
34265,F,1987,0,0,1
34266,M,1996,0,0,1
34267,M,1968,0,1,0
34268,F,1963,0,0,1
34269,M,2017,0,1,1
34270,M,1939,0,0,1
34271,M,1988,0,0,1
34272,M,1976,0,1,0
34273,F,1987,0,0,0
34274,F,1972,0,0,1
34275,M,1959,0,1,1
34276,F,1981,0,0,0
34277,M,1988,1,1,1
34278,F,1983,0,0,0
34279,M,1971,0,0,0
34280,M,1981,0,1,1
34281,F,1972,1,0,0
34282,M,1977,0,1,1
34283,F,1981,0,0,0
34284,F,1983,0,0,0
34285,M,1983,1,0,0
34286,M,1988,0,0,0
34287,M,1995,1,0,0
34288,F,1987,0,0,0
34289,M,1982,0,0,0
34290,M,1964,0,0,0
34291,M,1961,0,0,0
34292,F,1934,0,0,0
34293,F,1973,0,0,1
34294,F,2014,0,0,0
34295,M,1984,0,0,0
34296,M,1983,0,0,0
34297,F,1989,1,0,1
34298,F,2013,0,0,0
34299,F,1963,0,0,1
34300,M,1976,0,1,0
34301,M,1990,0,0,1
34302,F,2002,0,0,0
34303,M,1982,0,0,1
34304,F,1930,1,1,0
34305,F,1976,0,1,0
34306,F,1980,0,0,1
34307,M,2001,0,1,0
34308,F,1969,0,0,0
34309,M,1992,0,0,0
34310,F,1968,0,0,1
34311,F,2011,0,0,1
34312,M,1999,0,0,0
34313,M,1993,0,0,0
34314,F,1987,0,0,0
34315,M,1937,0,0,1
34316,F,1949,0,1,1
34317,F,1973,0,0,1
34318,F,2001,0,0,0
34319,M,2001,1,0,0
34320,M,1953,1,1,0
34321,F,1989,0,0,0
34322,M,1995,0,0,0
34323,F,1991,0,0,1
34324,F,1984,0,0,1
34325,M,1975,0,0,0
34326,M,1985,0,0,0
34327,F,2013,0,0,0
34328,M,1979,0,1,0
34329,F,1974,0,0,0
34330,F,1974,1,0,0
34331,F,1985,0,0,0
34332,F,2002,0,1,0
34333,F,2007,0,0,0
34334,F,1991,0,0,1
34335,M,1963,1,0,0
34336,M,1995,1,0,0
34337,F,1930,0,0,0
34338,M,1957,0,0,1
34339,M,1989,0,0,0
34340,M,1991,0,0,1
34341,F,1987,0,0,0
34342,M,1982,0,0,1
34343,M,2004,1,0,0
34344,M,1993,0,0,0
34345,M,1937,0,0,0
34346,M,1970,0,0,0
34347,M,1988,0,0,0
34348,F,1974,0,1,0
34349,M,1987,0,0,0
34350,M,1960,0,0,0
34351,M,1930,1,1,1
34352,F,1982,0,0,1
34353,F,2003,1,1,1
34354,F,2001,0,0,0
34355,F,1953,0,0,1
34356,M,1930,0,0,1
34357,F,1995,1,0,0
34358,M,1995,1,0,0
34359,M,1969,0,0,1
34360,M,2004,0,0,0
34361,F,1969,0,0,0
34362,F,1965,0,0,0
34363,M,1997,0,0,0
34364,M,2010,0,1,0
34365,F,1997,0,0,1
34366,M,1962,0,0,1
34367,F,2016,0,0,0
34368,F,1972,0,0,1
34369,M,1985,0,0,0
34370,M,1951,1,0,0
34371,F,1974,0,1,1
34372,F,1977,0,0,0
34373,M,2007,0,0,0
34374,F,1972,0,0,0
34375,M,1963,0,1,0
34376,M,1930,0,1,1
34377,F,1994,0,0,1
34378,M,1985,0,0,0
34379,M,1944,0,0,0
34380,F,1966,0,1,0
34381,M,1968,0,0,1
34382,F,2000,1,1,0
34383,M,1985,1,0,1
34384,F,1964,0,0,0
34385,M,1997,0,0,0
34386,M,1979,0,1,1
34387,M,1986,1,0,0
34388,F,1967,0,0,1
34389,F,1974,0,0,0
34390,M,2012,0,0,0
34391,F,1985,0,0,1
34392,M,1932,0,0,1
34393,F,1956,0,1,1
34394,M,1986,0,0,0
34395,F,1960,0,1,0
34396,F,1990,0,1,0
34397,M,1967,0,1,0
34398,F,1995,0,1,0
34399,M,1930,0,1,1
34400,M,1986,0,0,0
34401,F,1980,0,0,0
34402,M,1951,1,0,1
34403,M,1980,1,0,0
34404,M,1976,0,0,1
34405,M,1977,1,0,0
34406,F,1972,0,0,1
34407,M,2001,0,0,0
34408,M,1970,0,0,1
34409,M,1991,0,0,1
34410,F,1993,0,0,0
34411,F,1987,0,0,1
34412,M,2004,0,0,1
34413,F,1987,1,0,0
34414,F,2002,0,1,1
34415,M,2013,0,0,0
34416,F,1961,0,1,1
34417,F,1987,0,1,0
34418,F,1975,0,0,1
34419,F,1966,1,0,1
34420,F,1943,0,0,1
34421,M,1987,0,0,0
34422,M,1981,1,0,0
34423,F,1968,0,0,0
34424,M,2008,0,0,0
34425,F,1990,0,1,1
34426,F,1982,0,0,1
34427,M,1993,1,0,0
34428,M,1993,0,1,0
34429,F,1997,0,1,0
34430,F,1930,0,0,1
34431,F,1982,0,0,0
34432,M,1998,1,0,0
34433,F,1986,0,0,0
34434,F,1999,1,0,0
34435,F,1980,0,1,0
34436,F,1975,0,1,0
34437,M,1942,0,1,1
34438,F,2006,0,0,0
34439,M,2021,0,0,0
34440,M,1956,0,0,0
34441,M,1981,1,0,0
34442,M,1962,0,0,1
34443,F,1954,0,0,1
34444,M,1947,0,0,1
34445,F,2002,0,0,0
34446,M,1967,0,1,0
34447,M,1997,0,0,0
34448,M,1998,0,0,0
34449,F,1971,0,0,0
34450,F,1970,0,0,1
34451,M,1964,0,0,0
34452,F,1991,1,0,0
34453,M,1975,0,1,1
34454,M,1972,0,0,0
34455,M,1986,1,0,0
34456,M,1951,0,0,0
34457,F,2010,0,1,0
34458,F,1999,0,0,0
34459,F,1951,0,1,0
34460,F,1972,0,0,0
34461,F,1930,0,0,0
34462,M,1965,0,0,1
34463,F,1994,0,0,0
34464,M,1954,0,0,1
34465,F,1948,0,1,1
34466,F,1974,1,1,0
34467,M,2000,0,0,0
34468,F,1974,0,0,0
34469,F,1989,0,0,1
34470,M,1993,0,0,0
34471,F,1977,0,0,0
34472,F,2009,1,0,0
34473,M,1984,0,0,0
34474,F,1994,0,0,0
34475,M,2000,0,0,0
34476,F,1988,0,0,0
34477,F,1991,0,0,0
34478,M,1955,0,1,1
34479,M,1982,0,0,0
34480,M,1971,0,0,0
34481,M,1944,0,0,0
34482,F,1994,0,0,0
34483,M,1981,0,0,0
34484,F,1968,0,0,0
34485,M,1978,0,1,0
34486,F,1984,0,0,0
34487,F,1987,0,0,0
34488,M,1973,0,0,1
34489,M,1997,0,0,0
34490,F,1998,0,1,0
34491,F,1937,0,1,1
34492,M,2010,0,0,0
34493,M,1996,0,0,1
34494,F,1965,0,0,0
34495,F,1954,0,0,0
34496,M,2004,0,0,0
34497,F,1950,0,0,1
34498,F,1930,0,0,0
34499,M,1942,0,0,1
34500,M,1983,0,0,0
34501,F,1983,0,0,0
34502,M,1976,0,0,0
34503,F,1999,0,1,1
34504,M,1990,0,1,0
34505,M,1984,1,1,0
34506,F,1962,0,0,0
34507,F,1964,0,0,1
34508,F,2000,0,0,0
34509,F,1986,0,0,0
34510,M,2003,0,1,0
34511,F,1948,0,1,0
34512,F,1987,0,0,0
34513,F,1974,0,1,0
34514,F,1982,1,0,0
34515,F,1965,0,1,1
34516,M,2001,0,0,1
34517,M,2007,0,0,0
34518,M,2005,0,0,1
34519,M,2000,0,1,1
34520,M,2003,0,0,1
34521,M,1995,0,0,1
34522,M,1993,1,0,1
34523,M,2010,0,0,0
34524,F,1982,0,0,0
34525,F,1972,1,1,0
34526,M,2002,1,0,1
34527,F,1980,0,0,0
34528,M,1999,1,0,0
34529,M,1952,0,0,1
34530,M,1973,0,1,0
34531,M,1945,0,0,1
34532,F,1936,1,0,1
34533,M,2012,0,0,1
34534,M,1982,0,0,0
34535,F,1948,0,0,1
34536,F,1957,0,0,1
34537,M,1996,1,0,0
34538,F,1992,0,0,0
34539,F,1983,0,0,1
34540,F,1944,1,0,1
34541,F,1957,0,0,1
34542,F,1939,0,0,1
34543,F,1951,1,0,0
34544,F,1982,0,0,0
34545,M,1930,1,0,1
34546,F,2004,0,0,0
34547,F,1986,0,0,0
34548,M,1984,0,0,0
34549,M,1953,0,0,1
34550,M,1991,0,0,1
34551,F,1930,0,1,0
34552,F,1967,0,0,1
34553,F,1988,0,0,0
34554,F,2001,0,0,0
34555,M,2014,0,0,0
34556,F,2013,0,0,0
34557,M,1985,0,0,0
34558,F,1930,0,0,0
34559,M,1968,0,0,0
34560,F,1961,0,0,0
34561,F,1997,0,0,0
34562,F,1996,0,0,0
34563,F,2011,0,0,1
34564,F,1951,0,0,1
34565,M,2014,0,0,0
34566,F,1978,0,0,0
34567,F,1983,0,0,1
34568,F,1981,0,0,0
34569,F,1943,0,0,0
34570,F,1979,0,1,1
34571,M,1997,0,1,0
34572,M,1957,0,1,1
34573,M,1952,0,0,0
34574,M,1996,0,0,1
34575,F,1999,0,0,1
34576,F,1991,0,0,0
34577,M,1993,0,0,1
34578,F,1968,0,0,0
34579,F,1989,0,0,0
34580,M,1977,0,1,0
34581,F,1930,0,0,1
34582,M,1985,0,0,0
34583,M,1992,0,1,0
34584,M,1941,0,1,1
34585,M,1930,0,0,0
34586,M,1937,0,1,0
34587,F,1983,0,0,0
34588,F,1958,0,0,0
34589,M,1931,0,1,0
34590,M,1992,0,0,0
34591,M,1976,0,0,0
34592,F,1995,0,1,1
34593,M,2002,0,0,0
34594,F,1964,0,0,1
34595,F,1986,1,0,0
34596,F,2000,0,0,0
34597,F,2000,0,0,0
34598,F,1953,0,0,1
34599,M,1963,0,0,1
34600,F,1961,0,0,0
34601,M,1992,0,0,1
34602,F,1943,0,0,1
34603,M,1950,0,1,1
34604,F,1940,0,0,1
34605,F,2003,0,0,0
34606,F,1970,1,0,0
34607,F,1970,0,0,0
34608,F,1995,0,0,0
34609,M,1983,1,0,1
34610,M,1973,0,0,0
34611,F,1942,1,0,0
34612,F,1977,0,0,1
34613,F,1966,1,0,0
34614,M,2007,1,0,0
34615,F,1989,1,0,0
34616,F,1987,0,0,0
34617,F,1947,0,0,0
34618,M,2005,0,0,0
34619,M,1946,1,0,1
34620,F,2003,0,0,0
34621,M,1994,0,0,1
34622,F,1971,1,0,1
34623,F,1984,0,0,0
34624,F,1988,0,0,1
34625,M,1990,0,0,0
34626,F,1973,0,0,0
34627,M,1973,0,0,1
34628,M,1992,0,0,0
34629,M,1990,0,0,0
34630,M,1983,0,0,1
34631,M,1979,0,0,0
34632,M,2015,0,1,0
34633,M,1995,0,0,0
34634,F,1993,0,0,0
34635,F,1984,1,0,0
34636,M,1974,0,0,0
34637,M,1994,0,0,0
34638,F,1986,0,0,0
34639,F,2011,0,0,0
34640,M,1940,1,0,1
34641,M,2004,1,0,0
34642,F,1930,0,0,1
34643,F,1976,0,1,0
34644,M,1958,0,0,0
34645,M,1982,0,0,0
34646,M,1973,0,0,1
34647,M,1973,0,0,1
34648,M,1954,0,0,0
34649,M,1970,0,0,1
34650,M,2006,0,0,1
34651,F,2009,0,0,0
34652,F,2000,0,0,0
34653,M,1982,0,0,0
34654,M,1953,0,0,1
34655,F,1995,0,0,1
34656,F,2006,0,0,1
34657,F,2001,0,0,0
34658,F,1930,0,0,1
34659,M,1956,0,0,0
34660,M,2001,1,0,1
34661,M,1988,0,0,0
34662,F,1979,1,0,0
34663,F,1970,0,0,0
34664,F,1930,0,0,0
34665,F,1982,0,0,0
34666,M,1997,0,1,0
34667,F,1938,0,0,0
34668,M,1930,1,1,0
34669,M,1985,0,0,1
34670,F,1968,0,0,0
34671,M,1982,1,0,0
34672,M,1967,0,0,1
34673,M,1960,0,0,1
34674,M,1974,1,0,1
34675,F,1943,0,0,1
34676,M,1974,1,1,0
34677,M,1998,0,0,0
34678,M,1947,0,1,0
34679,F,1944,0,0,1
34680,F,2014,0,0,1
34681,M,1930,0,0,1
34682,F,1999,0,0,0
34683,F,1985,0,1,0
34684,M,1989,0,0,0
34685,F,1996,0,0,0
34686,M,1972,0,0,0
34687,M,2004,1,0,0
34688,M,1978,0,0,0
34689,M,1957,0,1,0
34690,M,1981,0,0,0
34691,M,1937,0,0,0
34692,F,2004,1,0,1
34693,F,1989,0,0,0
34694,F,1997,0,0,0
34695,M,1960,1,0,1
34696,M,1979,0,0,1
34697,F,1988,1,0,0
34698,F,1956,1,1,0
34699,M,1930,0,0,0
34700,M,1968,0,0,0
34701,M,1950,1,1,1
34702,M,2015,0,0,0
34703,F,1967,1,1,1
34704,F,1930,0,1,1
34705,M,1967,0,0,0
34706,M,1966,0,0,0
34707,F,1972,0,1,1
34708,F,1984,0,0,0
34709,M,1987,0,0,1
34710,F,1982,0,0,1
34711,M,1969,0,1,0
34712,M,2000,0,0,0
34713,F,1982,0,0,0
34714,F,1951,0,0,1
34715,F,1981,0,0,0
34716,F,1988,0,0,0
34717,F,1969,0,0,0
34718,F,2008,0,0,0
34719,F,1984,1,0,0
34720,M,2001,0,0,0
34721,F,1975,0,0,0
34722,F,1991,1,0,0
34723,M,1968,0,0,0
34724,F,1983,0,0,0
34725,M,1964,1,0,0
34726,F,1978,0,0,0
34727,M,2002,0,0,1
34728,F,2000,0,0,1
34729,F,2005,0,0,0
34730,F,1972,0,0,0
34731,F,1989,1,0,0
34732,F,1988,0,0,0
34733,F,1956,0,0,0
34734,F,1950,0,1,0
34735,F,1977,0,0,0
34736,M,2002,0,0,0
34737,M,1977,0,0,0
34738,F,1945,0,0,1
34739,M,1995,0,0,1
34740,M,1955,0,0,0
34741,F,1949,0,0,0
34742,M,1942,0,0,0
34743,F,1975,0,0,1
34744,F,1969,0,0,1
34745,F,1994,0,0,0
34746,M,1992,1,0,0
34747,M,1984,1,0,0
34748,M,2013,0,0,0
34749,F,2004,0,0,0
34750,F,1969,0,0,0
34751,F,1947,0,0,1
34752,M,1992,0,1,1
34753,F,2006,1,0,0
34754,M,1973,1,0,1
34755,M,1990,1,0,0
34756,M,1986,0,0,0
34757,M,1985,1,0,0
34758,M,1995,0,0,0
34759,F,1999,1,1,0
34760,M,1930,0,0,0
34761,F,1958,1,0,1
34762,M,1961,1,0,0
34763,F,2018,0,0,0
34764,F,2001,0,0,0
34765,F,1964,1,0,1
34766,M,2007,0,0,0
34767,F,1981,0,0,0
34768,F,1980,0,0,1
34769,F,1991,0,1,0
34770,F,1972,0,1,0
34771,F,1994,0,0,0
34772,M,1994,0,0,1
34773,F,2002,0,0,1
34774,F,1942,0,0,0
34775,M,2000,0,0,0
34776,F,1992,0,0,0
34777,F,1983,0,0,1
34778,F,1989,0,0,0
34779,M,1941,0,1,1
34780,M,1956,0,0,0
34781,F,1984,0,0,0
34782,F,1984,0,1,0
34783,F,1997,0,0,0
34784,F,2015,0,0,1
34785,M,2007,0,0,0
34786,F,1943,1,0,1
34787,M,1968,0,1,0
34788,F,1993,1,1,0
34789,F,1972,0,1,0
34790,M,1930,0,0,1
34791,M,1965,0,0,0
34792,M,2003,1,0,0
34793,M,1987,0,0,1
34794,M,1971,0,0,1
34795,M,1947,0,0,1
34796,M,1981,0,0,1
34797,M,1986,0,0,0
34798,M,1994,0,0,0
34799,M,2006,0,0,0
34800,M,1962,0,1,0
34801,M,1987,0,0,0
34802,F,2006,0,0,1
34803,M,1996,0,0,1
34804,M,1976,1,0,1
34805,F,1981,0,0,0
34806,M,1967,0,0,1
34807,F,1992,0,0,0
34808,F,1983,1,0,0
34809,M,2009,1,0,0
34810,F,1995,0,0,0
34811,F,1955,0,0,0
34812,M,1977,1,0,0
34813,M,1989,0,1,1
34814,F,1963,0,1,1
34815,M,1974,1,0,0
34816,M,1953,0,0,1
34817,F,2003,0,1,1
34818,M,1973,0,0,0
34819,F,1978,0,0,0
34820,M,1957,1,0,0
34821,F,1996,0,0,1
34822,M,1970,0,0,1
34823,F,2019,0,0,0
34824,M,1959,0,0,1
34825,F,1967,1,0,0
34826,M,2001,0,1,0
34827,F,1983,0,1,1
34828,F,2003,0,0,0
34829,F,2004,0,0,0
34830,M,1978,0,0,1
34831,M,1930,0,1,1
34832,M,1961,1,1,1
34833,F,1963,0,0,0
34834,M,1973,0,0,0
34835,M,2008,0,0,0
34836,M,1969,0,0,1
34837,M,1971,0,0,1
34838,F,1964,0,0,1
34839,F,1998,1,0,1
34840,M,1992,0,0,1
34841,F,1930,0,0,1
34842,M,2018,0,0,0
34843,F,2004,0,0,0
34844,F,1976,1,0,0
34845,F,1998,0,0,0
34846,M,1986,0,0,0
34847,F,1984,0,0,1
34848,M,1970,0,0,0
34849,F,1980,0,1,0
34850,M,2013,0,0,0
34851,M,1997,1,1,0
34852,M,1988,0,0,0
34853,M,1960,0,0,0
34854,F,1992,1,0,0
34855,F,1982,0,0,0
34856,M,1977,0,0,0
34857,F,1978,0,0,0
34858,F,1981,0,0,0
34859,F,2000,0,0,1
34860,M,1992,0,0,0
34861,F,1962,0,0,0
34862,F,1956,1,0,0
34863,F,1951,1,0,1
34864,F,1995,0,0,0
34865,F,1990,0,1,0
34866,M,1973,1,0,0
34867,M,1930,0,1,1
34868,F,1930,0,0,1
34869,M,1995,0,0,0
34870,F,1997,0,0,1
34871,F,2006,0,0,0
34872,M,1968,0,0,0
34873,M,2007,0,0,0
34874,M,1971,1,0,0
34875,M,1971,0,0,1
34876,M,1937,0,0,1
34877,M,1998,0,0,1
34878,F,2013,0,0,0
34879,M,2005,0,1,0
34880,F,1988,0,0,0
34881,F,1998,1,0,0
34882,F,1992,0,1,0
34883,F,1962,0,0,1
34884,F,1991,0,0,0
34885,F,1990,0,0,1
34886,M,1977,0,0,0
34887,M,1995,0,0,0
34888,M,1971,0,0,1
34889,F,1961,1,0,0
34890,M,1997,0,0,0
34891,M,1940,0,0,1
34892,M,2007,0,0,0
34893,F,2004,0,0,0
34894,M,1990,0,0,0
34895,F,2003,0,1,0
34896,M,1977,0,0,0
34897,F,1930,0,0,1
34898,F,1990,0,0,0
34899,M,1991,0,0,0
34900,F,2004,1,0,0
34901,F,1930,0,0,1
34902,F,1941,0,0,1
34903,F,1956,0,0,1
34904,M,1986,1,0,0
34905,F,1951,0,0,1
34906,M,1968,0,0,1
34907,M,1995,0,0,1
34908,F,1930,0,0,1
34909,F,2012,0,0,0
34910,M,1988,0,0,0
34911,F,1997,0,0,0
34912,F,2017,0,1,0
34913,F,2017,0,0,1
34914,M,2012,0,0,0
34915,M,1930,0,1,1
34916,F,1992,0,0,0
34917,F,1987,0,0,0
34918,F,1992,0,0,0
34919,M,1991,0,1,0
34920,M,2012,0,0,0
34921,M,1973,0,0,0
34922,M,1970,0,0,0
34923,F,1994,0,0,0
34924,F,1961,0,0,1
34925,F,1930,0,0,0
34926,F,2011,0,0,0
34927,F,1986,0,0,1
34928,F,1974,0,0,0
34929,M,2010,0,0,0
34930,F,1940,0,0,0
34931,F,1964,0,0,1
34932,F,1964,0,0,1
34933,M,1940,0,0,0
34934,F,1987,0,0,0
34935,M,1986,1,0,0
34936,M,1980,0,0,1
34937,F,1971,0,1,0
34938,M,1970,1,0,0
34939,M,2000,0,0,0
34940,M,2005,1,0,0
34941,F,1967,0,0,1
34942,F,1970,0,1,0
34943,M,1951,0,0,0
34944,F,1958,1,0,1
34945,F,2007,0,0,0
34946,M,2004,0,0,0
34947,F,1998,0,1,1
34948,M,1977,0,0,0
34949,F,1943,0,1,1
34950,M,1977,0,0,0
34951,M,1984,1,1,0
34952,M,2004,0,0,0
34953,M,1985,1,1,0
34954,F,1964,1,0,0
34955,M,1990,0,1,1
34956,M,1993,1,0,0
34957,M,1954,0,0,1
34958,M,1971,0,0,0
34959,M,1958,0,1,1
34960,M,1997,0,0,0
34961,M,1931,0,0,0
34962,M,1994,0,1,0
34963,F,1987,0,0,0
34964,M,1967,0,0,0
34965,F,1994,0,0,1
34966,M,1975,1,0,1
34967,F,1974,0,0,0
34968,F,1986,0,0,0
34969,F,1973,0,1,0
34970,M,1991,0,0,0
34971,M,1971,0,0,1
34972,F,1964,0,0,1
34973,M,1981,0,0,1
34974,F,1960,0,0,1
34975,M,1997,0,0,0
34976,M,1980,0,0,1
34977,M,1930,0,0,0
34978,F,1981,1,1,0
34979,M,1986,0,0,1
34980,F,2002,0,0,0
34981,F,1996,0,0,0
34982,M,1983,0,0,0
34983,M,1953,0,0,1
34984,F,1962,0,0,1
34985,F,1941,0,0,1
34986,F,1999,0,0,0
34987,F,1974,1,0,0
34988,M,1981,0,0,0
34989,M,1979,1,0,0
34990,M,1964,0,0,0
34991,M,1968,0,0,1
34992,F,1969,0,0,1
34993,F,1967,1,1,1
34994,F,2011,0,0,1
34995,F,1930,0,0,1
34996,F,1980,0,0,0
34997,F,1963,0,0,0
34998,F,1930,0,0,1
34999,F,1953,0,1,0
35000,F,1993,0,0,1
35001,F,1984,0,0,0
35002,M,1953,0,0,1
35003,F,1943,0,0,1
35004,F,1981,1,0,1
35005,F,2008,0,0,0
35006,F,1998,0,0,0
35007,F,1991,0,0,0
35008,F,1974,0,0,0
35009,M,1972,0,0,0
35010,F,1962,0,0,1
35011,M,1955,0,0,1
35012,F,2016,0,0,0
35013,F,1988,0,0,0
35014,F,1955,0,0,1
35015,M,1936,0,0,1
35016,M,1970,0,0,1
35017,F,2001,0,0,0
35018,M,1978,0,0,1
35019,M,1949,0,0,1
35020,F,2005,0,0,0
35021,M,2000,0,0,1
35022,M,2000,0,0,0
35023,M,2020,0,0,0
35024,M,1968,1,1,0
35025,M,1996,0,0,0
35026,F,2018,0,0,0
35027,M,1948,0,0,0
35028,F,1982,0,0,1
35029,M,1930,0,0,0
35030,F,1963,0,0,1
35031,F,1981,0,0,0
35032,F,1959,0,0,0
35033,F,1998,0,0,0
35034,F,1973,0,0,1
35035,F,1974,0,0,1
35036,F,1984,0,0,0
35037,M,2004,0,0,0
35038,F,1975,1,1,0
35039,M,1976,0,0,0
35040,F,1994,0,0,0
35041,M,2005,0,0,0
35042,M,1996,0,0,0
35043,F,1933,1,0,1
35044,F,1992,0,1,0
35045,M,1975,0,0,0
35046,M,1976,1,0,1
35047,F,1985,0,0,0
35048,M,1930,0,0,0
35049,M,1965,0,0,0
35050,M,1969,1,0,0
35051,M,1981,0,0,0
35052,F,1993,0,0,1
35053,M,1980,0,0,0
35054,F,1965,0,0,1
35055,M,1958,0,0,1
35056,F,1965,1,0,1
35057,M,2013,0,0,0
35058,M,2008,1,0,0
35059,F,1987,0,0,0
35060,F,2008,0,0,0
35061,F,1999,0,0,0
35062,M,2003,1,0,0
35063,M,1986,0,1,0
35064,F,1981,0,0,0
35065,F,2004,0,0,0
35066,M,1944,0,0,0
35067,M,1973,1,1,0
35068,M,1982,0,0,0
35069,F,1960,1,0,1
35070,M,1983,1,0,0
35071,F,1971,0,0,0
35072,F,1992,0,0,1
35073,M,1998,0,0,0
35074,M,2002,0,0,1
35075,M,1980,0,0,0
35076,M,1974,0,0,1
35077,F,1930,0,0,0
35078,M,2013,0,0,0
35079,F,1982,0,0,0
35080,M,1960,0,0,0
35081,M,1999,1,0,0
35082,M,1952,0,0,0
35083,F,1960,0,0,1
35084,F,1949,0,0,0
35085,F,1970,0,0,1
35086,F,1997,0,0,1
35087,F,1981,0,0,1
35088,F,1956,1,0,0
35089,F,1996,0,0,0
35090,M,2008,0,0,0
35091,M,2004,0,1,1
35092,F,1965,0,1,0
35093,M,1994,0,0,0
35094,M,1973,0,1,0
35095,M,1961,0,1,1
35096,M,1991,0,0,0
35097,M,2001,0,0,0
35098,F,2000,0,0,0
35099,M,1930,0,1,1
35100,M,1999,1,0,0
35101,M,1971,0,0,0
35102,M,2012,0,1,0
35103,F,1958,0,0,1
35104,M,1973,0,0,0
35105,F,1986,0,0,0
35106,M,1983,1,1,0
35107,F,1930,0,0,1
35108,F,1977,0,1,1
35109,F,2007,0,0,0
35110,M,1967,0,0,0
35111,F,1930,0,1,0
35112,F,2020,0,0,0
35113,F,1996,1,0,0
35114,F,1982,0,0,0
35115,F,1945,0,0,1
35116,F,1933,0,0,0
35117,M,2014,0,0,0
35118,F,1961,0,0,0
35119,M,1937,1,1,0
35120,F,2011,0,0,1
35121,M,1971,0,0,0
35122,F,1937,0,1,0
35123,F,1988,0,0,0
35124,F,1930,0,0,1
35125,M,1974,0,0,0
35126,F,1990,0,0,0
35127,F,1971,0,0,0
35128,M,1954,0,0,0
35129,F,1947,0,0,0
35130,M,1995,1,1,0
35131,M,2004,0,0,0
35132,M,1971,0,0,0
35133,F,1964,1,0,1
35134,M,2005,0,0,1
35135,M,1987,0,1,0
35136,F,1939,0,0,1
35137,M,1988,1,0,1
35138,M,1950,0,0,1
35139,F,1993,0,1,0
35140,F,1950,0,0,0
35141,F,1982,0,0,0
35142,M,1986,0,0,0
35143,F,1980,1,0,0
35144,M,1997,0,0,0
35145,F,2005,0,0,0
35146,M,1988,0,0,1
35147,F,1964,0,0,0
35148,M,2010,0,0,0
35149,M,1947,0,0,0
35150,M,1986,0,0,0
35151,F,1964,0,0,0
35152,M,1989,0,0,0
35153,F,1967,0,0,0
35154,F,1965,0,1,1
35155,F,1940,0,0,0
35156,F,2010,0,0,0
35157,F,1983,0,0,0
35158,M,1954,0,0,0
35159,F,1983,0,0,1
35160,F,1986,0,1,0
35161,F,1988,0,0,0
35162,F,1980,1,0,0
35163,M,1965,0,0,1
35164,M,1986,0,0,0
35165,F,1953,0,0,0
35166,F,1975,0,0,1
35167,M,1985,0,0,1
35168,F,1979,0,0,0
35169,M,1954,0,1,1
35170,F,1994,0,0,0
35171,M,1988,0,0,0
35172,F,1993,0,0,0
35173,M,1987,0,0,0
35174,F,1981,0,1,0
35175,M,1954,1,0,0
35176,M,1965,0,1,1
35177,M,1981,0,0,0
35178,M,1982,0,0,1
35179,M,1970,0,0,0
35180,F,1989,0,0,1
35181,F,1995,0,0,0
35182,F,1970,1,0,1
35183,F,1995,0,0,0
35184,F,1998,0,0,0
35185,M,1930,0,1,1
35186,M,2012,0,0,0
35187,F,2013,0,0,0
35188,M,1983,0,0,0
35189,F,1967,0,1,1
35190,F,1985,0,0,0
35191,F,1989,0,0,1
35192,M,1930,0,0,0
35193,F,1993,0,1,0
35194,F,1981,0,0,0
35195,F,1987,0,0,0
35196,F,1977,0,0,0
35197,F,1986,0,0,0
35198,M,1971,0,1,0
35199,M,1980,1,0,0
35200,F,1989,1,0,0
35201,F,2004,0,0,0
35202,M,2018,0,1,0
35203,M,1969,1,0,1
35204,M,1998,1,0,0
35205,F,1980,0,0,0
35206,F,2004,0,1,1
35207,F,1960,0,0,0
35208,F,1961,0,0,0
35209,M,1997,0,0,0
35210,F,1966,0,0,0
35211,F,1960,1,0,1
35212,F,1944,0,1,1
35213,M,2003,0,0,0
35214,M,1989,0,0,1
35215,M,1983,0,1,0
35216,F,1987,0,0,0
35217,F,1938,0,1,1
35218,M,1971,0,0,0
35219,F,1999,0,0,0
35220,M,1930,0,1,0
35221,M,1968,0,0,0
35222,M,1988,1,0,0
35223,F,2008,0,0,0
35224,M,1986,0,1,0
35225,F,1947,0,0,0
35226,M,1981,0,0,0
35227,M,1987,0,0,1
35228,M,1971,0,0,1
35229,F,1985,0,0,0
35230,F,1964,0,0,0
35231,F,1958,0,0,0
35232,F,1997,0,0,0
35233,M,1952,0,1,0
35234,F,1997,0,0,0
35235,M,2013,0,0,1
35236,M,1978,0,0,0
35237,F,1936,0,1,0
35238,M,1979,0,1,0
35239,M,2008,0,1,0
35240,F,1976,0,1,0
35241,F,1963,0,0,0
35242,M,1962,0,1,0
35243,F,1953,0,0,1
35244,M,1977,1,0,1
35245,F,1958,0,0,1
35246,M,1999,0,0,0
35247,F,1964,0,0,1
35248,F,1990,0,0,0
35249,M,1945,0,0,0
35250,F,1977,0,0,0
35251,F,2013,0,0,1
35252,F,1988,0,0,0
35253,F,1958,0,0,0
35254,F,1979,0,0,1
35255,F,2008,0,0,0
35256,F,2000,0,1,0
35257,M,1930,1,1,0
35258,F,1972,0,0,1
35259,F,1976,0,1,0
35260,M,1985,0,1,0
35261,F,1972,0,0,1
35262,F,1969,0,0,0
35263,F,2005,0,0,0
35264,M,1988,0,0,1
35265,F,1996,0,0,0
35266,M,2004,0,0,0
35267,F,2012,0,0,0
35268,M,1930,0,1,1
35269,M,1930,1,0,1
35270,M,1930,0,0,0
35271,F,1958,0,1,1
35272,M,1974,0,0,0
35273,F,1991,0,0,1
35274,F,1988,0,0,0
35275,F,2003,0,0,1
35276,M,1983,0,0,1
35277,F,2009,0,0,0
35278,M,1977,0,0,0
35279,F,2002,0,0,0
35280,F,1955,0,0,1
35281,F,1989,0,0,1
35282,M,1946,0,0,0
35283,F,1946,0,0,1
35284,F,1966,0,0,0
35285,M,1939,0,1,1
35286,M,1979,0,0,1
35287,M,1949,0,0,0
35288,M,1972,0,0,1
35289,F,1946,0,1,0
35290,F,1975,1,0,1
35291,M,1950,1,0,1
35292,M,1953,0,0,1
35293,M,1976,0,1,0
35294,F,1996,0,1,1
35295,F,1950,0,0,1
35296,F,1976,0,0,0
35297,F,1948,0,0,0
35298,M,1991,0,1,0
35299,M,2009,0,0,1
35300,F,2011,0,0,0
35301,M,1997,0,0,0
35302,F,1949,0,0,0
35303,F,1989,1,0,0
35304,F,1967,1,0,0
35305,M,1968,0,0,0
35306,F,2013,0,0,0
35307,M,1965,0,1,1
35308,M,1966,0,0,0
35309,M,1996,0,0,0
35310,F,1972,0,0,0
35311,M,1939,0,1,0
35312,F,1979,0,0,0
35313,F,1957,0,1,0
35314,M,1983,0,0,1
35315,M,1930,0,1,0
35316,M,1999,0,0,1
35317,F,1975,0,0,0
35318,F,2006,0,0,0
35319,M,1969,0,0,0
35320,M,2011,0,0,0
35321,M,1982,0,0,1
35322,M,1932,0,0,1
35323,M,1957,0,0,1
35324,M,2004,0,0,0
35325,F,1944,0,0,0
35326,M,1982,0,0,0
35327,F,1985,0,0,0
35328,F,1987,0,0,0
35329,M,1988,0,0,0
35330,M,2000,0,0,1
35331,M,1989,0,0,0
35332,F,1983,0,0,1
35333,F,2012,0,0,0
35334,M,1994,0,0,0
35335,F,1962,0,0,0
35336,F,1983,0,0,0
35337,F,1957,0,0,1
35338,F,2008,0,1,0
35339,F,2008,0,0,0
35340,M,1974,0,0,1
35341,M,1997,0,0,0
35342,M,1995,0,0,0
35343,F,1990,0,0,0
35344,F,1994,0,0,1
35345,F,1987,0,0,0
35346,F,1970,0,0,1
35347,F,1930,0,0,1
35348,M,1994,0,0,0
35349,F,1948,1,1,1
35350,M,2015,0,0,0
35351,M,1985,0,0,0
35352,F,1979,0,0,0
35353,F,1995,0,0,0
35354,M,1987,1,0,1
35355,M,1982,0,0,0
35356,F,2000,1,0,1
35357,M,1973,0,0,1
35358,M,1975,0,0,0
35359,M,1984,1,0,0
35360,M,1986,1,0,0
35361,F,1962,0,1,1
35362,F,1966,0,0,0
35363,F,1994,0,0,1
35364,F,1947,0,1,1
35365,F,1975,0,0,0
35366,M,1987,0,0,0
35367,F,1947,1,0,0
35368,F,2009,0,0,0
35369,M,1995,0,0,0
35370,F,1945,0,1,1
35371,F,1974,0,0,1
35372,M,1970,1,0,0
35373,F,1983,0,0,0
35374,F,1997,0,0,0
35375,F,1984,0,0,0
35376,M,1964,1,0,1
35377,F,1983,0,0,0
35378,F,1964,1,0,0
35379,M,1972,1,0,0
35380,F,1996,0,0,0
35381,F,1972,0,0,0
35382,F,1960,1,1,0
35383,M,2000,0,1,0
35384,M,1989,0,0,0
35385,M,1986,1,0,0
35386,M,1976,0,0,0
35387,F,1930,0,0,1
35388,M,1997,0,0,0
35389,F,1986,0,0,0
35390,F,1995,0,0,0
35391,M,2009,0,0,1
35392,M,1967,0,0,0
35393,F,1931,0,1,1
35394,F,1964,0,0,0
35395,F,1999,0,0,0
35396,F,1999,1,0,0
35397,M,1987,0,0,1
35398,F,1994,0,0,0
35399,M,1997,0,0,1
35400,M,1957,0,1,0
35401,F,1955,1,1,0
35402,M,1989,0,1,0
35403,F,1956,0,0,0
35404,M,1956,1,0,0
35405,F,2000,0,0,0
35406,M,1983,0,0,0
35407,F,2007,0,0,0
35408,F,1996,0,0,1
35409,F,1946,0,0,1
35410,M,1933,1,0,0
35411,F,1972,1,0,1
35412,M,1955,0,0,0
35413,M,1993,0,0,1
35414,M,1993,0,0,0
35415,F,1968,0,0,0
35416,M,1986,1,0,0
35417,M,2012,0,0,0
35418,M,1987,0,0,0
35419,F,1950,0,0,0
35420,F,1983,0,0,1
35421,M,1954,0,0,0
35422,F,2009,0,0,0
35423,M,1981,0,0,1
35424,F,1989,0,0,0
35425,F,2004,0,0,0
35426,F,1983,1,1,0
35427,F,1988,0,0,0
35428,M,1939,0,0,0
35429,F,1948,0,1,1
35430,F,1986,0,0,0
35431,M,1985,0,1,0
35432,F,1995,1,1,1
35433,M,2002,1,1,1
35434,F,1978,0,0,1
35435,F,2011,0,0,0
35436,F,1991,1,1,0
35437,M,2003,1,0,0
35438,M,1971,1,1,0
35439,F,1960,0,0,0
35440,F,1984,0,1,0
35441,M,1988,0,1,0
35442,F,1957,0,0,1
35443,F,1995,0,0,0
35444,F,1958,1,1,1
35445,F,1974,0,1,0
35446,M,1983,1,0,0
35447,M,1941,0,0,0
35448,F,1958,0,1,1
35449,M,2005,0,0,0
35450,M,1990,0,0,1
35451,M,2001,0,0,0
35452,M,1987,0,0,0
35453,M,1952,0,0,1
35454,F,1963,0,0,0
35455,F,2004,0,0,0
35456,M,1994,0,0,0
35457,F,1989,0,0,0
35458,F,1974,1,1,0
35459,F,1971,0,1,1
35460,F,2010,0,0,0
35461,F,1950,0,0,1
35462,F,1988,0,1,0
35463,M,1955,1,0,0
35464,M,2005,0,0,0
35465,F,2008,0,0,0
35466,M,1973,0,0,1
35467,M,1992,0,0,0
35468,F,1987,0,1,0
35469,F,1988,1,0,0
35470,F,1975,0,0,1
35471,M,1977,0,0,0
35472,M,1967,1,0,0
35473,F,1944,0,0,0
35474,F,1930,0,0,0
35475,F,1954,0,0,0
35476,F,1962,1,1,1
35477,M,1983,0,1,0
35478,F,2016,0,0,0
35479,M,1993,0,0,0
35480,F,1972,0,0,1
35481,M,2010,0,0,1
35482,F,1969,0,0,1
35483,F,2007,0,0,1
35484,F,1994,0,0,0
35485,M,1989,0,0,0
35486,M,1999,0,0,0
35487,M,1994,0,0,0
35488,M,1970,0,0,1
35489,M,1966,0,0,0
35490,M,1965,0,0,0
35491,M,1966,0,0,1
35492,M,1955,0,0,0
35493,F,1957,1,0,0
35494,M,1950,0,0,1
35495,F,1971,0,0,0
35496,M,1954,0,0,0
35497,M,1935,0,0,1
35498,M,2001,0,0,0
35499,F,1965,0,0,1
35500,M,2005,1,0,0
35501,F,1975,1,0,0
35502,F,1996,0,0,1
35503,M,1954,0,0,1
35504,M,1968,0,0,0
35505,M,1963,0,0,0
35506,F,1989,0,1,1
35507,M,1939,0,1,0
35508,F,1985,0,0,0
35509,M,1997,0,0,0
35510,F,1990,0,0,0
35511,F,1998,0,0,1
35512,F,1992,1,0,0
35513,F,1986,0,0,1
35514,M,1945,0,0,1
35515,F,2006,1,0,0
35516,M,1993,0,0,1
35517,F,1965,1,0,1
35518,M,1979,1,1,0
35519,M,1965,1,0,1
35520,F,1931,0,0,1
35521,M,1982,1,0,1
35522,F,1998,0,0,0
35523,M,1983,0,0,1
35524,F,1990,0,0,0
35525,M,1990,0,1,1
35526,M,1998,0,0,0
35527,M,1951,0,0,0
35528,M,2006,0,0,0
35529,M,1958,0,0,1
35530,F,1965,1,0,1
35531,M,2009,1,0,0
35532,M,1974,0,0,0
35533,M,2003,0,0,0
35534,F,1983,0,0,1
35535,F,1984,0,0,0
35536,M,1995,1,1,0
35537,M,1985,1,0,0
35538,M,1944,0,1,1
35539,M,2006,0,0,0
35540,F,1986,1,0,0
35541,F,2005,1,0,0
35542,M,1930,0,0,0
35543,M,1994,0,0,1
35544,M,1996,0,0,0
35545,F,1930,0,0,1
35546,F,1969,0,0,1
35547,M,1956,1,0,0
35548,F,2013,0,0,0
35549,M,1959,0,0,0
35550,F,1992,1,0,0
35551,F,1965,0,0,0
35552,M,1962,1,0,1
35553,M,2009,0,0,0
35554,M,2005,0,0,1
35555,F,2002,0,0,0
35556,F,1962,0,1,1
35557,M,2004,1,0,0
35558,F,2009,0,0,0
35559,F,2000,0,0,0
35560,F,2012,0,0,0
35561,M,1983,0,0,0
35562,F,1995,0,0,1
35563,M,2000,0,0,0
35564,M,1947,1,1,0
35565,M,1983,0,0,0
35566,M,1978,0,0,0
35567,M,1985,0,0,0
35568,M,1972,0,0,1
35569,F,1952,0,1,0
35570,F,1982,0,1,0
35571,M,1966,0,0,0
35572,M,1982,0,0,0
35573,F,1992,0,0,0
35574,F,1973,1,0,0
35575,M,1939,0,0,0
35576,F,1958,1,1,0
35577,F,2005,0,0,0
35578,F,1972,1,0,0
35579,M,2000,0,0,0
35580,M,1977,0,1,0
35581,F,2007,0,0,0
35582,F,1978,0,0,0
35583,M,1997,0,0,0
35584,F,1981,0,1,0
35585,F,1990,0,0,1
35586,F,1987,0,0,0
35587,M,1937,0,1,0
35588,F,1977,0,0,1
35589,F,1986,0,0,0
35590,F,1947,0,0,0
35591,M,1957,0,0,0
35592,F,1996,0,0,0
35593,F,1940,0,1,0
35594,F,2006,0,0,0
35595,M,1997,0,0,0
35596,F,1975,0,1,0
35597,F,1973,0,0,0
35598,M,1943,1,0,0
35599,M,1985,0,0,1
35600,F,1940,0,0,0
35601,M,1930,0,1,1
35602,M,1993,1,0,0
35603,F,1982,0,0,1
35604,F,1997,0,0,1
35605,F,1996,0,0,0
35606,F,1979,0,0,0
35607,F,1990,0,1,0
35608,M,1996,0,1,0
35609,F,1992,0,0,0
35610,F,1993,0,0,0
35611,F,1976,0,0,0
35612,F,2002,0,0,0
35613,M,1962,0,0,1
35614,F,1958,0,0,1
35615,M,2016,0,0,1
35616,M,1960,0,1,0
35617,M,1991,0,0,1
35618,M,1991,0,0,0
35619,F,1975,0,0,1
35620,F,1991,0,0,1
35621,F,1978,0,0,0
35622,F,1979,0,0,1
35623,F,1982,0,0,1
35624,F,1963,0,0,1
35625,M,1978,0,0,0
35626,F,2004,0,0,0
35627,F,1968,0,0,1
35628,F,2007,0,0,0
35629,M,1932,1,0,1
35630,M,1998,0,0,0
35631,F,1998,0,0,0
35632,M,1937,0,0,1
35633,M,1985,0,0,1
35634,F,1988,0,0,1
35635,M,2019,0,0,0
35636,M,1990,0,1,0
35637,M,1985,0,0,0
35638,F,1942,0,0,0
35639,F,1991,0,0,0
35640,M,1941,0,0,1
35641,M,1976,0,0,0
35642,M,1950,0,0,1
35643,M,1991,0,1,1
35644,M,1954,0,1,1
35645,M,1999,0,0,1
35646,M,1976,0,0,0
35647,F,2000,1,0,1
35648,M,1994,0,0,0
35649,F,2001,0,0,0
35650,M,1952,0,0,1
35651,F,1977,0,1,0
35652,M,1962,0,0,1
35653,F,1961,0,1,1
35654,F,2002,0,1,0
35655,F,1971,0,0,1
35656,F,1930,0,0,1
35657,M,1985,1,1,0
35658,F,1975,0,0,0
35659,F,1949,1,1,0
35660,M,1988,0,0,0
35661,M,1958,0,0,0
35662,F,1967,1,0,0
35663,F,1980,0,0,1
35664,M,1974,1,0,1
35665,F,2000,0,0,0
35666,F,1930,0,0,1
35667,M,1985,0,0,0
35668,F,1973,0,0,0
35669,M,2003,0,0,0
35670,F,1966,0,0,1
35671,M,1982,0,0,1
35672,F,1976,1,0,0
35673,F,1990,0,0,0
35674,F,1966,0,0,0
35675,F,1961,0,0,0
35676,F,1991,0,0,0
35677,F,1998,0,0,1
35678,F,1997,1,0,0
35679,M,1948,0,0,1
35680,M,1993,0,0,0
35681,M,1953,0,1,1
35682,F,1979,1,1,0
35683,F,1988,0,0,1
35684,F,2009,0,0,0
35685,M,1930,0,1,1
35686,F,1981,0,0,1
35687,F,1989,0,0,0
35688,M,1979,0,0,1
35689,F,1976,0,0,0
35690,F,1993,1,0,0
35691,F,1987,0,0,0
35692,M,2000,0,1,0
35693,M,1993,1,0,0
35694,M,1982,1,0,0
35695,F,2003,0,0,1
35696,F,1985,0,0,0
35697,M,1987,1,0,0
35698,M,1992,0,0,1
35699,F,1959,0,0,1
35700,M,2000,0,1,0
35701,M,1979,0,0,0
35702,F,1993,0,0,0
35703,M,1978,0,0,0
35704,F,1979,0,0,0
35705,M,1930,0,1,0
35706,M,1930,0,0,1
35707,F,1995,0,1,0
35708,F,1983,0,0,0
35709,M,1995,1,0,1
35710,M,1979,1,0,1
35711,F,1994,0,0,0
35712,F,1995,0,0,0
35713,F,1989,0,0,0
35714,F,1989,0,0,0
35715,M,2013,0,0,0
35716,M,1988,1,0,0
35717,M,1930,1,0,0
35718,F,1995,0,1,0
35719,F,1959,0,0,0
35720,M,1970,1,0,0
35721,M,1990,1,0,1
35722,M,1997,0,0,1
35723,F,2001,0,0,0
35724,F,1997,0,0,0
35725,F,2004,0,1,0
35726,F,2009,1,0,0
35727,M,1998,0,0,1
35728,F,1956,0,0,1
35729,M,1967,0,0,0
35730,F,1992,0,0,0
35731,F,1952,1,0,0
35732,M,1997,0,0,0
35733,F,2006,0,0,1
35734,M,1930,0,1,1
35735,M,1977,0,0,0
35736,F,1970,1,0,1
35737,M,1996,0,0,1
35738,M,1994,0,0,0
35739,F,1991,0,0,0
35740,F,1967,0,0,1
35741,M,2018,0,1,0
35742,M,2001,0,0,0
35743,M,1998,1,0,0
35744,M,1964,0,0,0
35745,F,1930,0,1,0
35746,M,1986,0,0,0
35747,F,2001,0,0,1
35748,F,2002,0,0,0
35749,F,1980,0,1,0
35750,F,1945,0,1,1
35751,M,1959,0,0,1
35752,M,1974,0,0,0
35753,F,2003,0,0,0
35754,M,1980,0,0,0
35755,M,2007,0,0,1
35756,M,1939,0,1,0
35757,F,1996,0,0,0
35758,F,1990,0,0,0
35759,M,1951,0,0,0
35760,F,1991,0,1,0
35761,F,1937,0,0,0
35762,M,2021,0,0,0
35763,M,1997,0,0,1
35764,M,1966,0,1,0
35765,M,1961,0,0,0
35766,M,1996,1,0,0
35767,M,2004,0,1,0
35768,M,1973,0,0,1
35769,M,1985,0,0,0
35770,M,2016,0,0,0
35771,F,2003,0,0,0
35772,F,1966,0,0,1
35773,M,1975,1,0,0
35774,F,1994,0,0,0
35775,M,2005,1,0,0
35776,M,1969,1,0,0
35777,F,1955,0,1,0
35778,M,1973,0,0,0
35779,M,2001,1,0,1
35780,M,1994,1,0,1
35781,M,1930,0,1,0
35782,F,1982,0,0,0
35783,M,1930,1,0,0
35784,F,1994,0,0,0
35785,M,1986,0,0,1
35786,M,2006,0,0,0
35787,F,2002,1,0,0
35788,M,2006,0,0,0
35789,M,2001,1,1,0
35790,F,1969,0,0,1
35791,F,1930,0,0,0
35792,F,1982,0,0,1
35793,M,2011,0,0,0
35794,F,1987,0,0,0
35795,F,1990,0,0,0
35796,F,1964,0,1,1
35797,M,2004,0,0,0
35798,M,1987,0,1,0
35799,F,1948,0,0,1
35800,M,1930,0,0,1
35801,M,1979,1,0,0
35802,F,1972,1,0,0
35803,F,1971,1,0,0
35804,F,1994,0,0,0
35805,M,1965,0,0,1
35806,M,1996,1,0,1
35807,F,1982,0,0,0
35808,M,2012,0,0,0
35809,F,2004,1,0,1
35810,M,1991,0,0,0
35811,M,1987,0,0,0
35812,F,1995,0,0,1
35813,M,1986,0,0,1
35814,M,2009,0,0,0
35815,M,2012,0,0,0
35816,F,1962,0,0,1
35817,F,1961,0,0,0
35818,F,1997,0,0,1
35819,M,1983,1,0,1
35820,F,1994,0,0,0
35821,F,1991,0,0,1
35822,F,1985,0,1,1
35823,M,1990,0,0,1
35824,M,1958,0,0,0
35825,M,1972,0,0,1
35826,M,1991,0,0,0
35827,F,1979,0,0,0
35828,F,1964,0,0,1
35829,M,1997,0,0,0
35830,M,1952,1,0,1
35831,M,1993,0,0,0
35832,M,1931,0,0,0
35833,F,1978,0,0,0
35834,F,2019,0,0,0
35835,M,2008,0,0,0
35836,F,2001,0,0,0
35837,F,2003,1,0,1
35838,M,1973,0,1,1
35839,F,1998,0,0,0
35840,F,1978,1,0,0
35841,F,1975,0,0,0
35842,F,1987,0,0,0
35843,M,1946,0,0,1
35844,M,1977,1,0,0
35845,M,2011,0,0,0
35846,M,1976,0,1,0
35847,F,1987,0,1,0
35848,M,1930,0,0,0
35849,M,2014,0,1,0
35850,M,1954,1,0,0
35851,F,1970,0,0,1
35852,M,1990,1,0,1
35853,M,1996,0,0,0
35854,M,1957,0,0,1
35855,F,1978,0,0,0
35856,M,2017,0,0,0
35857,M,1936,0,0,0
35858,F,1984,0,0,1
35859,M,1948,0,1,0
35860,F,1983,0,0,1
35861,M,1993,0,0,0
35862,M,1980,0,0,0
35863,F,1930,0,0,0
35864,M,1989,0,0,0
35865,M,1999,0,0,0
35866,M,1981,0,0,1
35867,F,1945,1,0,0
35868,M,1993,0,0,0
35869,F,1930,0,0,1
35870,F,2012,0,0,0
35871,M,1974,0,1,0
35872,F,1984,1,1,1
35873,F,1996,1,0,0
35874,M,1934,0,0,1
35875,M,1976,0,0,0
35876,M,1941,0,0,1
35877,M,1999,0,0,0
35878,F,1984,0,0,1
35879,F,2005,0,0,0
35880,M,1943,0,0,0
35881,M,1997,0,0,0
35882,F,2002,0,0,0
35883,F,1953,0,0,1
35884,M,1940,0,0,1
35885,F,1986,0,0,0
35886,M,1950,0,0,0
35887,M,1976,1,0,0
35888,M,1973,0,0,0
35889,F,2003,1,0,0
35890,F,1999,0,0,0
35891,F,1961,0,0,0
35892,M,1990,0,1,0
35893,M,2011,0,0,0
35894,M,1974,0,0,1
35895,F,1984,1,0,1
35896,F,1994,0,0,0
35897,M,2009,0,0,0
35898,M,1987,1,0,0
35899,M,1986,0,0,0
35900,F,1983,0,0,1
35901,F,2017,0,0,1
35902,F,1966,0,1,1
35903,F,1976,0,0,0
35904,M,2008,0,0,0
35905,F,1969,0,0,1
35906,F,1971,0,0,0
35907,F,1976,0,0,0
35908,F,1994,0,0,0
35909,F,1959,0,0,1
35910,F,1937,0,0,1
35911,F,1986,0,1,0
35912,M,2004,0,0,1
35913,M,2000,0,1,0
35914,M,2002,0,0,1
35915,F,1977,0,0,1
35916,F,1975,0,0,0
35917,M,2016,0,0,0
35918,M,1997,0,0,1
35919,F,1976,0,0,1
35920,F,1978,0,0,0
35921,M,1995,0,0,0
35922,M,1982,0,1,0
35923,F,1930,0,1,1
35924,F,1982,0,0,0
35925,M,2002,0,0,0
35926,F,1990,0,0,0
35927,M,1953,1,0,0
35928,F,1992,1,0,0
35929,F,1986,0,0,0
35930,M,1943,0,0,0
35931,F,2002,0,0,0
35932,M,1979,1,0,1
35933,F,1990,0,0,0
35934,M,1974,0,0,0
35935,F,1991,0,0,0
35936,F,2006,0,0,0
35937,F,2003,0,0,1
35938,M,1947,1,0,0
35939,M,1980,0,0,0
35940,F,1987,0,0,0
35941,M,1936,0,1,1
35942,M,1973,0,0,0
35943,M,1992,0,0,0
35944,M,1976,1,0,1
35945,M,1947,0,1,0
35946,F,1961,0,0,0
35947,M,1991,0,0,0
35948,F,1979,1,0,1
35949,M,1986,0,1,1
35950,M,1930,0,0,1
35951,M,1930,0,1,0
35952,M,1962,0,0,1
35953,M,1999,0,0,0
35954,M,1959,0,0,1
35955,F,2010,0,0,0
35956,M,2010,0,0,0
35957,M,1978,0,0,0
35958,M,1979,1,0,0
35959,F,1978,0,1,1
35960,F,1967,0,0,0
35961,M,1989,0,0,1
35962,M,1958,0,0,0
35963,F,1991,1,0,0
35964,M,1977,0,0,0
35965,F,1997,0,0,0
35966,M,1986,0,0,0
35967,M,1992,0,1,0
35968,M,1986,0,0,1
35969,F,1966,1,1,0
35970,F,1959,0,0,1
35971,M,1955,0,0,1
35972,M,1991,0,0,0
35973,F,1974,0,1,1
35974,M,1997,0,0,0
35975,F,1968,0,0,0
35976,F,2007,0,0,0
35977,M,1930,1,1,0
35978,M,1995,0,0,0
35979,F,1972,0,1,0
35980,M,1930,0,0,1
35981,M,1989,0,0,0
35982,F,1971,0,0,1
35983,F,2006,1,0,0
35984,F,1974,0,0,1
35985,F,2002,0,0,0
35986,M,1984,0,0,1
35987,M,2008,0,0,0
35988,F,1975,0,0,0
35989,F,1987,0,0,0
35990,M,1988,0,1,0
35991,M,2010,0,0,0
35992,F,1978,0,0,0
35993,F,1988,0,0,0
35994,M,1996,0,0,0
35995,F,2000,0,0,0
35996,M,1969,0,0,0
35997,F,1976,1,1,1
35998,M,1982,0,1,1
35999,M,1930,1,1,1
36000,M,1956,0,0,0
36001,F,1968,0,0,1
36002,M,1982,0,0,0
36003,F,1971,0,0,0
36004,F,1935,0,0,0
36005,F,2007,0,0,0
36006,M,1976,1,0,1
36007,F,1972,0,0,1
36008,F,2002,0,0,0
36009,F,1981,0,0,1
36010,M,1965,0,0,0
36011,F,1968,0,0,1
36012,M,1982,0,0,0
36013,F,1977,0,0,0
36014,M,1980,0,0,0
36015,M,2005,0,0,0
36016,M,1990,0,0,0
36017,F,1930,0,0,0
36018,M,1980,0,1,1
36019,M,1992,0,0,0
36020,M,1966,0,0,0
36021,F,2008,0,0,0
36022,F,1990,0,0,0
36023,M,1988,1,0,0
36024,M,1965,0,0,0
36025,M,1980,1,0,0
36026,F,1979,0,0,1
36027,F,1982,0,0,0
36028,F,1999,0,0,0
36029,M,1979,0,0,0
36030,F,1977,0,0,1
36031,M,1988,0,0,0
36032,M,1971,0,0,0
36033,F,1996,1,0,0
36034,M,1989,0,0,0
36035,F,1948,0,0,0
36036,F,1995,0,0,0
36037,F,1991,0,0,1
36038,F,1976,0,0,0
36039,M,1941,0,0,1
36040,F,1961,0,0,0
36041,M,1977,0,1,1
36042,F,1983,1,0,1
36043,M,2010,0,1,0
36044,M,1979,0,0,0
36045,M,1997,0,1,0
36046,F,1998,0,0,0
36047,M,2003,0,0,0
36048,M,1961,0,0,1
36049,F,1993,1,0,0
36050,M,2004,0,0,0
36051,M,1986,0,0,1
36052,M,1945,0,0,0
36053,F,2000,0,0,0
36054,M,1940,0,1,1
36055,F,1974,0,1,1
36056,F,1941,0,1,0
36057,M,1987,1,1,0
36058,M,1963,0,1,0
36059,F,1930,0,0,1
36060,M,1993,0,0,1
36061,F,1985,0,0,1
36062,M,1979,0,0,0
36063,F,2019,0,0,0
36064,M,2017,0,0,0
36065,F,1976,0,0,0
36066,M,2017,0,0,0
36067,F,1972,0,0,1
36068,M,1978,0,0,0
36069,F,1990,0,0,0
36070,M,1930,0,1,1
36071,F,1957,0,1,1
36072,M,1939,0,1,1
36073,F,1989,1,0,0
36074,F,1993,0,0,1
36075,M,1970,0,0,0
36076,M,1980,1,0,0
36077,F,1991,0,0,1
36078,M,1991,0,1,1
36079,M,2005,0,0,0
36080,M,1956,1,0,0
36081,M,1962,0,1,0
36082,M,2014,0,0,0
36083,M,1962,0,0,1
36084,F,1930,0,0,1
36085,M,1960,1,0,1
36086,M,1994,0,1,0
36087,M,1976,1,0,1
36088,M,2010,0,0,0
36089,M,1999,0,0,0
36090,M,1962,0,0,1
36091,F,2000,1,0,1
36092,M,1987,0,0,1
36093,F,1984,0,0,1
36094,F,1963,0,0,0
36095,M,1987,0,0,1
36096,M,1999,0,0,0
36097,F,1975,0,1,0
36098,M,2004,0,0,0
36099,F,1944,0,0,0
36100,F,2005,0,0,1
36101,F,1961,1,0,0
36102,F,1970,0,1,0
36103,M,1961,1,0,1
36104,F,2001,0,0,0
36105,M,1995,0,0,0
36106,F,1993,0,1,0
36107,F,1987,0,0,0
36108,F,2004,0,0,0
36109,M,1984,0,0,0
36110,F,1983,0,1,1
36111,F,1962,0,0,0
36112,F,1985,0,0,0
36113,M,2011,0,0,0
36114,F,2008,0,1,0
36115,M,1998,1,0,0
36116,M,1988,1,0,0
36117,M,1936,1,1,0
36118,F,1955,0,1,1
36119,M,1990,0,0,0
36120,F,1997,0,0,0
36121,M,1983,0,0,1
36122,F,1983,0,0,0
36123,M,1985,1,0,0
36124,M,2005,0,0,0
36125,M,1993,1,0,0
36126,M,1993,0,0,0
36127,F,1977,0,1,0
36128,M,1955,0,0,1
36129,M,1993,1,0,0
36130,F,1978,0,0,1
36131,M,2019,0,0,1
36132,M,1980,0,0,0
36133,M,2015,0,0,0
36134,M,2002,0,0,1
36135,M,1996,0,0,0
36136,F,1977,0,1,1
36137,M,1983,0,0,0
36138,F,2011,0,0,1
36139,M,1977,0,0,0
36140,M,1938,1,0,1
36141,M,2005,0,0,0
36142,M,1993,0,0,0
36143,F,1988,0,0,0
36144,F,1989,0,1,0
36145,F,1963,0,1,0
36146,F,1970,0,0,0
36147,M,1979,0,1,0
36148,F,1987,0,1,0
36149,F,1970,0,0,0
36150,M,2012,0,0,0
36151,M,1932,1,0,1
36152,F,1961,0,0,1
36153,F,1958,0,1,0
36154,M,1930,0,0,0
36155,F,1962,0,0,0
36156,F,2003,0,0,0
36157,F,1981,1,0,1
36158,M,1963,0,0,1
36159,M,1982,1,0,1
36160,M,1979,0,0,1
36161,F,1954,0,0,1
36162,F,1987,0,1,0
36163,F,1946,1,0,0
36164,M,1995,0,0,0
36165,M,1979,0,0,0
36166,M,2011,0,0,0
36167,F,2011,0,0,0
36168,M,1930,0,0,1
36169,M,1982,1,1,0
36170,M,1988,0,1,0
36171,F,1977,0,0,0
36172,M,1970,0,0,0
36173,F,2002,0,0,0
36174,M,1962,1,1,0
36175,M,1992,0,0,0
36176,F,1930,0,0,1
36177,M,1979,0,0,0
36178,M,2015,0,0,0
36179,F,1993,0,0,1
36180,M,1979,0,0,0
36181,M,2006,1,0,1
36182,F,1973,0,0,0
36183,M,1969,0,0,1
36184,M,1987,0,0,0
36185,M,2015,0,0,0
36186,M,1930,0,0,1
36187,M,2008,1,0,0
36188,M,1992,0,0,0
36189,M,1965,0,0,0
36190,M,1971,0,0,0
36191,M,2013,0,0,0
36192,F,1998,0,0,1
36193,F,1998,0,0,1
36194,M,1981,0,0,1
36195,F,2002,0,0,0
36196,F,1982,0,0,1
36197,M,1962,0,0,0
36198,M,1993,0,0,0
36199,F,1986,0,0,0
36200,M,1974,0,0,1
36201,M,1947,0,0,1
36202,F,1972,0,0,0
36203,F,1995,0,0,1
36204,F,1957,0,0,0
36205,F,1964,0,0,1
36206,M,1958,1,1,1
36207,F,1990,0,0,0
36208,M,1951,0,0,0
36209,F,1993,0,0,1
36210,M,1998,1,0,0
36211,M,1951,0,0,0
36212,M,1983,0,0,1
36213,M,1982,1,1,0
36214,M,2002,0,0,0
36215,M,2001,0,0,0
36216,M,1998,0,0,0
36217,M,1991,0,0,0
36218,M,1991,1,0,1
36219,M,2011,0,0,0
36220,M,1964,0,0,0
36221,F,1930,0,0,1
36222,M,2002,0,0,0
36223,M,1984,0,0,0
36224,M,1959,0,1,0
36225,F,1953,0,0,0
36226,M,1992,0,0,0
36227,F,2023,0,0,0
36228,F,1958,1,0,1
36229,F,2005,0,0,0
36230,F,2017,0,0,0
36231,M,1991,0,0,1
36232,M,1930,0,0,0
36233,M,1983,0,0,0
36234,M,1930,1,0,1
36235,M,2004,0,0,0
36236,M,1995,0,1,0
36237,M,1965,0,0,0
36238,M,1951,0,0,0
36239,M,1972,0,1,1
36240,F,1992,0,0,0
36241,M,1930,0,1,1
36242,M,1986,0,0,0
36243,M,1993,0,0,1
36244,M,1975,0,0,0
36245,M,1963,0,1,0
36246,F,1995,0,0,1
36247,F,2002,0,0,0
36248,F,1958,0,0,0
36249,M,2018,0,0,0
36250,F,2001,1,0,0
36251,M,2001,0,0,0
36252,M,1995,1,0,0
36253,M,1960,0,0,0
36254,M,1956,0,1,0
36255,M,1984,0,0,0
36256,M,1945,1,0,1
36257,F,1932,0,0,1
36258,F,1988,0,0,0
36259,F,1969,0,0,0
36260,F,1998,0,0,0
36261,M,2012,0,0,0
36262,M,1984,0,0,0
36263,F,1979,1,0,0
36264,M,1971,0,0,0
36265,F,1984,0,0,0
36266,M,2009,0,0,0
36267,F,1991,0,0,0
36268,M,1952,0,0,1
36269,F,2007,0,0,0
36270,M,1985,1,0,0
36271,F,1993,0,0,0
36272,M,1990,0,0,1
36273,M,1957,1,0,1
36274,M,1930,0,0,1
36275,M,1996,0,0,0
36276,F,2005,0,0,0
36277,M,2001,1,0,0
36278,M,2001,0,0,1
36279,M,1983,0,0,0
36280,F,1958,1,0,0
36281,F,1991,0,0,0
36282,M,1999,0,0,0
36283,M,1957,0,0,1
36284,M,2006,0,0,1
36285,F,1983,0,0,0
36286,M,1971,0,0,0
36287,M,2003,1,0,0
36288,F,1983,1,0,0
36289,M,1957,0,0,1
36290,F,1992,0,0,1
36291,M,1970,1,0,1
36292,M,2009,0,0,0
36293,F,1998,0,0,0
36294,M,2003,0,0,0
36295,F,1988,1,0,0
36296,M,1999,0,0,1
36297,F,1939,0,0,1
36298,M,1976,0,0,1
36299,M,2004,1,0,0
36300,F,1994,0,0,0
36301,F,1993,0,1,0
36302,M,1957,1,0,0
36303,F,1973,0,0,1
36304,F,1984,0,0,0
36305,M,1972,1,0,0
36306,F,1952,0,0,0
36307,M,1930,0,1,0
36308,F,1930,0,0,0
36309,M,1981,0,0,0
36310,F,1990,0,1,1
36311,M,1976,1,0,0
36312,M,1963,0,0,1
36313,M,1996,1,0,0
36314,F,1979,1,0,0
36315,M,1975,0,0,0
36316,M,1937,0,0,1
36317,M,1999,0,0,1
36318,F,2009,0,0,0
36319,M,2010,0,0,0
36320,M,1957,1,0,1
36321,F,1946,0,0,0
36322,M,1991,0,0,0
36323,F,1963,0,1,1
36324,M,1951,1,0,0
36325,M,1974,0,0,0
36326,M,1930,0,0,0
36327,F,1986,0,0,0
36328,F,1964,0,1,1
36329,F,2019,0,0,0
36330,F,1933,0,0,1
36331,F,1978,0,0,0
36332,F,1975,0,0,0
36333,F,1963,0,0,0
36334,F,1954,0,0,1
36335,M,1984,0,0,1
36336,M,1956,0,0,0
36337,M,1988,0,1,1
36338,M,1944,0,0,1
36339,M,1962,0,0,0
36340,M,2001,0,0,0
36341,F,2002,0,0,1
36342,M,1954,0,1,1
36343,M,2012,0,0,0
36344,F,1988,1,0,0
36345,M,1960,0,1,0
36346,F,1994,0,0,0
36347,F,1978,0,0,1
36348,F,1995,0,0,0
36349,F,2002,0,0,0
36350,F,1947,1,0,0
36351,F,1999,0,0,0
36352,M,2008,0,0,0
36353,F,1996,0,0,0
36354,F,1989,1,0,0
36355,M,1988,1,0,0
36356,F,1986,0,0,1
36357,F,1949,0,1,0
36358,F,1977,1,0,0
36359,M,1992,1,0,0
36360,M,1986,0,0,0
36361,F,1969,0,0,1
36362,M,2015,0,0,0
36363,F,1988,0,0,1
36364,M,1941,1,0,1
36365,M,1983,0,1,1
36366,M,1980,1,0,1
36367,M,1986,0,0,0
36368,M,1949,0,0,1
36369,M,1936,0,0,0
36370,M,2018,0,0,0
36371,F,1930,0,0,0
36372,F,1936,0,0,1
36373,F,2005,0,0,1
36374,M,1959,0,0,1
36375,F,1958,0,0,0
36376,M,2003,0,0,0
36377,F,1988,1,0,0
36378,M,1977,0,0,1
36379,M,1930,0,0,1
36380,F,1978,0,0,0
36381,M,1974,0,0,0
36382,M,1952,0,0,0
36383,F,1995,1,0,0
36384,F,1997,1,0,0
36385,M,1964,1,1,0
36386,M,1972,0,0,1
36387,F,1988,0,0,0
36388,F,1953,0,1,1
36389,M,1935,1,0,0
36390,M,1954,0,0,1
36391,M,1990,0,0,0
36392,M,1980,1,0,0
36393,M,1994,0,0,0
36394,F,1941,0,0,0
36395,M,1980,0,0,0
36396,M,2008,0,1,1
36397,M,1965,0,1,0
36398,F,1979,0,0,1
36399,F,1983,0,1,0
36400,M,2008,0,0,0
36401,F,1995,0,0,0
36402,M,1977,0,0,0
36403,F,1959,0,1,1
36404,M,1970,0,0,0
36405,M,1997,0,0,0
36406,F,1992,1,0,1
36407,M,1999,0,1,0
36408,F,1987,0,1,0
36409,F,1961,0,0,0
36410,F,1991,0,0,0
36411,F,1987,0,0,1
36412,F,1982,0,0,0
36413,F,2005,0,0,0
36414,F,1976,0,0,1
36415,F,1979,0,0,1
36416,M,1978,0,0,1
36417,M,1999,0,1,0
36418,F,1930,0,0,1
36419,M,1930,0,0,1
36420,F,1988,0,0,0
36421,F,2011,0,0,0
36422,F,2018,0,0,0
36423,F,2001,0,0,0
36424,F,2000,0,0,0
36425,F,1986,0,0,0
36426,M,1995,1,1,0
36427,M,1991,0,0,0
36428,F,1953,0,1,1
36429,F,1993,0,1,1
36430,M,1940,0,0,0
36431,F,1981,0,0,0
36432,F,1980,0,0,1
36433,F,1959,0,1,1
36434,M,1953,0,0,0
36435,F,1971,0,0,0
36436,M,1982,0,0,1
36437,M,1991,0,0,0
36438,F,2011,0,0,0
36439,F,1956,0,0,0
36440,F,1966,0,0,0
36441,M,1991,0,0,0
36442,M,1993,0,0,1
36443,M,1951,1,0,1
36444,M,2018,0,0,0
36445,F,1981,0,0,0
36446,F,1985,0,0,1
36447,M,1956,0,0,1
36448,M,1966,0,0,0
36449,F,2003,1,0,0
36450,F,1993,0,0,1
36451,M,2014,0,0,0
36452,M,1978,0,0,0
36453,M,1993,0,0,0
36454,M,2005,0,1,0
36455,M,2001,0,0,0
36456,F,1933,0,1,1
36457,F,1991,0,0,0
36458,F,1973,0,1,1
36459,M,2013,0,0,0
36460,M,1961,0,0,0
36461,M,1972,0,0,1
36462,M,1958,0,0,0
36463,F,2006,0,0,0
36464,M,1930,0,0,1
36465,M,1948,0,0,1
36466,M,2006,1,0,0
36467,M,1993,0,0,1
36468,M,1972,0,0,0
36469,M,2005,0,0,0
36470,F,1935,0,0,1
36471,M,1963,0,0,0
36472,F,1993,0,0,0
36473,M,1966,0,1,0
36474,F,1992,1,0,0
36475,F,1933,0,1,0
36476,F,1978,0,0,1
36477,M,1973,1,0,0
36478,F,2001,0,0,0
36479,F,1989,0,0,0
36480,M,1952,0,0,1
36481,F,1987,0,0,0
36482,F,2002,0,0,0
36483,F,2006,0,0,0
36484,F,1976,0,1,0
36485,M,2009,0,0,0
36486,F,2011,0,0,0
36487,M,2015,0,0,0
36488,M,1975,1,0,1
36489,F,2015,0,0,0
36490,F,1978,0,1,1
36491,M,1982,0,1,0
36492,M,1993,0,0,0
36493,M,1983,1,0,0
36494,M,1969,0,1,0
36495,M,1942,0,0,0
36496,M,1987,0,0,1
36497,M,1978,0,0,1
36498,M,2003,0,0,0
36499,M,1979,1,1,0
36500,M,1986,0,0,0
36501,F,1972,0,0,1
36502,M,2004,0,0,1
36503,M,1930,0,0,1
36504,M,1991,0,0,0
36505,F,1976,0,1,0
36506,M,2017,0,0,1
36507,M,1982,0,0,1
36508,M,1975,1,0,0
36509,M,1955,0,0,0
36510,M,1973,1,1,0
36511,M,1938,0,0,1
36512,M,1952,0,0,0
36513,M,2007,0,0,0
36514,F,1936,1,0,0
36515,F,1989,0,1,0
36516,M,1983,0,0,0
36517,M,2009,0,0,0
36518,F,1957,0,1,1
36519,M,1987,0,0,0
36520,F,1986,0,0,0
36521,F,1981,0,0,0
36522,F,1962,1,1,0
36523,F,1942,1,0,0
36524,F,2009,0,0,0
36525,F,1990,1,0,0
36526,F,2000,0,0,0
36527,F,1956,0,0,1
36528,M,1965,0,0,1
36529,F,1973,0,0,0
36530,M,1985,0,1,0
36531,M,1962,0,0,0
36532,F,1978,1,0,1
36533,M,1969,1,0,1
36534,M,1946,1,0,1
36535,M,1969,1,0,1
36536,M,1986,0,0,0
36537,F,1997,0,0,0
36538,M,1997,0,0,1
36539,M,1992,0,0,0
36540,F,1973,0,0,0
36541,F,1942,0,0,1
36542,M,1999,0,1,1
36543,F,1948,0,0,0
36544,F,1994,1,1,0
36545,M,1941,0,1,1
36546,F,1994,0,0,0
36547,F,1995,0,0,0
36548,F,2008,0,0,0
36549,M,1990,0,0,0
36550,M,1992,0,0,0
36551,M,1969,1,0,1
36552,F,1998,0,0,0
36553,F,1978,0,0,0
36554,F,1992,0,0,0
36555,M,1959,0,0,1
36556,F,1964,0,0,1
36557,F,1967,0,0,1
36558,F,2016,0,0,0
36559,F,1999,0,0,1
36560,F,1957,0,0,0
36561,F,1995,0,0,0
36562,F,1960,0,0,0
36563,M,2007,0,0,0
36564,M,1970,0,1,1
36565,F,1974,0,0,0
36566,M,1973,0,0,1
36567,M,1937,0,0,0
36568,F,2000,0,0,0
36569,M,1959,0,1,0
36570,M,1978,0,0,0
36571,M,1930,1,1,1
36572,F,1991,0,0,0
36573,F,1952,0,0,1
36574,F,1932,0,0,1
36575,F,2000,0,0,0
36576,F,1993,0,0,0
36577,M,1959,1,0,0
36578,F,1968,0,1,1
36579,F,2005,0,0,0
36580,F,1986,0,0,1
36581,M,1976,1,0,1
36582,M,1987,0,0,0
36583,F,1986,1,1,0
36584,M,1995,0,0,0
36585,M,1965,1,0,0
36586,F,1993,1,1,0
36587,F,2008,1,0,0
36588,F,1981,0,0,0
36589,M,1973,0,0,0
36590,F,2002,0,0,0
36591,F,1977,0,0,1
36592,F,2003,0,0,0
36593,F,1997,0,0,0
36594,F,1996,0,0,0
36595,F,1967,0,0,1
36596,F,2001,0,0,1
36597,M,1954,0,0,0
36598,F,1949,0,0,0
36599,M,1997,0,0,0
36600,F,1968,0,0,1
36601,F,1973,0,0,0
36602,M,1975,0,0,0
36603,M,1947,0,0,0
36604,M,1988,0,0,0
36605,M,1977,0,1,0
36606,F,1970,1,0,1
36607,F,2012,0,0,0
36608,F,1962,0,0,0
36609,M,1930,1,0,0
36610,M,2011,0,0,0
36611,M,1976,0,0,0
36612,F,1985,0,0,0
36613,F,1973,0,1,1
36614,F,1962,1,0,1
36615,F,1994,0,1,0
36616,F,1973,1,0,1
36617,F,1947,0,1,1
36618,M,1957,0,0,0
36619,F,1965,1,0,1
36620,F,1988,1,0,0
36621,F,1990,0,0,0
36622,M,1975,0,0,0
36623,M,1975,1,1,0
36624,F,1957,0,0,0
36625,M,1976,0,0,0
36626,F,1962,0,0,0
36627,F,2008,1,0,0
36628,F,1966,0,0,0
36629,M,1965,0,0,0
36630,M,1949,0,0,0
36631,F,2011,0,0,1
36632,M,1939,0,1,1
36633,F,1984,1,0,0
36634,M,1989,0,0,1
36635,M,1960,1,1,1
36636,F,1986,0,1,1
36637,F,2015,0,0,0
36638,M,1970,0,0,0
36639,F,1970,0,0,1
36640,F,2020,0,0,0
36641,F,1930,1,1,1
36642,F,1930,1,0,0
36643,F,1952,0,0,1
36644,M,1996,0,0,0
36645,F,1968,0,0,0
36646,M,2000,0,0,0
36647,M,1981,1,1,0
36648,M,1987,1,0,0
36649,F,1930,0,1,1
36650,F,1984,0,0,1
36651,M,1955,0,0,0
36652,F,1978,1,0,1
36653,M,1955,0,1,0
36654,M,2013,0,0,0
36655,M,1982,0,1,0
36656,F,1956,1,0,0
36657,M,1955,0,0,0
36658,M,1963,0,0,1
36659,M,1990,0,0,1
36660,M,1963,1,0,0
36661,M,1967,1,0,0
36662,M,1976,0,0,1
36663,M,1958,0,0,1
36664,F,1998,1,0,0
36665,M,1982,0,0,0
36666,F,2006,1,0,0
36667,F,2004,0,0,0
36668,F,1996,0,0,0
36669,M,1932,0,1,0
36670,M,1956,0,0,1
36671,F,1993,0,0,0
36672,M,1986,1,0,0
36673,F,1989,0,0,1
36674,M,1967,0,1,0
36675,F,1997,1,1,0
36676,F,1930,0,0,0
36677,M,1930,0,1,1
36678,M,1972,0,0,1
36679,F,1988,1,0,0
36680,F,1944,0,1,0
36681,M,1958,0,0,0
36682,M,1999,1,0,0
36683,F,1980,0,0,0
36684,F,1981,1,0,0
36685,M,2014,0,0,0
36686,F,1960,0,0,0
36687,M,1987,0,0,1
36688,M,1973,1,0,0
36689,F,1948,0,0,0
36690,M,1977,0,0,1
36691,F,1959,1,1,0
36692,F,1982,0,0,1
36693,F,2007,0,0,0
36694,F,1937,0,0,0
36695,F,1934,1,0,1
36696,M,2000,0,0,0
36697,M,1930,0,0,1
36698,M,1985,0,0,0
36699,F,1980,0,0,1
36700,M,1962,0,1,0
36701,F,1970,0,0,0
36702,M,2011,0,0,1
36703,F,1943,0,0,0
36704,M,1983,0,0,0
36705,M,1990,1,0,0
36706,F,1964,1,0,1
36707,M,1973,0,1,0
36708,F,1936,1,0,1
36709,M,1940,0,0,0
36710,F,1991,0,0,0
36711,M,1985,1,0,0
36712,F,2000,1,0,0
36713,M,1940,0,0,1
36714,M,1951,1,1,1
36715,M,1990,0,0,0
36716,F,1956,0,0,0
36717,F,1996,0,0,0
36718,M,1971,0,0,1
36719,M,1968,1,0,0
36720,F,1973,1,1,1
36721,M,2005,1,0,0
36722,M,1959,0,0,0
36723,M,1994,0,0,1
36724,M,2003,0,0,0
36725,F,1960,0,0,1
36726,F,1935,0,0,1
36727,M,2004,0,0,0
36728,F,2014,0,0,0
36729,M,1991,0,0,0
36730,F,1971,0,0,1
36731,M,1996,1,0,0
36732,F,1970,0,1,0
36733,M,1992,0,1,1
36734,M,2001,1,0,0
36735,M,2013,0,0,0
36736,F,1945,1,0,1
36737,F,1967,0,0,0
36738,F,1960,0,0,1
36739,M,2017,0,0,0
36740,M,1986,1,0,0
36741,M,1939,0,0,0
36742,F,1930,0,0,0
36743,M,1953,0,0,1
36744,F,1979,0,1,0
36745,M,1994,1,1,0
36746,F,1968,1,1,0
36747,F,2009,1,0,0
36748,M,1999,0,0,0
36749,M,1984,0,0,0
36750,F,1954,0,0,0
36751,M,1977,0,1,0
36752,M,1963,0,1,0
36753,F,1970,1,0,0
36754,F,1990,0,1,0
36755,F,2007,0,0,0
36756,F,1995,0,0,1
36757,M,1974,0,0,0
36758,F,1995,0,0,0
36759,M,1975,0,0,0
36760,M,1930,0,0,0
36761,F,2008,0,0,0
36762,F,2011,0,0,1
36763,F,1962,1,0,1
36764,F,2009,0,0,0
36765,M,1968,1,0,0
36766,M,1962,1,0,0
36767,M,1993,0,0,0
36768,F,1947,1,0,0
36769,F,1968,0,1,0
36770,M,1930,0,0,0
36771,M,1991,0,0,0
36772,F,1990,1,0,0
36773,F,2006,1,0,0
36774,F,1930,0,0,0
36775,F,1945,0,0,0
36776,M,2002,0,0,0
36777,M,1963,0,0,0
36778,M,1930,0,1,1
36779,F,1990,0,0,0
36780,M,1992,0,0,0
36781,M,2009,0,0,0
36782,F,1950,0,0,0
36783,M,1994,0,0,0
36784,M,2005,0,0,1
36785,M,1965,0,0,0
36786,F,2008,0,1,0
36787,M,1972,0,0,0
36788,M,2003,1,0,0
36789,M,1961,1,0,0
36790,F,2001,1,0,0
36791,F,1993,0,1,0
36792,M,1978,0,0,0
36793,M,1991,0,0,0
36794,F,1930,0,0,1
36795,M,1999,0,0,0
36796,F,2005,0,0,0
36797,M,1930,0,0,1
36798,F,1987,1,0,0
36799,M,1964,0,0,1
36800,F,1996,0,0,0
36801,M,1988,0,1,0
36802,M,1972,0,0,0
36803,F,1974,1,0,0
36804,F,1945,1,1,0
36805,M,2005,0,0,0
36806,M,1976,1,1,0
36807,M,2013,0,0,0
36808,M,1985,0,0,0
36809,F,1952,0,1,1
36810,F,1930,0,0,1
36811,F,1970,0,0,1
36812,M,1949,0,1,0
36813,M,1991,0,0,0
36814,M,1991,0,0,0
36815,F,1981,0,0,0
36816,F,1981,0,0,0
36817,F,1973,0,0,1
36818,M,2004,0,0,0
36819,M,1935,0,0,1
36820,M,1978,0,0,0
36821,M,1961,0,0,1
36822,F,1948,1,0,0
36823,M,2001,1,0,1
36824,M,1939,0,0,1
36825,M,1968,0,0,1
36826,F,1966,1,0,1
36827,M,1982,0,1,1
36828,M,1930,0,1,0
36829,M,1939,1,1,0
36830,M,1993,0,0,0
36831,F,1984,0,0,1
36832,F,1972,1,0,1
36833,M,1982,0,0,0
36834,M,1944,0,1,0
36835,M,1939,0,0,0
36836,M,1989,0,1,1
36837,M,1993,1,0,1
36838,M,1981,0,0,0
36839,M,1971,0,1,1
36840,M,1971,1,0,0
36841,M,1999,0,0,0
36842,F,2004,0,0,0
36843,M,1948,0,0,0
36844,M,1992,0,0,1
36845,F,1984,0,0,0
36846,M,1954,0,0,1
36847,F,1976,1,0,0
36848,M,1984,0,0,1
36849,F,2000,0,0,0
36850,M,1992,0,0,0
36851,M,1995,0,0,0
36852,F,1986,0,0,0
36853,F,1997,0,1,0
36854,M,2003,0,0,1
36855,M,1982,0,0,1
36856,F,1967,0,0,0
36857,F,2010,0,0,0
36858,M,1999,1,0,0
36859,M,1963,1,0,0
36860,F,1974,0,0,0
36861,F,1971,0,0,0
36862,F,1964,0,1,0
36863,M,1957,1,0,0
36864,F,1986,1,0,0
36865,M,1981,0,0,0
36866,F,2002,0,0,0
36867,F,1983,0,0,0
36868,F,1966,0,0,0
36869,M,1987,1,0,0
36870,M,1987,0,0,1
36871,M,2001,1,0,0
36872,M,1990,0,0,0
36873,M,1983,0,0,0
36874,F,1960,0,0,0
36875,M,1995,0,0,0
36876,F,1992,0,0,0
36877,F,1962,0,0,0
36878,F,2014,0,1,0
36879,M,1956,0,0,1
36880,M,1989,0,0,1
36881,F,1991,0,1,0
36882,M,1958,0,0,0
36883,M,1976,0,0,1
36884,F,1982,0,0,0
36885,F,1990,0,0,0
36886,F,2008,0,0,0
36887,F,1998,0,0,0
36888,M,1956,0,0,0
36889,M,1972,1,1,1
36890,M,2004,0,1,0
36891,M,1951,0,0,0
36892,M,2011,0,0,0
36893,M,1996,1,0,0
36894,F,2001,0,0,0
36895,F,2010,0,1,0
36896,F,1982,1,0,0
36897,F,1992,0,0,0
36898,F,1990,1,1,0
36899,M,1972,0,1,0
36900,M,2003,0,0,0
36901,M,1975,0,0,0
36902,F,1930,0,1,0
36903,F,1994,0,1,0
36904,M,1930,0,0,0
36905,F,1967,0,0,0
36906,F,1962,0,1,1
36907,M,1982,0,0,0
36908,F,2001,0,0,0
36909,F,1987,1,0,1
36910,F,1967,0,0,1
36911,M,1998,0,0,1
36912,M,1977,0,0,0
36913,F,1954,0,0,1
36914,M,1996,0,1,0
36915,M,1949,0,0,0
36916,M,1997,0,0,0
36917,F,1933,0,0,1
36918,F,1966,1,0,1
36919,M,1979,0,1,0
36920,F,1947,0,1,1
36921,F,1962,1,0,1
36922,F,1972,0,0,0
36923,F,1996,0,0,0
36924,F,1978,0,0,0
36925,M,1971,1,0,0
36926,M,1958,0,0,0
36927,M,1990,1,0,0
36928,M,1994,0,0,0
36929,F,1992,0,0,0
36930,F,1962,0,1,0
36931,F,1992,0,0,1
36932,M,1961,0,0,0
36933,M,1972,0,0,0
36934,F,1969,0,0,0
36935,M,1930,0,0,1
36936,M,1957,0,1,0
36937,M,1946,0,0,1
36938,M,1992,0,0,0
36939,F,2002,1,0,0
36940,M,1998,0,0,1
36941,F,2002,0,0,0
36942,M,1996,0,0,1
36943,F,1984,0,0,0
36944,M,1987,1,0,0
36945,F,1966,0,0,0
36946,M,1995,1,0,0
36947,F,1990,0,0,0
36948,M,1968,0,0,0
36949,F,1977,0,0,0
36950,F,1987,0,0,0
36951,F,1937,0,0,0
36952,F,1953,0,0,0
36953,M,1930,1,1,1
36954,F,1930,0,0,1
36955,F,2007,1,0,0
36956,M,1973,0,0,0
36957,F,2008,0,0,0
36958,M,1984,0,0,0
36959,F,1963,0,0,1
36960,M,1930,0,0,1
36961,F,1964,0,0,0
36962,M,1980,1,0,1
36963,F,1983,0,0,0
36964,M,1950,0,0,0
36965,F,1959,1,0,0
36966,M,1985,1,1,1
36967,F,2004,0,0,0
36968,F,1977,0,0,0
36969,M,1992,0,0,0
36970,M,1995,0,0,0
36971,M,2009,0,0,0
36972,M,1933,0,0,1
36973,M,1930,1,0,1
36974,F,1986,0,0,0
36975,M,1983,0,0,1
36976,M,1975,0,0,0
36977,F,1987,0,0,0
36978,F,1971,0,0,0
36979,F,1968,0,0,1
36980,M,1936,0,0,1
36981,M,2001,0,0,0
36982,M,1971,0,0,0
36983,M,1986,0,0,0
36984,M,1987,0,0,1
36985,M,2012,0,0,0
36986,F,1995,1,0,1
36987,F,1967,0,0,0
36988,M,1994,1,0,0
36989,F,1976,0,0,1
36990,M,2018,0,0,0
36991,F,1984,0,0,1
36992,F,1977,0,0,1
36993,M,1995,1,0,0
36994,F,1986,0,0,0
36995,M,1973,0,1,1
36996,F,1990,0,0,0
36997,F,1968,0,1,0
36998,F,1992,1,0,1
36999,M,1959,0,1,0
37000,F,2006,0,0,0
37001,M,1982,0,0,0
37002,M,1968,1,0,0
37003,F,1981,0,0,1
37004,F,1960,0,0,1
37005,M,1988,0,0,0
37006,F,1987,0,0,0
37007,M,2010,0,0,1
37008,F,1960,0,1,1
37009,F,1954,1,0,0
37010,F,1958,0,0,1
37011,M,1991,0,0,1
37012,M,2007,0,0,0
37013,F,1930,0,0,1
37014,M,1983,0,0,1
37015,M,2004,0,0,0
37016,F,1944,0,0,1
37017,F,2011,0,0,0
37018,F,1934,0,1,0
37019,M,2006,0,0,0
37020,M,1984,0,0,0
37021,M,1984,0,0,1
37022,M,1975,0,0,0
37023,F,1968,0,0,0
37024,M,1992,1,0,0
37025,M,1987,0,0,0
37026,M,1992,1,0,0
37027,F,1951,0,0,1
37028,M,1971,0,0,0
37029,F,1952,0,0,1
37030,M,1989,0,0,1
37031,M,1989,0,0,0
37032,M,2004,0,0,0
37033,M,1961,0,0,1
37034,M,1979,0,0,0
37035,M,1983,0,0,0
37036,M,1991,0,0,0
37037,M,1988,0,0,0
37038,M,1971,0,0,0
37039,M,1964,0,0,0
37040,M,1995,0,0,0
37041,F,1965,0,1,0
37042,F,1982,0,0,0
37043,M,1973,0,0,0
37044,M,1986,1,0,0
37045,F,1989,0,0,0
37046,M,1986,0,0,0
37047,M,2003,0,0,0
37048,M,1990,0,1,1
37049,M,2010,0,0,0
37050,M,1963,1,0,0
37051,M,2005,0,0,0
37052,M,1969,0,1,1
37053,M,1999,0,0,0
37054,F,1945,0,0,1
37055,F,2011,0,0,0
37056,F,1984,0,0,0
37057,M,1944,0,0,0
37058,F,1968,0,1,0
37059,F,1990,0,0,1
37060,F,1930,0,1,1
37061,M,1985,0,0,0
37062,F,1986,0,0,0
37063,M,1957,0,0,1
37064,M,1987,0,0,0
37065,M,1986,1,0,0
37066,M,1993,0,1,1
37067,F,1971,0,0,1
37068,F,1966,0,0,1
37069,M,1994,0,0,0
37070,M,1949,0,0,0
37071,M,1993,0,0,0
37072,F,1997,0,0,0
37073,M,2002,0,0,0
37074,F,1954,0,0,0
37075,F,2000,1,0,0
37076,F,1930,1,0,1
37077,M,2002,0,0,0
37078,F,1985,0,0,0
37079,M,2000,0,0,0
37080,F,1991,0,0,1
37081,F,1983,0,0,0
37082,F,1932,0,0,0
37083,F,1962,0,1,0
37084,F,2013,0,0,0
37085,F,1984,0,0,0
37086,M,1983,0,0,0
37087,F,1991,1,1,0
37088,M,1977,0,0,0
37089,F,1930,1,0,0
37090,M,1993,0,0,0
37091,F,1969,0,0,0
37092,F,2004,0,0,0
37093,F,2011,0,0,0
37094,F,1985,0,0,0
37095,M,1963,0,0,1
37096,F,1986,0,0,0
37097,F,1965,0,1,1
37098,F,1965,0,0,0
37099,M,1930,0,0,1
37100,M,1972,1,1,0
37101,M,1984,0,0,0
37102,F,1970,0,0,0
37103,M,1995,1,0,1
37104,F,1966,0,1,1
37105,M,1969,0,0,0
37106,M,1942,0,1,0
37107,F,1998,0,0,0
37108,M,1978,1,0,0
37109,M,1930,0,0,1
37110,M,1992,0,1,0
37111,M,2016,0,0,0
37112,M,1980,0,0,0
37113,F,1982,0,0,0
37114,F,1982,0,0,0
37115,M,1975,0,1,0
37116,M,1963,0,0,0
37117,F,1930,1,0,0
37118,F,1993,0,1,1
37119,M,1995,1,0,0
37120,M,1964,0,0,0
37121,F,1997,0,0,0
37122,F,1989,0,0,0
37123,F,1987,0,0,0
37124,F,1945,0,0,1
37125,M,1940,0,0,1
37126,M,2011,0,0,0
37127,F,2009,1,0,0
37128,M,1981,0,0,1
37129,M,1953,0,1,0
37130,M,1930,0,0,1
37131,M,1980,0,0,1
37132,M,1940,0,1,0
37133,M,1995,0,0,1
37134,M,1987,1,0,0
37135,F,1977,1,1,1
37136,F,1990,0,0,0
37137,F,1931,0,0,0
37138,M,1989,0,0,0
37139,M,1974,0,0,1
37140,M,1992,1,0,0
37141,F,1991,1,0,0
37142,F,1999,0,0,0
37143,F,1957,0,0,1
37144,F,1964,0,0,0
37145,M,1962,0,1,0
37146,M,1991,1,0,0
37147,F,1997,0,0,0
37148,F,1987,0,0,1
37149,M,1968,0,1,0
37150,M,1999,0,0,0
37151,F,1984,1,0,0
37152,M,1968,0,0,1
37153,M,1995,0,0,0
37154,M,1930,0,0,1
37155,F,1971,0,0,0
37156,F,1983,0,0,0
37157,F,1989,0,0,1
37158,M,1966,0,1,1
37159,F,1993,1,0,0
37160,M,1965,1,0,1
37161,F,2001,1,0,1
37162,F,1983,0,0,1
37163,F,1959,0,1,0
37164,F,1995,0,0,1
37165,M,1995,0,0,0
37166,F,1981,0,0,0
37167,M,1978,0,0,1
37168,F,1953,0,0,0
37169,M,1965,0,0,1
37170,M,1986,1,0,0
37171,M,1985,0,0,0
37172,F,1963,0,0,0
37173,M,2002,0,0,0
37174,M,1998,0,0,1
37175,M,1991,0,0,1
37176,F,2007,0,0,0
37177,F,1955,0,0,0
37178,M,2003,0,0,0
37179,F,1930,0,1,0
37180,F,1969,0,0,1
37181,F,1991,0,0,1
37182,F,1986,0,0,0
37183,F,1937,0,0,0
37184,F,1988,0,0,0
37185,M,1991,0,0,0
37186,F,1986,0,0,0
37187,F,1987,0,0,0
37188,F,1980,0,1,0
37189,F,1988,0,0,0
37190,M,1944,0,0,0
37191,M,1983,0,0,0
37192,F,1997,1,0,0
37193,M,2005,1,0,0
37194,F,2002,0,0,0
37195,F,1962,0,0,1
37196,M,1969,0,1,1
37197,M,1976,0,0,0
37198,M,1963,0,0,0
37199,F,1962,0,1,0
37200,M,1969,0,0,0
37201,M,2006,0,0,0
37202,F,2008,0,0,0
37203,M,1984,0,0,0
37204,M,1951,0,0,1
37205,F,1984,0,0,0
37206,M,1983,0,0,0
37207,M,1966,0,0,1
37208,F,2016,0,0,0
37209,M,1982,0,1,1
37210,M,1986,0,0,0
37211,F,1981,0,0,1
37212,M,1930,0,0,1
37213,M,1989,1,0,0
37214,F,1965,0,1,0
37215,F,1988,0,0,0
37216,M,1996,0,0,1
37217,F,1986,0,0,0
37218,M,1948,0,1,1
37219,M,1957,0,0,0
37220,M,1989,0,0,0
37221,F,2002,0,0,0
37222,M,1959,0,0,0
37223,F,1961,1,0,1
37224,M,1982,0,0,0
37225,F,2002,0,0,1
37226,M,1957,0,0,0
37227,M,1979,0,0,0
37228,F,1979,0,0,1
37229,M,1935,0,0,1
37230,F,1978,0,0,1
37231,F,1959,1,0,1
37232,F,1944,0,0,1
37233,M,1991,0,0,0
37234,M,1998,1,1,0
37235,F,1973,0,0,1
37236,M,1930,1,1,0
37237,F,1982,0,0,0
37238,F,1998,0,0,0
37239,F,1995,0,0,0
37240,M,1988,0,0,0
37241,M,1982,0,0,1
37242,M,1965,0,0,0
37243,F,1970,1,0,0
37244,F,1941,0,0,0
37245,F,1980,0,0,0
37246,F,1967,0,0,0
37247,F,1937,0,0,1
37248,F,1976,0,0,1
37249,M,2013,0,0,0
37250,M,1984,0,0,0
37251,F,1981,1,0,0
37252,M,1997,0,0,1
37253,F,2005,0,0,0
37254,M,2003,0,0,1
37255,M,1936,0,1,1
37256,F,1964,0,0,0
37257,M,2004,0,0,1
37258,M,1988,0,0,0
37259,F,2015,0,0,1
37260,M,1985,0,0,1
37261,F,2006,1,0,0
37262,M,1947,0,1,1
37263,M,1932,0,1,1
37264,M,1930,0,0,0
37265,F,1999,1,0,0
37266,F,2005,1,0,0
37267,M,1987,0,0,1
37268,M,1987,0,0,0
37269,F,2012,0,0,0
37270,M,1995,1,0,0
37271,F,1985,0,0,1
37272,M,2006,0,0,0
37273,F,2000,0,1,0
37274,M,1975,1,1,1
37275,F,1976,0,1,0
37276,F,1954,0,0,1
37277,M,2012,0,0,0
37278,M,1980,0,0,0
37279,M,1965,0,0,0
37280,F,1934,0,1,0
37281,M,1990,0,0,0
37282,F,1985,0,1,0
37283,F,1990,0,0,0
37284,M,1982,0,0,1
37285,M,1952,0,1,1
37286,F,1957,0,0,0
37287,F,1997,1,0,0
37288,F,1984,0,0,0
37289,M,1990,0,0,0
37290,F,1991,0,0,1
37291,F,1968,0,0,1
37292,F,1990,0,0,0
37293,M,1967,0,0,1
37294,M,1989,0,0,0
37295,M,1993,0,0,0
37296,M,1984,0,0,0
37297,F,1930,0,0,1
37298,M,1999,1,0,0
37299,M,1995,0,0,0
37300,M,2009,0,0,0
37301,F,1994,0,0,0
37302,F,2011,0,0,0
37303,M,2010,0,0,0
37304,M,1973,0,0,1
37305,F,1964,0,0,1
37306,M,1930,0,1,1
37307,M,1999,0,0,0
37308,M,1999,0,0,1
37309,F,1950,0,1,0
37310,F,1980,1,0,0
37311,M,1998,0,0,0
37312,F,1963,0,0,0
37313,M,1982,0,0,0
37314,F,1983,0,0,1
37315,F,1938,0,0,0
37316,M,1971,0,0,1
37317,F,1971,0,0,0
37318,F,1963,0,0,0
37319,F,1984,0,0,0
37320,M,1963,0,0,1
37321,M,1936,0,0,0
37322,M,1983,0,1,1
37323,F,1974,0,0,1
37324,M,1998,0,0,0
37325,F,1995,0,0,1
37326,M,1987,0,1,0
37327,M,1985,0,1,0
37328,F,2008,0,0,0
37329,F,1933,0,0,1
37330,F,1961,0,1,0
37331,M,1977,0,0,0
37332,M,1998,0,0,1
37333,F,1975,0,0,0
37334,F,1988,0,0,0
37335,F,1968,0,0,1
37336,M,2003,0,0,0
37337,F,1947,0,0,1
37338,F,2014,0,0,0
37339,M,1985,0,1,0
37340,M,1950,0,0,1
37341,M,1930,0,0,1
37342,F,1999,1,0,0
37343,F,1986,0,0,1
37344,M,2002,0,0,1
37345,F,1995,0,0,0
37346,M,1978,0,1,0
37347,F,2005,0,0,1
37348,M,1940,0,0,1
37349,F,1991,0,0,1
37350,M,1969,0,0,0
37351,F,1936,0,0,1
37352,M,2003,0,0,0
37353,M,1966,0,0,1
37354,F,1960,0,1,0
37355,F,2004,0,0,0
37356,F,2001,1,0,0
37357,M,1977,0,0,0
37358,F,1940,0,0,1
37359,F,1956,0,1,0
37360,F,1996,0,0,0
37361,M,1962,0,1,1
37362,M,2000,0,0,0
37363,M,1938,1,1,1
37364,F,1994,0,0,0
37365,F,1992,1,0,0
37366,M,2007,0,0,0
37367,M,1999,1,0,1
37368,F,1979,0,0,1
37369,M,1994,0,0,0
37370,M,2007,0,0,0
37371,M,1994,0,0,0
37372,M,1930,0,0,0
37373,F,1939,0,0,1
37374,M,1971,0,0,0
37375,M,1974,1,0,0
37376,M,1941,0,0,0
37377,M,1971,0,0,1
37378,M,1979,1,0,0
37379,M,1966,0,0,1
37380,F,1996,0,0,0
37381,M,1978,1,0,0
37382,M,1974,0,1,0
37383,M,1985,0,0,0
37384,F,1977,1,0,0
37385,F,1989,0,0,0
37386,F,2000,1,0,0
37387,F,1992,1,0,0
37388,M,1976,0,0,0
37389,F,1979,0,0,0
37390,F,1976,0,0,1
37391,M,1986,0,0,0
37392,M,2009,1,0,0
37393,M,1969,1,1,1
37394,M,1982,0,0,1
37395,M,1969,0,0,0
37396,M,1978,1,0,0
37397,M,1992,0,0,0
37398,M,1981,0,0,1
37399,M,1930,0,1,1
37400,M,2007,0,0,0
37401,M,1953,0,0,0
37402,F,1974,0,0,1
37403,F,1930,0,1,0
37404,M,1995,0,0,0
37405,M,1987,0,0,0
37406,F,1979,0,0,0
37407,F,1999,0,1,0
37408,F,1930,0,0,0
37409,M,1930,0,0,1
37410,F,1963,0,0,1
37411,F,2011,0,0,0
37412,M,2006,0,1,1
37413,F,1972,0,0,0
37414,F,1938,0,1,1
37415,M,1990,0,0,1
37416,F,1970,0,0,0
37417,M,1944,0,1,1
37418,F,1996,0,1,0
37419,F,1947,0,0,1
37420,F,1986,0,1,0
37421,F,1984,1,1,0
37422,F,1974,0,0,0
37423,M,2000,0,0,0
37424,F,1968,1,0,0
37425,F,1994,0,0,0
37426,F,1998,1,0,0
37427,M,1988,0,0,0
37428,F,2002,1,0,0
37429,F,2000,0,1,0
37430,M,1959,0,0,0
37431,F,1970,0,0,1
37432,F,1984,0,0,0
37433,M,1998,0,0,0
37434,M,1965,1,0,0
37435,M,1949,0,0,1
37436,F,1930,0,0,1
37437,F,1945,0,1,0
37438,F,1989,0,0,0
37439,F,2001,1,0,0
37440,F,1982,1,0,1
37441,M,1949,0,0,1
37442,F,1990,1,0,0
37443,F,2008,0,1,0
37444,F,1970,0,0,0
37445,F,1988,0,0,0
37446,M,1999,0,0,0
37447,F,1944,0,0,0
37448,M,1998,1,0,0
37449,F,1990,0,0,0
37450,M,1993,0,0,0
37451,M,2007,1,0,0
37452,M,1985,0,1,1
37453,F,2009,0,0,0
37454,F,2001,0,0,0
37455,M,1999,0,0,0
37456,M,2005,0,0,0
37457,M,1972,0,1,0
37458,F,1978,1,0,0
37459,F,1969,0,1,1
37460,M,2007,0,0,0
37461,M,1956,1,0,0
37462,F,1955,0,0,0
37463,M,1951,0,0,0
37464,M,1981,0,1,0
37465,F,1982,0,0,1
37466,M,1969,0,0,0
37467,F,1946,1,0,0
37468,F,1983,1,0,1
37469,M,1987,0,0,0
37470,F,1976,0,1,0
37471,F,1982,0,0,1
37472,M,2009,0,0,0
37473,M,1986,1,0,0
37474,M,1980,1,0,1
37475,M,1972,0,0,1
37476,F,1971,0,0,0
37477,F,1977,0,0,0
37478,M,1961,0,0,1
37479,M,1930,0,0,1
37480,M,1983,0,0,0
37481,M,1971,0,0,1
37482,M,1941,0,0,1
37483,M,1984,1,1,0
37484,F,1979,0,0,0
37485,F,2010,0,0,0
37486,F,1987,0,0,0
37487,M,1975,0,0,0
37488,F,1976,0,0,0
37489,M,1982,1,1,0
37490,M,1989,0,0,0
37491,F,1975,0,1,0
37492,M,1948,1,0,0
37493,F,1989,0,0,0
37494,M,2009,1,0,0
37495,F,2000,0,0,0
37496,F,1950,0,0,0
37497,M,1973,0,1,1
37498,M,2002,1,0,0
37499,F,1965,0,0,0
37500,F,1961,0,0,0
37501,F,2004,0,0,0
37502,M,1968,1,0,1
37503,M,1955,0,0,1
37504,F,1997,0,0,0
37505,F,1989,0,0,0
37506,M,2019,0,0,0
37507,F,1950,0,0,0
37508,M,1957,0,1,1
37509,F,1985,0,0,0
37510,M,1968,0,0,1
37511,F,1989,1,0,0
37512,F,1949,0,1,0
37513,M,2003,1,0,0
37514,F,2004,0,0,0
37515,M,1975,0,0,1
37516,F,1979,0,0,0
37517,F,1930,0,1,0
37518,M,1970,0,0,0
37519,F,2000,1,0,0
37520,M,1991,0,0,0
37521,F,1995,0,0,0
37522,M,1997,0,0,0
37523,M,1974,0,0,0
37524,F,1985,0,0,0
37525,F,1990,0,1,0
37526,M,1937,0,0,0
37527,F,1978,0,0,1
37528,F,2017,0,0,0
37529,M,1952,0,1,1
37530,M,1930,0,0,0
37531,M,1999,0,0,0
37532,F,1946,1,0,0
37533,M,2002,0,0,1
37534,M,2009,0,0,0
37535,M,1999,0,0,0
37536,M,1984,0,0,1
37537,F,1964,0,1,1
37538,M,1995,0,0,0
37539,M,1994,0,0,1
37540,M,1982,0,0,0
37541,F,1986,0,0,1
37542,F,1932,0,0,1
37543,M,1972,0,0,1
37544,M,1985,0,0,0
37545,M,1945,0,1,1
37546,M,1947,0,0,0
37547,M,1985,1,1,0
37548,M,1945,0,0,1
37549,F,1956,1,0,1
37550,F,1961,1,0,1
37551,F,1999,0,0,0
37552,F,1984,0,0,0
37553,F,1978,0,0,0
37554,F,1988,0,0,1
37555,M,1981,0,0,0
37556,M,1973,1,0,0
37557,F,2009,0,0,0
37558,M,1981,0,0,1
37559,F,1948,0,0,1
37560,M,1943,0,0,1
37561,F,2009,0,0,0
37562,F,1942,0,0,1
37563,M,2000,0,0,0
37564,F,1963,0,0,0
37565,F,1974,0,0,0
37566,F,1930,1,0,1
37567,F,2005,0,0,0
37568,F,1930,0,1,1
37569,F,1960,0,0,0
37570,M,1972,0,0,1
37571,M,1995,0,0,1
37572,M,1996,0,0,0
37573,M,1945,0,1,0
37574,F,1972,0,1,1
37575,M,2009,0,0,0
37576,F,1983,0,0,0
37577,M,1941,1,0,0
37578,M,2006,1,0,0
37579,F,1964,0,1,0
37580,M,1967,0,0,1
37581,M,1950,0,0,1
37582,F,1979,0,0,0
37583,F,1995,1,0,1
37584,M,1952,0,0,0
37585,M,1980,0,0,0
37586,F,1996,0,0,0
37587,F,1976,0,0,1
37588,F,1938,0,0,0
37589,F,2013,0,0,0
37590,M,1986,1,0,0
37591,M,1977,0,0,1
37592,M,1958,0,0,0
37593,F,1990,0,0,1
37594,M,1951,1,0,0
37595,F,1992,1,0,1
37596,F,1992,0,0,0
37597,F,1988,0,1,0
37598,F,1962,0,0,1
37599,F,1990,0,0,1
37600,F,1990,1,0,0
37601,F,2002,0,0,0
37602,M,1996,0,0,1
37603,F,1972,0,0,0
37604,F,1971,1,0,0
37605,F,1982,0,0,0
37606,M,1982,0,0,1
37607,F,1998,0,0,0
37608,F,1964,1,0,1
37609,M,1986,0,0,1
37610,M,1973,0,0,0
37611,M,1946,0,0,0
37612,F,1965,0,0,0
37613,F,1975,0,1,1
37614,M,1981,1,0,1
37615,F,1991,0,0,0
37616,F,1991,0,0,0
37617,F,1994,0,0,0
37618,F,1951,0,0,1
37619,F,1998,0,0,0
37620,F,1989,0,0,1
37621,F,1979,0,0,0
37622,M,1930,0,0,1
37623,F,2003,0,0,0
37624,M,2002,0,0,1
37625,M,1952,0,1,1
37626,M,1968,0,0,0
37627,F,1975,0,0,0
37628,F,1960,0,0,1
37629,F,1997,1,0,0
37630,M,1960,0,0,0
37631,F,1969,0,0,1
37632,F,1988,0,0,0
37633,F,1980,1,0,0
37634,M,1998,0,0,0
37635,M,1962,0,1,1
37636,F,2002,0,1,0
37637,M,2001,0,0,0
37638,F,1990,0,0,0
37639,F,2013,0,1,0
37640,M,1979,0,0,1
37641,F,1974,0,1,0
37642,F,1946,0,0,1
37643,M,1986,1,1,0
37644,M,1977,0,0,1
37645,F,1981,1,0,1
37646,M,1956,0,0,1
37647,M,1930,0,0,1
37648,M,1976,0,0,0
37649,M,1986,0,0,0
37650,M,1975,1,0,1
37651,M,1981,1,0,0
37652,M,2002,0,0,1
37653,M,1990,0,0,0
37654,M,1970,0,0,1
37655,M,1958,0,1,1
37656,M,1930,0,0,1
37657,M,2006,1,0,0
37658,M,1970,0,0,0
37659,F,2004,1,0,0
37660,F,1934,0,1,0
37661,F,2012,0,0,0
37662,M,1983,1,0,0
37663,M,1964,0,0,1
37664,M,2009,0,0,0
37665,M,1972,0,0,0
37666,F,1944,0,0,0
37667,F,1953,1,0,0
37668,M,1977,0,0,1
37669,M,1996,0,0,0
37670,M,1967,0,1,1
37671,M,1973,0,0,0
37672,M,1947,0,0,0
37673,M,1997,0,0,1
37674,F,1971,0,0,0
37675,M,1963,0,1,1
37676,M,2009,0,0,1
37677,M,1990,0,0,0
37678,F,1965,0,1,0
37679,M,1994,1,1,0
37680,M,1945,0,1,0
37681,M,1942,0,0,0
37682,M,1984,0,0,1
37683,F,2012,0,0,0
37684,M,1984,0,0,0
37685,F,1988,0,0,1
37686,M,1930,0,0,0
37687,M,1993,0,0,1
37688,F,1987,1,0,0
37689,F,1985,0,0,0
37690,F,1985,0,0,1
37691,M,2000,0,0,0
37692,M,2008,0,0,0
37693,F,1992,0,0,1
37694,F,1974,0,0,0
37695,F,1954,0,0,1
37696,F,1987,0,0,1
37697,M,1983,0,0,1
37698,M,1995,0,0,0
37699,F,1970,1,0,1
37700,M,1974,0,0,1
37701,M,1945,0,1,1
37702,F,2010,0,0,0
37703,F,1975,0,0,1
37704,M,1959,0,0,1
37705,M,1985,0,1,0
37706,F,2004,0,0,0
37707,M,1989,1,0,1
37708,M,1930,0,0,1
37709,M,1955,1,0,1
37710,F,1977,1,0,0
37711,M,1982,0,1,1
37712,M,1996,1,0,0
37713,M,1976,0,0,0
37714,F,1944,0,1,0
37715,M,1980,1,0,0
37716,M,1944,0,0,1
37717,M,1930,0,1,1
37718,M,1992,0,1,0
37719,M,1991,1,0,0
37720,M,1999,0,0,0
37721,M,1990,0,0,0
37722,M,1992,0,0,1
37723,F,1990,0,0,1
37724,F,2008,0,0,1
37725,F,1987,1,0,0
37726,M,1944,1,0,1
37727,M,1970,0,0,0
37728,M,1988,0,0,1
37729,M,1968,0,1,1
37730,M,1963,0,0,0
37731,M,1988,0,0,0
37732,M,1965,0,0,0
37733,F,2017,0,0,0
37734,F,1933,0,0,1
37735,M,1975,1,1,0
37736,M,1960,0,1,0
37737,F,1957,0,1,1
37738,M,1930,0,1,1
37739,F,1930,0,0,0
37740,M,1987,1,0,0
37741,M,1969,0,0,1
37742,F,1952,0,0,0
37743,M,1965,0,0,1
37744,F,2003,0,0,0
37745,F,1979,0,0,0
37746,F,1935,0,0,1
37747,F,1988,0,0,0
37748,F,1980,0,1,0
37749,F,1989,0,0,0
37750,F,1970,0,0,1
37751,F,1963,0,0,1
37752,M,2002,0,0,0
37753,F,1971,0,0,1
37754,M,1998,0,0,0
37755,F,2005,0,1,0
37756,F,1948,0,0,0
37757,F,1959,1,0,1
37758,M,1992,0,0,0
37759,M,1950,0,0,1
37760,M,2009,1,0,0
37761,F,1998,0,0,1
37762,F,1994,0,0,0
37763,F,1975,1,0,0
37764,F,1930,0,0,1
37765,F,2003,1,0,0
37766,F,1999,0,0,0
37767,F,1958,1,0,0
37768,F,1981,0,0,0
37769,M,1964,0,0,1
37770,F,1973,1,1,1
37771,F,1968,1,0,1
37772,M,2011,0,0,0
37773,M,1983,0,0,1
37774,M,1941,0,0,0
37775,F,1930,0,1,0
37776,M,1968,0,0,1
37777,F,1930,0,1,1
37778,M,1970,0,0,1
37779,M,1971,0,0,1
37780,M,1968,0,0,1
37781,F,1995,0,1,0
37782,M,1993,0,0,0
37783,M,1997,0,0,0
37784,F,1996,1,0,1
37785,M,2004,0,0,0
37786,M,1944,0,1,1
37787,F,1973,0,1,0
37788,F,1995,0,1,1
37789,M,1985,0,0,0
37790,F,1975,1,1,0
37791,F,1941,0,1,1
37792,M,2003,0,0,0
37793,M,1964,0,1,1
37794,M,1983,0,0,0
37795,F,1998,1,0,1
37796,M,1983,1,1,1
37797,F,1958,0,0,1
37798,M,1958,0,0,1
37799,F,1998,1,0,0
37800,M,1980,0,0,0
37801,F,1980,1,0,0
37802,F,2004,0,0,0
37803,F,1989,0,0,0
37804,M,1985,0,1,0
37805,F,1930,0,1,0
37806,F,1966,0,0,1
37807,M,1979,0,0,1
37808,M,1964,0,0,0
37809,M,1989,0,0,0
37810,F,1969,0,0,1
37811,F,2001,0,0,0
37812,F,1993,0,0,1
37813,M,1991,0,0,0
37814,F,2011,0,0,0
37815,F,1955,0,0,1
37816,F,1955,0,0,1
37817,F,1998,1,0,0
37818,M,2006,0,0,0
37819,F,1968,0,0,0
37820,F,1996,1,0,0
37821,M,1963,0,0,0
37822,M,1968,0,0,0
37823,M,1949,0,0,0
37824,M,1993,0,1,0
37825,M,1990,0,0,0
37826,F,1996,0,0,1
37827,M,2010,0,0,0
37828,F,1982,0,0,0
37829,F,1940,0,1,1
37830,M,1983,0,0,0
37831,F,1996,0,1,0
37832,M,2017,0,0,0
37833,F,1994,0,0,0
37834,M,1989,0,0,0
37835,F,1968,1,0,0
37836,F,1958,1,0,0
37837,M,2008,0,0,0
37838,M,1991,1,0,0
37839,F,1975,1,0,0
37840,F,1956,0,1,1
37841,F,1992,1,0,0
37842,M,1952,0,0,1
37843,F,1973,0,1,0
37844,F,1980,1,0,0
37845,M,1993,0,0,0
37846,M,1972,0,0,0
37847,F,2015,0,0,1
37848,M,2011,0,0,0
37849,M,1983,0,0,0
37850,F,1962,0,0,1
37851,M,1977,1,0,0
37852,M,1979,0,0,0
37853,M,1993,1,0,1
37854,M,1975,0,0,1
37855,M,1959,1,0,1
37856,M,1979,0,0,1
37857,M,1962,0,0,1
37858,M,2017,0,0,0
37859,M,2012,0,0,0
37860,F,1978,0,0,0
37861,F,1969,0,0,0
37862,M,1950,0,0,0
37863,M,1955,0,0,0
37864,M,1930,0,0,0
37865,M,1936,1,0,0
37866,M,1993,0,0,0
37867,F,1979,0,1,0
37868,F,2004,0,0,0
37869,F,2003,0,0,0
37870,M,1999,0,0,0
37871,M,1994,0,0,0
37872,M,2005,0,0,0
37873,M,1974,0,0,0
37874,M,1995,1,1,0
37875,F,1967,0,0,0
37876,M,1987,0,0,0
37877,M,1999,0,0,0
37878,F,1973,1,0,0
37879,M,1930,1,0,1
37880,M,1990,0,0,1
37881,M,1956,0,0,1
37882,F,2010,0,0,0
37883,M,1985,0,0,1
37884,F,1981,0,1,1
37885,M,1948,0,1,1
37886,F,1952,1,0,0
37887,M,1991,0,0,0
37888,M,1950,0,1,0
37889,M,1998,0,0,0
37890,F,1981,1,0,0
37891,F,1930,0,0,1
37892,F,1995,0,0,0
37893,M,1958,1,0,1
37894,M,1995,0,0,1
37895,M,1961,0,0,0
37896,F,1976,0,0,0
37897,M,1987,0,0,1
37898,M,2005,0,0,0
37899,M,1990,0,1,0
37900,M,1967,0,0,0
37901,F,1930,0,1,1
37902,M,1968,0,0,1
37903,F,1947,0,1,1
37904,M,1987,0,0,1
37905,F,1985,0,0,0
37906,F,1984,0,0,0
37907,M,1930,1,0,1
37908,F,1988,0,1,0
37909,M,2000,0,0,1
37910,F,2007,0,0,0
37911,F,1995,0,0,0
37912,M,2007,0,0,0
37913,F,1970,0,0,1
37914,M,1980,0,0,1
37915,F,1965,0,0,1
37916,F,1950,0,0,1
37917,F,1997,1,1,0
37918,M,1976,0,1,0
37919,F,1981,0,0,1
37920,M,1995,0,0,0
37921,F,1995,0,0,0
37922,F,1951,0,1,1
37923,F,1978,1,1,0
37924,M,2004,0,0,1
37925,M,1963,0,0,0
37926,F,1993,1,0,0
37927,M,1977,0,0,0
37928,M,2014,0,0,0
37929,F,1993,0,1,0
37930,M,1970,0,0,0
37931,M,2000,0,0,0
37932,M,2007,0,0,0
37933,M,1993,1,0,1
37934,F,1972,0,0,0
37935,M,1954,0,1,1
37936,F,1958,0,0,0
37937,F,1962,0,0,0
37938,M,1939,0,0,1
37939,M,1952,0,1,1
37940,F,1969,0,0,1
37941,F,1977,0,0,0
37942,F,1980,0,0,1
37943,F,1990,0,0,0
37944,F,1984,0,0,1
37945,F,1996,0,0,0
37946,M,1963,0,0,0
37947,F,2002,1,0,0
37948,M,1961,0,0,1
37949,F,1930,0,0,0
37950,M,2006,1,0,0
37951,F,1963,0,0,0
37952,M,1991,0,0,0
37953,F,1951,0,0,1
37954,M,1974,0,1,0
37955,M,2004,0,0,0
37956,F,1980,0,0,1
37957,F,1974,0,0,1
37958,F,1987,0,0,0
37959,M,1978,0,0,0
37960,F,1989,0,0,0
37961,M,1988,0,0,0
37962,F,2013,0,0,0
37963,F,2008,0,0,1
37964,F,2007,0,0,0
37965,F,1996,0,0,1
37966,M,2008,1,0,0
37967,F,2003,0,0,1
37968,F,1977,0,0,0
37969,M,1966,0,1,0
37970,F,1987,0,0,0
37971,F,1978,0,1,1
37972,M,1976,1,0,0
37973,M,1930,0,1,0
37974,M,2008,0,0,0
37975,M,1985,0,0,0
37976,F,2007,0,0,0
37977,M,1977,0,0,1
37978,M,2002,0,0,1
37979,M,1992,0,0,0
37980,M,2008,0,0,1
37981,F,1988,0,0,0
37982,F,1987,1,0,1
37983,M,1988,0,0,0
37984,M,1963,0,0,0
37985,F,1980,0,0,0
37986,F,1996,0,0,0
37987,M,1983,0,0,1
37988,F,1995,0,1,1
37989,M,2003,0,0,0
37990,F,1996,0,0,1
37991,M,2000,0,0,0
37992,M,1965,0,0,0
37993,M,1947,0,0,1
37994,M,1983,0,0,0
37995,M,2001,0,0,0
37996,M,1938,0,0,1
37997,M,1930,0,0,1
37998,M,2011,0,0,0
37999,F,1986,0,1,0
38000,F,1998,0,0,0
38001,F,2007,1,0,0
38002,F,1974,0,0,0
38003,M,2001,0,0,0
38004,M,2002,1,0,0
38005,F,1954,0,0,0
38006,M,1985,0,0,1
38007,F,1963,0,0,0
38008,M,1947,0,0,0
38009,M,1930,0,0,1
38010,F,1983,0,0,1
38011,M,1942,0,1,0
38012,M,1966,0,0,0
38013,F,1977,0,1,1
38014,M,1977,1,0,0
38015,M,1974,0,0,0
38016,M,1983,0,0,0
38017,M,2007,0,0,0
38018,M,1998,1,0,0
38019,M,2014,0,0,0
38020,F,1969,0,0,0
38021,M,2008,1,0,1
38022,M,2002,0,0,0
38023,M,1999,0,0,0
38024,M,1983,0,0,0
38025,F,1968,1,1,1
38026,M,1974,0,1,0
38027,M,1958,0,0,1
38028,F,1954,0,0,1
38029,M,1972,0,1,0
38030,F,1991,1,0,0
38031,M,2008,0,0,0
38032,F,1994,0,0,0
38033,F,1999,0,0,0
38034,F,1981,0,0,0
38035,M,1958,0,0,0
38036,M,1994,0,0,0
38037,M,1930,0,1,1
38038,F,2000,0,0,0
38039,F,1988,0,0,1
38040,M,2001,0,0,0
38041,F,1997,0,0,0
38042,F,1978,0,1,0
38043,F,1983,0,0,1
38044,F,1969,0,0,1
38045,F,1968,0,0,1
38046,M,1956,0,0,1
38047,F,1975,0,0,0
38048,M,1989,0,0,1
38049,F,1988,0,1,1
38050,M,1978,0,0,0
38051,M,1984,0,0,1
38052,F,1979,0,0,0
38053,M,2007,0,0,0
38054,M,1991,0,0,0
38055,F,2012,0,0,0
38056,M,1935,0,0,0
38057,F,1982,0,1,1
38058,M,1965,0,0,1
38059,M,1963,0,0,1
38060,F,1947,0,1,0
38061,F,1979,0,1,1
38062,F,1995,0,1,0
38063,M,1978,0,0,0
38064,M,1959,0,1,1
38065,M,1995,0,0,0
38066,M,1989,1,0,0
38067,F,1996,0,0,0
38068,F,1984,0,0,0
38069,F,1964,0,1,0
38070,F,1977,0,1,1
38071,F,1995,0,0,0
38072,F,1964,0,0,0
38073,F,2001,1,0,0
38074,M,1930,1,1,0
38075,M,1940,0,0,0
38076,F,1930,0,0,1
38077,M,1995,0,1,1
38078,M,2001,0,1,0
38079,M,1952,1,0,1
38080,F,1942,0,1,0
38081,M,1973,0,1,1
38082,F,1930,0,1,1
38083,M,2001,0,0,0
38084,M,1952,0,0,0
38085,M,1970,0,0,0
38086,F,2003,0,0,0
38087,F,1947,0,0,0
38088,M,2004,0,0,1
38089,F,1961,0,1,1
38090,F,1947,0,1,0
38091,M,2010,0,1,0
38092,M,1948,0,1,1
38093,F,1985,0,0,1
38094,M,1988,1,0,0
38095,M,1991,0,0,1
38096,M,1930,0,1,1
38097,M,1970,0,0,1
38098,M,1995,0,1,0
38099,F,1931,0,0,1
38100,M,1942,0,1,1
38101,F,1973,0,0,1
38102,F,1971,0,0,1
38103,F,2009,0,0,0
38104,F,1991,0,0,1
38105,F,1998,1,0,0
38106,M,1979,1,1,0
38107,M,1989,0,0,0
38108,F,1983,1,0,0
38109,M,1975,0,0,0
38110,F,2009,1,0,0
38111,F,1996,0,0,0
38112,F,1960,0,0,0
38113,F,1989,1,0,0
38114,M,1965,0,0,1
38115,F,1934,0,1,1
38116,M,1956,0,0,1
38117,M,2005,0,0,0
38118,F,2013,0,0,0
38119,M,1978,0,0,0
38120,M,1995,1,0,1
38121,F,1979,0,0,1
38122,M,1994,0,0,0
38123,M,2004,0,0,0
38124,F,1950,1,0,0
38125,F,1977,1,0,0
38126,M,1991,1,0,0
38127,F,1980,0,0,0
38128,M,1930,1,1,0
38129,M,2016,0,0,0
38130,M,1985,0,0,1
38131,M,1989,0,0,0
38132,M,1988,1,0,0
38133,M,1939,0,0,1
38134,F,1994,0,0,0
38135,F,2012,0,0,0
38136,F,1983,1,0,1
38137,M,1965,0,1,1
38138,M,1990,0,0,0
38139,M,1935,1,0,1
38140,M,1984,0,0,0
38141,M,1963,0,0,1
38142,M,1930,0,0,1
38143,F,1991,0,0,0
38144,M,1966,0,0,0
38145,M,1979,0,0,0
38146,M,1958,0,0,1
38147,F,1980,0,0,1
38148,M,1988,0,0,1
38149,F,1952,1,0,0
38150,M,1982,0,0,1
38151,M,1957,0,0,0
38152,F,1939,1,0,0
38153,F,1954,0,1,0
38154,M,2003,0,0,0
38155,F,1987,1,0,0
38156,M,1983,1,0,0
38157,M,1961,1,0,1
38158,F,1978,1,0,0
38159,F,1941,0,0,1
38160,F,1992,0,0,0
38161,F,1953,0,0,1
38162,F,1971,0,0,1
38163,F,1988,0,0,0
38164,F,1971,0,1,0
38165,M,1930,1,1,0
38166,F,1974,0,1,0
38167,F,1982,0,0,0
38168,F,1966,0,0,0
38169,M,1977,0,0,0
38170,F,1988,0,0,0
38171,F,1985,0,0,1
38172,F,2019,0,0,0
38173,M,1930,0,0,0
38174,M,1952,0,0,1
38175,F,2010,0,0,0
38176,F,1995,0,1,0
38177,M,1988,0,0,1
38178,M,1968,1,0,0
38179,F,1965,1,0,0
38180,F,1983,0,0,0
38181,M,1993,0,0,1
38182,F,2005,0,0,0
38183,F,1966,0,1,0
38184,M,1997,0,0,0
38185,M,1966,0,0,1
38186,M,1941,0,1,0
38187,M,1975,0,0,0
38188,F,2000,1,0,0
38189,M,2016,0,0,0
38190,F,2005,1,0,0
38191,F,1946,0,0,0
38192,M,1930,1,0,0
38193,M,2004,0,0,0
38194,F,1972,0,0,1
38195,F,1961,0,0,0
38196,M,1950,0,0,0
38197,M,1930,0,1,0
38198,M,2013,0,0,0
38199,F,1997,1,0,0
38200,F,2000,1,0,0
38201,F,1935,0,0,0
38202,F,1960,0,0,1
38203,F,1940,1,0,1
38204,M,1999,0,1,0
38205,F,1930,0,0,0
38206,F,1968,0,0,0
38207,M,1996,0,0,0
38208,M,1972,0,0,0
38209,F,1966,0,0,0
38210,F,1971,0,0,0
38211,F,1947,0,0,0
38212,F,1975,0,0,0
38213,M,1985,1,0,1
38214,F,1998,0,0,1
38215,M,1962,0,0,1
38216,F,1964,1,0,1
38217,F,1993,0,0,1
38218,F,1974,0,0,1
38219,M,1989,0,1,0
38220,F,1992,0,0,0
38221,M,1930,0,0,1
38222,M,1993,0,0,1
38223,F,1930,1,0,1
38224,F,1964,1,0,1
38225,M,1961,0,0,0
38226,M,1997,0,0,1
38227,M,1936,0,0,0
38228,F,1998,0,1,0
38229,F,1973,0,0,1
38230,F,1930,1,1,1
38231,M,1980,0,0,1
38232,F,1990,0,0,0
38233,M,1988,0,0,0
38234,M,1989,0,0,1
38235,F,1994,0,0,0
38236,M,1951,0,0,1
38237,M,1963,1,1,1
38238,M,1980,1,0,0
38239,F,1974,0,0,0
38240,M,2007,0,0,0
38241,M,2010,0,0,0
38242,F,1970,0,0,0
38243,M,1994,0,0,0
38244,M,1948,0,0,0
38245,M,1999,0,0,0
38246,F,2014,0,1,0
38247,F,2005,0,0,0
38248,F,1971,0,0,1
38249,F,2005,0,0,1
38250,M,1978,0,0,0
38251,F,2007,0,0,0
38252,M,1992,0,0,1
38253,M,1980,0,0,0
38254,M,1966,0,0,1
38255,F,1995,1,0,1
38256,F,1989,0,0,0
38257,F,1998,1,0,0
38258,M,1992,1,1,1
38259,F,1982,1,0,1
38260,F,1975,0,0,1
38261,F,1966,1,0,0
38262,F,1976,1,1,0
38263,F,1997,0,0,0
38264,F,1981,0,1,0
38265,F,1930,0,1,1
38266,M,2003,0,0,1
38267,F,1973,0,1,0
38268,F,1937,0,0,0
38269,F,1983,1,0,0
38270,M,2016,0,1,0
38271,M,1974,1,0,1
38272,F,1985,0,0,0
38273,F,1965,0,0,0
38274,F,1977,0,0,0
38275,F,1992,1,0,0
38276,F,1997,1,0,0
38277,M,1948,0,0,1
38278,F,2001,0,0,0
38279,F,1959,0,0,0
38280,F,1998,0,0,0
38281,M,1985,0,0,1
38282,M,2014,0,0,0
38283,M,1930,0,0,1
38284,M,2008,0,0,0
38285,F,1965,0,0,1
38286,F,1938,0,1,0
38287,F,1992,0,0,1
38288,F,1969,1,0,0
38289,F,1977,0,0,0
38290,M,1973,0,1,0
38291,M,1982,0,0,0
38292,M,1992,0,0,1
38293,F,1940,0,1,0
38294,M,1954,0,0,0
38295,M,1992,0,0,0
38296,F,1973,0,0,1
38297,F,1930,0,0,0
38298,F,1977,0,0,0
38299,M,1986,1,0,0
38300,M,2017,0,0,0
38301,M,1980,0,0,0
38302,F,1967,0,0,1
38303,F,1979,0,0,1
38304,F,2004,0,1,0
38305,M,2000,1,1,0
38306,F,1961,1,0,0
38307,M,2008,0,0,0
38308,M,1978,0,1,0
38309,M,1969,0,0,0
38310,M,1977,1,0,1
38311,F,2004,1,0,0
38312,M,2013,0,0,0
38313,M,2007,0,0,0
38314,M,1976,0,1,1
38315,M,2013,0,0,0
38316,M,1987,0,0,0
38317,M,1960,0,0,0
38318,M,1958,0,0,1
38319,F,1987,0,0,0
38320,M,1966,0,1,0
38321,M,1998,1,0,0
38322,F,1962,0,0,0
38323,M,1965,0,0,1
38324,F,1985,0,0,0
38325,F,1997,0,0,0
38326,F,1987,0,0,0
38327,F,1979,0,0,0
38328,M,2015,0,1,1
38329,F,1953,0,0,0
38330,F,1991,0,0,1
38331,M,1966,0,0,1
38332,M,1990,0,0,0
38333,M,1967,0,1,1
38334,M,1994,0,0,0
38335,M,1940,1,0,0
38336,F,1951,0,0,1
38337,F,1983,0,1,0
38338,F,2006,0,1,0
38339,F,1993,0,0,1
38340,M,1976,0,1,0
38341,F,1951,0,0,0
38342,M,2000,0,0,0
38343,M,1965,0,0,1
38344,M,1976,0,0,0
38345,F,1991,0,0,1
38346,F,1982,1,1,1
38347,M,1998,0,0,0
38348,F,1969,0,0,1
38349,M,1979,0,1,0
38350,M,1993,0,0,0
38351,M,1931,0,1,0
38352,M,1967,0,0,0
38353,F,1969,0,0,1
38354,M,1983,0,0,0
38355,F,1979,0,1,0
38356,M,2001,0,0,0
38357,M,1991,0,0,0
38358,F,1961,0,1,0
38359,F,1963,0,0,1
38360,F,2001,0,0,0
38361,F,1998,0,0,0
38362,F,1967,0,0,0
38363,M,1966,0,0,1
38364,M,1997,1,0,0
38365,F,1961,0,0,0
38366,M,1996,1,0,0
38367,M,1985,0,0,0
38368,F,1984,0,0,0
38369,F,1963,1,0,0
38370,F,1955,0,1,1
38371,M,1990,0,0,0
38372,M,1971,0,0,0
38373,F,1930,0,0,1
38374,F,1948,0,1,0
38375,M,2000,0,0,0
38376,M,1981,0,0,0
38377,F,1975,0,0,1
38378,F,1984,0,0,0
38379,F,1980,1,0,0
38380,M,1965,0,0,1
38381,F,1956,0,1,0
38382,F,1959,0,0,0
38383,F,1964,1,0,1
38384,M,2001,1,0,0
38385,F,1966,0,1,0
38386,M,1995,1,0,1
38387,M,2001,1,0,1
38388,F,1990,0,1,0
38389,M,2004,0,0,0
38390,M,1994,0,0,1
38391,F,1977,0,1,0
38392,F,1955,0,0,1
38393,F,1962,1,1,0
38394,F,2011,0,0,0
38395,F,1985,0,1,0
38396,F,1990,0,0,1
38397,M,2009,0,0,0
38398,F,1938,1,0,1
38399,F,1948,0,0,1
38400,F,1975,0,0,0
38401,M,1957,0,0,1
38402,M,1979,0,0,0
38403,M,2001,1,0,0
38404,M,2006,0,0,0
38405,F,1976,0,0,0
38406,F,1930,1,0,1
38407,F,2019,0,1,0
38408,M,1976,1,0,0
38409,F,1981,1,0,1
38410,M,1972,0,0,1
38411,M,1982,0,0,0
38412,F,1930,1,0,0
38413,M,2008,0,0,0
38414,F,1992,0,0,0
38415,M,1986,1,0,0
38416,M,2005,0,0,0
38417,F,1962,0,0,0
38418,F,1990,0,0,0
38419,F,1993,0,0,0
38420,F,1960,0,0,1
38421,M,1984,0,0,0
38422,F,2001,0,0,0
38423,M,2002,0,0,0
38424,M,1983,1,0,0
38425,M,1955,0,0,0
38426,F,1996,1,0,0
38427,M,1972,0,0,0
38428,F,1959,0,0,1
38429,F,1965,0,1,0
38430,F,1993,0,0,0
38431,F,1966,0,1,1
38432,F,1961,0,0,1
38433,M,2006,0,0,0
38434,M,1995,0,0,0
38435,M,1986,0,0,0
38436,M,1993,0,0,0
38437,M,2003,0,0,0
38438,M,2000,0,0,0
38439,M,1988,0,0,1
38440,F,1986,0,1,1
38441,F,1969,0,0,0
38442,F,1986,0,0,1
38443,F,2003,0,1,0
38444,F,1962,1,0,0
38445,M,1987,0,0,0
38446,F,1976,0,1,1
38447,M,1987,1,0,0
38448,M,1995,0,0,0
38449,F,1988,0,0,0
38450,F,1966,1,0,1
38451,F,1953,1,0,0
38452,M,1988,0,0,0
38453,M,1975,1,0,0
38454,F,2007,0,0,0
38455,F,2008,0,0,1
38456,M,1971,1,0,1
38457,M,1967,1,0,0
38458,F,1997,1,0,0
38459,M,1995,0,0,1
38460,M,1947,0,1,1
38461,F,1977,0,0,0
38462,F,1990,0,0,0
38463,M,1957,0,0,0
38464,F,2000,1,0,0
38465,M,1942,0,0,0
38466,F,1982,0,0,0
38467,M,1997,0,0,0
38468,F,1939,0,1,0
38469,F,2006,0,0,0
38470,M,1992,0,0,1
38471,M,1952,1,0,1
38472,M,1990,0,0,0
38473,M,1998,0,0,0
38474,M,1965,0,0,1
38475,M,1972,0,1,0
38476,M,1964,0,0,1
38477,F,1969,0,0,1
38478,M,1958,0,0,1
38479,F,1974,0,0,1
38480,M,1979,0,0,0
38481,F,1951,0,0,0
38482,M,1930,1,1,1
38483,M,1976,1,0,0
38484,M,1997,0,0,0
38485,F,1987,0,0,0
38486,M,2003,1,0,0
38487,M,1945,0,0,1
38488,F,1991,0,0,0
38489,F,1991,0,0,0
38490,M,1978,0,0,0
38491,M,1997,0,0,0
38492,M,1996,1,0,0
38493,F,2003,0,0,0
38494,M,2001,0,0,0
38495,M,1972,0,0,0
38496,M,1976,0,0,1
38497,M,1991,0,0,0
38498,F,1930,1,1,1
38499,M,1980,0,0,0
38500,M,1946,0,0,1
38501,M,1987,0,0,1
38502,F,2021,0,0,0
38503,M,2007,0,0,0
38504,M,1933,0,0,1
38505,M,1930,1,0,1
38506,F,1939,0,0,1
38507,F,1976,1,0,1
38508,M,1972,0,0,0
38509,F,1986,1,0,0
38510,M,1953,0,0,0
38511,M,1977,0,0,0
38512,F,1963,1,0,1
38513,M,2002,0,0,0
38514,M,1991,1,0,0
38515,M,1962,1,1,0
38516,F,1998,1,0,0
38517,M,1989,0,0,0
38518,M,1982,0,0,0
38519,M,1974,0,1,1
38520,M,1995,0,0,0
38521,F,1961,1,0,1
38522,M,1978,0,0,0
38523,F,2018,0,0,0
38524,M,2004,0,0,0
38525,M,2005,0,0,0
38526,F,2001,0,0,0
38527,M,1964,0,0,1
38528,F,2007,0,0,0
38529,F,2005,0,0,0
38530,M,1930,0,1,0
38531,M,2001,1,0,0
38532,F,1990,0,0,1
38533,F,1978,0,0,0
38534,M,1997,0,0,0
38535,F,1990,0,0,1
38536,M,1999,0,0,0
38537,F,1993,0,0,0
38538,F,1997,0,0,1
38539,M,1980,0,0,0
38540,F,1992,0,0,0
38541,M,2012,0,0,0
38542,M,1930,0,1,1
38543,M,2009,0,0,0
38544,M,1970,0,0,0
38545,F,1997,1,0,0
38546,F,1979,1,0,0
38547,M,2009,0,1,0
38548,M,1977,0,0,0
38549,M,1966,0,0,1
38550,F,1981,1,0,0
38551,F,1981,0,0,0
38552,M,2000,0,1,0
38553,F,1990,0,0,0
38554,F,2012,0,0,0
38555,M,2005,0,0,1
38556,M,1960,0,1,1
38557,F,1930,0,0,0
38558,M,1972,1,0,1
38559,M,1980,0,0,0
38560,F,2015,0,0,0
38561,F,1982,1,0,0
38562,F,2005,0,0,0
38563,F,1975,0,0,1
38564,M,1942,0,1,1
38565,F,1999,0,0,0
38566,M,1985,0,0,0
38567,F,1984,0,0,0
38568,M,1983,1,0,0
38569,M,1974,0,0,1
38570,F,1999,0,0,0
38571,F,2005,0,0,0
38572,F,1934,0,0,1
38573,M,1975,0,0,0
38574,M,1950,0,0,1
38575,F,1955,0,0,0
38576,M,1999,0,0,0
38577,F,1970,1,0,0
38578,M,1968,1,0,0
38579,M,1990,1,0,0
38580,M,1998,0,0,0
38581,F,1990,0,0,0
38582,F,1989,0,0,0
38583,F,1994,0,0,0
38584,M,2001,0,0,1
38585,F,1972,0,0,0
38586,M,2005,0,1,0
38587,M,1964,0,1,1
38588,F,1930,0,0,1
38589,M,1981,0,0,0
38590,M,1983,0,1,0
38591,F,1993,0,0,0
38592,F,1959,0,1,0
38593,M,1987,1,0,0
38594,M,1983,0,0,0
38595,F,1975,0,0,0
38596,M,2000,0,0,0
38597,F,2000,1,0,0
38598,F,1993,0,1,0
38599,M,1995,0,0,0
38600,F,1939,1,1,0
38601,M,1982,1,0,0
38602,F,2003,1,0,0
38603,F,1991,0,0,1
38604,M,1969,0,0,0
38605,F,1946,0,0,0
38606,M,1930,0,1,0
38607,F,2006,0,0,0
38608,F,1930,0,0,0
38609,M,1976,0,0,1
38610,M,1947,0,0,1
38611,M,1994,0,0,0
38612,M,1949,0,0,1
38613,F,1944,1,1,1
38614,M,1963,1,0,0
38615,F,1930,1,1,1
38616,M,2000,0,0,0
38617,F,1993,0,0,0
38618,F,1988,0,1,0
38619,M,2003,0,0,0
38620,M,1968,0,0,0
38621,M,1965,0,0,0
38622,F,2009,0,0,0
38623,M,1954,1,1,0
38624,M,1963,0,0,1
38625,M,1969,1,1,0
38626,F,2018,0,0,0
38627,F,1977,0,1,1
38628,F,1930,0,1,1
38629,F,1970,0,0,0
38630,M,1991,1,0,1
38631,M,1995,0,1,0
38632,M,1948,0,0,1
38633,M,1993,0,0,1
38634,M,1971,0,1,0
38635,M,2002,0,0,0
38636,F,1930,0,0,1
38637,F,1951,0,1,1
38638,F,1948,0,1,1
38639,M,1958,0,0,1
38640,M,1981,0,0,0
38641,M,2003,0,0,0
38642,M,2002,0,0,0
38643,M,1961,0,1,0
38644,F,1985,0,0,0
38645,M,1980,0,0,0
38646,F,1977,0,0,0
38647,M,2011,0,0,0
38648,M,1965,0,1,1
38649,M,1984,0,0,0
38650,M,1936,0,0,1
38651,F,1984,0,0,0
38652,M,1952,0,0,0
38653,M,1955,0,0,1
38654,F,1980,0,0,1
38655,M,2000,1,1,0
38656,F,1969,1,0,1
38657,F,1960,0,0,1
38658,M,1930,0,0,0
38659,F,1956,0,0,1
38660,M,1974,0,0,0
38661,F,1972,0,0,1
38662,F,1971,0,0,0
38663,M,1959,0,0,1
38664,M,1989,0,0,0
38665,M,1975,0,0,0
38666,F,2009,1,0,1
38667,M,1997,0,0,0
38668,F,1972,0,0,1
38669,F,1945,0,0,1
38670,F,1976,0,1,0
38671,M,1955,0,0,0
38672,F,1954,0,0,1
38673,F,1957,1,0,0
38674,F,2005,0,0,0
38675,F,1992,0,0,1
38676,M,1944,1,0,1
38677,F,1982,0,0,0
38678,M,1979,1,0,1
38679,F,1975,0,0,1
38680,M,1934,0,1,1
38681,F,1995,0,0,0
38682,F,1958,0,1,1
38683,M,1973,0,0,0
38684,F,1976,0,0,0
38685,M,1990,1,1,0
38686,F,1965,0,0,1
38687,F,1982,0,1,0
38688,M,1941,0,0,0
38689,F,1958,0,1,0
38690,F,1963,1,0,0
38691,F,1949,0,1,0
38692,F,1994,0,0,0
38693,F,1930,0,0,0
38694,M,1972,1,1,1
38695,F,1980,0,0,0
38696,F,1949,0,1,1
38697,M,1994,0,0,0
38698,F,1977,0,0,1
38699,F,1979,0,1,0
38700,F,1985,0,0,0
38701,M,1957,0,0,1
38702,F,1964,0,0,1
38703,F,1981,0,0,1
38704,M,1943,0,0,0
38705,M,1972,0,0,0
38706,M,1967,0,0,1
38707,M,1963,0,1,0
38708,F,1998,0,0,0
38709,F,1981,0,1,1
38710,F,1985,0,0,0
38711,F,1988,0,0,1
38712,M,1986,0,0,0
38713,F,1930,0,0,1
38714,M,1990,0,0,0
38715,F,1948,0,0,0
38716,F,1966,1,0,0
38717,F,1973,0,0,1
38718,M,1987,0,0,0
38719,F,2006,0,0,1
38720,F,1991,0,0,0
38721,M,1986,0,0,0
38722,F,1980,0,0,0
38723,F,1940,0,1,0
38724,F,1983,1,0,0
38725,F,2018,0,0,0
38726,M,1957,0,0,0
38727,F,1967,1,1,0
38728,F,1972,0,0,1
38729,M,1956,0,0,0
38730,F,1975,0,0,1
38731,F,1950,0,1,0
38732,M,1954,0,0,0
38733,F,1966,0,0,1
38734,M,1931,0,0,1
38735,F,1976,0,0,1
38736,M,1989,0,0,0
38737,F,1965,0,0,1
38738,F,1996,1,0,1
38739,M,2001,0,0,0
38740,M,1989,0,0,0
38741,F,1976,0,0,0
38742,M,1993,0,0,0
38743,F,1979,0,0,0
38744,F,2008,0,0,0
38745,F,1966,0,0,0
38746,F,1977,1,0,0
38747,F,1969,0,1,0
38748,M,1983,0,0,1
38749,F,2000,0,0,0
38750,F,1987,0,0,0
38751,M,1930,0,0,1
38752,F,2000,0,0,0
38753,F,1967,0,0,0
38754,M,1943,0,1,1
38755,M,2004,0,0,0
38756,M,1948,0,0,1
38757,M,1959,0,0,0
38758,F,1996,0,0,1
38759,M,2005,1,1,0
38760,F,1932,0,1,1
38761,F,2000,0,0,0
38762,M,1991,0,0,0
38763,F,1930,0,0,0
38764,F,1986,0,0,1
38765,M,2006,0,0,0
38766,F,2009,0,0,0
38767,F,1980,0,1,0
38768,M,1984,0,0,0
38769,F,1999,0,0,0
38770,M,2009,0,0,1
38771,F,1981,0,0,0
38772,M,2005,1,0,0
38773,M,1992,0,0,0
38774,M,1995,0,0,0
38775,M,1997,0,0,1
38776,M,2004,0,0,0
38777,M,2004,1,0,0
38778,M,1965,0,0,0
38779,M,1970,0,1,1
38780,F,2013,0,0,1
38781,F,1950,1,1,1
38782,M,1998,0,0,0
38783,F,2000,1,1,0
38784,M,1990,0,0,0
38785,M,1994,0,0,0
38786,M,1946,0,0,1
38787,M,1978,0,0,0
38788,M,1997,0,0,0
38789,M,1984,0,0,1
38790,F,2010,0,0,0
38791,M,1985,0,0,1
38792,M,2005,0,0,0
38793,M,1955,0,0,1
38794,M,1973,0,0,0
38795,F,1986,0,1,1
38796,F,1954,0,0,1
38797,F,1978,1,1,0
38798,F,1947,1,0,1
38799,F,1980,0,0,0
38800,F,1972,1,1,1
38801,M,1961,0,0,0
38802,M,1961,0,0,0
38803,F,2006,0,0,0
38804,M,1997,0,0,0
38805,M,1997,0,0,0
38806,F,1976,0,0,0
38807,M,1990,0,0,1
38808,M,2009,0,0,0
38809,F,1998,1,0,0
38810,M,2000,1,0,1
38811,F,1930,0,0,1
38812,M,1938,0,1,1
38813,F,1960,1,1,0
38814,M,1987,0,0,1
38815,M,1968,1,0,1
38816,F,1966,0,0,1
38817,F,1998,0,1,1
38818,F,1984,0,1,0
38819,F,1997,0,0,0
38820,M,2010,0,0,0
38821,F,1976,0,0,0
38822,M,1967,0,0,0
38823,M,1988,0,0,0
38824,M,1947,0,0,0
38825,M,1967,0,0,1
38826,F,2001,0,0,0
38827,F,1988,0,0,0
38828,M,2007,1,0,0
38829,M,1956,0,0,0
38830,M,1962,0,0,0
38831,M,1976,0,0,0
38832,F,1975,0,0,1
38833,M,1975,0,0,0
38834,F,1969,0,0,0
38835,F,1969,0,0,0
38836,M,1998,0,0,0
38837,M,2007,0,0,0
38838,M,1962,0,0,0
38839,M,1953,0,0,0
38840,F,1953,1,0,1
38841,M,1941,0,0,0
38842,M,1943,1,1,1
38843,M,1963,0,0,1
38844,F,1994,0,0,1
38845,M,2007,1,0,0
38846,F,1991,0,1,0
38847,F,2011,0,0,1
38848,F,1952,0,0,1
38849,M,2005,0,0,0
38850,F,1980,1,1,0
38851,M,1981,1,1,0
38852,M,1953,0,1,1
38853,F,1970,1,0,0
38854,M,1993,0,0,0
38855,M,1979,0,0,0
38856,F,1980,0,0,0
38857,F,2001,0,0,0
38858,M,1986,0,0,1
38859,M,1958,0,0,0
38860,F,1977,1,0,0
38861,F,1987,0,0,0
38862,F,1976,0,1,0
38863,M,2005,0,0,1
38864,M,1953,1,0,1
38865,M,1930,1,1,0
38866,M,2011,0,0,0
38867,F,2016,0,0,0
38868,M,1979,0,0,1
38869,M,2008,0,0,0
38870,M,1980,0,0,0
38871,F,1976,0,0,0
38872,M,1967,1,0,0
38873,F,1980,0,1,0
38874,M,2018,0,0,1
38875,M,1940,0,1,1
38876,F,1969,0,0,1
38877,F,1994,0,0,0
38878,M,1991,0,0,0
38879,M,1992,1,0,0
38880,F,2001,0,0,0
38881,M,1980,0,0,0
38882,M,1991,0,0,0
38883,F,1963,0,0,1
38884,M,1975,0,1,0
38885,F,1930,0,0,0
38886,F,1997,0,0,0
38887,M,1958,0,0,0
38888,F,1995,0,1,0
38889,M,1989,0,0,1
38890,M,2005,0,0,0
38891,M,1987,0,0,0
38892,F,2000,1,0,1
38893,M,1930,0,0,0
38894,M,1975,0,0,0
38895,M,1968,0,0,1
38896,M,1990,1,0,0
38897,M,1930,0,0,1
38898,M,1954,0,0,0
38899,F,1972,0,0,0
38900,F,1990,0,0,0
38901,M,1934,0,1,1
38902,M,1974,1,0,1
38903,F,1973,1,0,1
38904,F,1966,0,0,1
38905,F,1942,1,0,1
38906,F,1944,0,1,1
38907,F,1997,1,1,0
38908,F,1975,0,0,1
38909,M,1980,0,0,0
38910,M,1974,0,0,0
38911,F,1948,0,1,1
38912,M,1937,0,0,1
38913,F,1996,0,0,1
38914,F,1992,0,0,0
38915,M,1987,0,0,1
38916,M,1947,0,0,0
38917,M,1952,0,0,1
38918,F,2017,0,0,0
38919,F,1971,0,0,0
38920,F,2006,1,0,0
38921,M,1986,0,0,0
38922,F,2010,0,0,0
38923,M,1981,1,0,1
38924,F,1981,1,0,0
38925,F,1997,0,0,0
38926,M,1982,0,0,0
38927,M,1987,1,0,1
38928,M,1976,0,0,0
38929,F,2013,0,0,0
38930,F,2000,0,1,0
38931,F,1971,1,0,1
38932,F,1993,0,0,1
38933,M,2003,1,0,0
38934,M,1999,0,0,0
38935,M,1930,0,0,1
38936,F,2008,1,0,0
38937,F,1930,1,0,1
38938,M,1997,0,0,1
38939,M,1979,0,0,0
38940,F,1980,0,0,0
38941,M,1983,1,1,0
38942,F,1996,0,0,0
38943,F,1992,1,0,0
38944,M,1987,0,0,0
38945,M,2005,0,0,0
38946,F,1933,0,0,0
38947,M,1995,0,0,1
38948,M,1960,0,0,1
38949,F,1978,0,0,1
38950,M,1972,0,0,0
38951,F,1973,0,0,0
38952,F,2002,0,0,0
38953,F,1949,0,0,0
38954,F,2009,0,0,1
38955,F,1997,0,0,0
38956,M,1979,1,1,0
38957,F,1988,0,0,0
38958,M,1996,0,0,0
38959,M,1953,0,0,1
38960,F,1969,0,0,1
38961,F,1975,1,0,1
38962,M,1986,0,1,0
38963,F,1969,0,0,1
38964,F,1960,0,0,0
38965,F,1993,0,0,0
38966,M,2003,1,0,0
38967,M,2006,0,0,0
38968,M,1946,0,0,1
38969,F,2001,0,0,0
38970,F,2001,0,0,0
38971,M,1961,1,1,0
38972,F,1980,0,0,0
38973,F,1930,0,0,0
38974,M,1990,0,0,0
38975,F,1980,0,0,0
38976,M,1986,0,0,0
38977,M,1947,0,0,0
38978,M,1982,0,0,0
38979,F,1986,0,0,0
38980,F,1984,0,1,1
38981,F,2016,0,0,1
38982,M,2009,1,0,0
38983,M,1998,0,0,0
38984,M,1978,0,0,0
38985,F,1969,0,0,1
38986,F,1966,0,1,0
38987,F,1969,0,1,1
38988,M,1973,0,0,1
38989,F,1985,0,0,0
38990,F,1968,0,0,1
38991,F,1986,1,1,1
38992,M,1936,0,1,1
38993,F,1982,0,0,1
38994,M,1999,0,1,1
38995,F,1930,0,1,0
38996,F,2014,0,0,0
38997,M,1991,0,0,0
38998,M,1981,1,0,0
38999,M,2020,0,0,0
39000,M,1980,0,0,0
39001,M,1995,1,1,0
39002,M,1993,0,0,1
39003,M,1972,0,0,1
39004,M,2010,0,0,0
39005,M,1976,0,1,0
39006,F,1944,0,0,1
39007,F,1986,0,0,0
39008,F,1959,0,0,0
39009,M,1977,1,0,0
39010,M,2005,0,0,0
39011,F,2013,0,0,0
39012,M,1982,0,0,0
39013,M,2006,0,0,0
39014,M,1960,1,0,1
39015,M,1978,0,0,1
39016,M,1936,0,0,1
39017,F,1998,1,0,1
39018,M,2002,0,0,0
39019,M,1969,0,0,1
39020,F,1950,0,0,1
39021,F,1955,0,0,1
39022,M,1940,0,1,0
39023,M,1968,0,0,1
39024,M,1988,1,0,0
39025,F,1989,0,0,1
39026,M,1952,0,0,0
39027,M,1950,1,0,0
39028,F,1956,0,1,0
39029,F,1987,0,0,1
39030,F,2017,0,0,1
39031,F,1964,0,1,0
39032,F,2020,0,0,0
39033,F,1968,0,0,0
39034,M,1969,0,0,1
39035,F,1970,0,1,0
39036,M,1981,0,0,0
39037,M,1992,0,0,0
39038,M,2004,0,0,1
39039,M,1930,0,0,0
39040,M,1993,0,0,0
39041,F,1968,0,0,1
39042,M,2001,1,0,0
39043,F,1978,0,0,0
39044,M,1975,0,0,0
39045,F,2010,0,0,0
39046,F,2011,0,0,0
39047,F,1969,0,1,0
39048,F,1988,0,0,1
39049,F,2006,0,0,0
39050,M,2011,0,0,0
39051,F,1981,0,0,0
39052,F,1945,0,0,1
39053,F,1973,0,0,1
39054,F,1975,1,0,1
39055,F,1975,0,0,0
39056,F,2004,0,0,1
39057,M,2017,0,0,0
39058,F,1995,0,0,0
39059,M,2003,0,0,0
39060,M,2002,0,0,0
39061,F,1962,0,0,1
39062,M,1951,0,0,1
39063,M,2013,0,0,0
39064,M,2014,0,0,0
39065,F,1961,0,0,1
39066,F,1969,1,0,0
39067,M,1985,0,0,0
39068,M,1930,0,1,0
39069,F,1952,0,1,0
39070,F,1966,0,0,1
39071,F,1984,0,0,0
39072,F,2006,0,1,0
39073,F,1948,0,0,0
39074,F,2002,0,0,0
39075,F,1972,0,0,0
39076,M,1937,0,0,0
39077,F,2002,0,0,0
39078,F,1989,0,0,0
39079,M,1993,0,0,0
39080,M,1984,1,0,1
39081,F,1955,0,0,0
39082,F,2004,0,0,0
39083,F,1992,0,0,1
39084,F,2010,0,0,0
39085,M,1975,0,0,0
39086,M,1993,0,0,0
39087,M,2012,0,0,0
39088,F,1976,1,0,1
39089,F,1968,0,0,0
39090,M,1991,0,0,0
39091,M,1960,0,0,1
39092,F,1991,0,1,0
39093,M,1996,0,1,0
39094,F,2005,0,0,1
39095,F,1930,0,0,1
39096,M,1972,0,0,1
39097,F,1977,1,0,0
39098,F,1981,0,0,1
39099,F,1961,0,0,0
39100,M,1945,0,0,1
39101,F,1977,0,0,1
39102,M,1959,1,0,0
39103,F,1951,0,0,1
39104,F,1948,0,1,1
39105,M,1986,0,0,0
39106,M,1990,0,0,0
39107,M,1985,0,1,0
39108,F,1979,0,0,0
39109,M,1973,0,0,0
39110,F,2012,0,0,0
39111,F,1960,0,0,0
39112,F,1999,0,1,0
39113,M,1952,0,0,0
39114,F,2000,0,0,0
39115,F,1981,0,0,0
39116,F,1989,1,0,0
39117,M,2012,0,0,0
39118,M,1998,0,0,1
39119,F,1941,0,0,1
39120,M,1997,0,0,0
39121,F,1998,0,0,1
39122,F,1940,0,0,1
39123,F,1972,1,1,1
39124,M,1999,0,0,0
39125,F,1986,0,0,0
39126,M,1930,0,0,0
39127,F,1948,0,0,1
39128,F,1996,0,0,0
39129,F,1981,0,0,1
39130,M,1987,0,1,1
39131,M,1987,0,0,0
39132,F,1983,0,0,0
39133,F,2009,0,0,0
39134,F,2002,1,0,1
39135,F,1957,0,0,1
39136,M,1954,0,1,0
39137,M,1982,0,1,1
39138,F,1990,0,0,0
39139,M,1988,0,1,1
39140,F,1941,0,0,0
39141,F,1936,0,1,1
39142,M,1948,0,0,0
39143,M,1979,0,0,0
39144,F,1990,0,0,0
39145,F,1967,1,0,0
39146,F,1992,0,0,1
39147,M,1981,0,0,1
39148,F,1982,1,0,0
39149,M,1984,0,0,1
39150,M,1996,1,0,1
39151,F,1977,0,0,1
39152,M,1992,0,0,1
39153,F,2012,0,0,0
39154,F,2008,0,0,0
39155,M,1988,0,0,0
39156,M,2002,0,1,0
39157,M,1988,0,0,0
39158,F,2007,0,0,0
39159,M,1955,0,0,1
39160,F,1991,0,0,0
39161,F,1973,0,0,0
39162,M,1952,1,0,0
39163,F,1956,0,0,1
39164,F,1977,0,0,0
39165,M,1952,1,0,0
39166,F,2003,0,0,0
39167,F,1996,0,0,0
39168,M,1930,0,1,1
39169,M,1977,0,1,0
39170,M,1972,1,0,0
39171,F,1988,1,0,0
39172,F,1990,0,0,0
39173,M,1995,0,1,0
39174,M,1970,0,0,1
39175,F,1971,0,0,1
39176,M,1968,0,0,1
39177,F,1979,0,0,0
39178,M,2001,0,0,0
39179,M,1999,0,0,0
39180,M,1993,1,0,1
39181,M,1954,0,0,1
39182,F,1975,0,0,0
39183,M,1962,0,0,0
39184,F,1985,0,0,1
39185,F,1970,0,0,1
39186,M,2006,0,0,0
39187,F,1991,0,0,0
39188,M,1996,0,0,0
39189,F,1930,0,0,0
39190,F,1995,0,0,0
39191,F,2003,0,0,0
39192,F,1968,0,0,0
39193,M,1968,0,0,1
39194,F,1966,0,0,1
39195,F,1989,0,0,0
39196,F,1971,1,0,0
39197,F,1974,0,0,1
39198,F,2004,0,0,0
39199,M,2016,0,0,0
39200,M,1994,0,0,0
39201,F,1978,0,0,1
39202,M,2009,0,0,1
39203,M,1990,0,0,1
39204,M,1978,0,0,0
39205,F,1977,0,0,0
39206,M,1930,0,0,1
39207,M,1968,0,0,0
39208,M,2012,0,0,0
39209,M,1943,0,1,0
39210,F,1992,1,0,0
39211,M,2002,0,0,0
39212,M,1992,0,0,0
39213,M,2001,0,0,1
39214,F,2017,0,0,0
39215,M,1997,0,0,0
39216,M,1977,1,0,1
39217,M,2023,0,0,0
39218,M,1975,0,0,0
39219,M,1970,0,1,0
39220,M,1975,0,0,1
39221,M,1975,0,0,0
39222,F,1995,0,0,1
39223,F,1998,0,0,1
39224,M,1998,0,0,0
39225,M,1991,1,0,0
39226,M,1966,1,1,0
39227,F,2011,0,1,0
39228,M,1983,0,0,0
39229,F,1989,0,1,0
39230,F,1956,0,1,1
39231,M,1948,0,0,1
39232,F,1982,1,0,0
39233,M,1982,0,0,1
39234,F,1985,0,0,0
39235,M,1933,0,0,1
39236,F,2000,0,0,0
39237,M,2010,0,0,1
39238,M,1997,0,1,0
39239,F,1959,0,0,0
39240,M,1975,0,0,1
39241,F,2002,0,0,0
39242,M,1983,1,0,1
39243,F,1957,0,0,1
39244,F,1965,0,0,0
39245,M,2009,0,0,1
39246,F,1967,0,0,0
39247,M,1959,0,0,0
39248,M,1991,0,0,0
39249,F,1986,0,1,0
39250,F,1985,1,0,0
39251,M,1930,0,1,1
39252,F,1971,1,1,0
39253,F,1982,0,0,0
39254,F,1979,0,0,0
39255,M,2011,0,0,0
39256,M,1966,0,1,1
39257,F,1941,0,1,1
39258,M,1943,0,0,0
39259,F,2016,0,0,0
39260,M,1996,1,0,0
39261,F,1972,0,0,1
39262,F,2008,1,0,0
39263,M,1962,0,0,0
39264,M,2001,0,0,0
39265,F,1954,0,0,1
39266,F,1971,0,0,1
39267,M,2011,0,0,0
39268,F,1957,0,0,1
39269,M,2014,0,0,0
39270,M,1998,0,0,0
39271,F,2007,0,0,0
39272,F,1930,0,0,1
39273,F,1972,1,0,1
39274,M,1981,0,0,1
39275,M,1990,0,0,1
39276,M,1930,1,0,0
39277,F,1984,0,0,0
39278,F,1930,0,0,1
39279,M,1982,0,0,0
39280,F,1946,0,0,1
39281,M,1940,1,1,1
39282,F,1996,0,0,1
39283,F,1972,0,1,1
39284,M,1950,0,0,0
39285,F,2013,0,0,0
39286,F,1959,0,1,0
39287,F,1965,0,0,0
39288,F,1967,0,0,1
39289,M,1998,0,1,0
39290,F,2014,0,0,0
39291,F,1991,1,1,1
39292,M,1991,0,0,0
39293,F,1965,0,0,0
39294,F,1995,1,0,0
39295,F,1962,0,0,0
39296,M,2013,0,0,0
39297,F,1958,0,1,0
39298,F,1992,0,0,0
39299,F,1974,0,0,1
39300,M,2002,1,0,0
39301,F,1967,0,0,0
39302,M,1979,0,0,0
39303,M,1970,0,1,0
39304,M,1930,0,0,1
39305,F,1992,0,0,0
39306,F,2003,0,0,0
39307,M,1975,0,0,1
39308,F,1995,0,0,0
39309,M,1985,0,0,0
39310,F,1983,0,1,0
39311,F,1930,0,0,1
39312,F,1989,1,0,1
39313,M,1953,0,0,1
39314,F,2013,0,0,0
39315,M,1990,0,0,0
39316,M,1982,0,0,0
39317,F,1988,0,0,0
39318,F,1983,1,0,0
39319,M,1998,1,0,0
39320,F,1955,0,1,0
39321,F,1996,0,0,1
39322,F,2001,0,0,0
39323,M,1976,0,0,0
39324,M,1970,1,0,0
39325,M,1982,1,0,0
39326,M,2003,0,0,0
39327,M,1951,1,0,1
39328,F,1980,0,0,1
39329,M,1984,0,0,0
39330,F,1982,0,0,0
39331,F,1933,0,0,0
39332,M,2000,0,0,0
39333,M,1955,0,0,1
39334,M,2004,1,1,0
39335,M,1969,0,1,0
39336,F,2003,0,0,0
39337,F,1945,0,0,1
39338,F,1969,0,0,0
39339,M,2012,0,0,0
39340,M,1966,0,0,1
39341,M,1980,0,0,0
39342,M,2009,0,1,0
39343,F,1930,0,1,0
39344,M,1980,0,0,1
39345,F,1976,0,0,0
39346,M,1985,0,0,0
39347,F,1975,1,0,1
39348,M,2000,0,0,0
39349,M,2003,1,0,0
39350,F,1979,0,1,0
39351,M,2008,0,0,0
39352,F,1989,0,0,0
39353,M,2001,0,0,1
39354,M,2018,0,0,0
39355,F,1996,0,0,1
39356,M,1948,0,1,0
39357,F,1973,1,0,0
39358,M,1942,1,0,1
39359,F,1994,0,0,0
39360,M,1961,0,0,1
39361,F,1953,0,0,1
39362,M,2008,0,1,0
39363,M,1994,0,0,0
39364,M,1965,0,0,0
39365,F,1991,0,0,1
39366,M,2001,0,0,0
39367,M,1930,0,1,1
39368,M,2011,0,1,0
39369,M,1998,0,0,0
39370,M,1990,1,0,0
39371,F,1984,1,0,0
39372,F,1985,0,0,0
39373,F,1989,0,0,0
39374,F,1992,0,0,0
39375,M,1993,0,0,0
39376,F,1972,0,0,0
39377,F,1985,0,0,0
39378,F,2006,0,0,0
39379,M,1986,0,0,0
39380,M,1977,1,1,1
39381,F,1930,0,0,0
39382,F,1991,0,1,1
39383,M,1963,0,1,0
39384,F,1956,1,0,1
39385,M,1990,0,0,1
39386,M,1953,0,0,1
39387,F,1962,1,0,0
39388,M,1959,0,0,1
39389,M,1997,0,0,0
39390,F,1930,1,0,1
39391,M,1963,0,0,1
39392,M,2001,1,0,0
39393,F,1990,0,0,0
39394,F,1975,0,0,0
39395,M,1974,1,0,0
39396,M,1963,0,0,0
39397,F,1968,0,0,0
39398,M,1995,0,0,0
39399,M,1948,1,1,0
39400,M,1945,0,1,1
39401,M,1966,1,1,0
39402,M,1958,0,1,0
39403,M,1989,0,0,1
39404,M,1994,0,0,0
39405,M,1990,0,0,1
39406,F,1937,0,0,0
39407,F,1988,0,0,1
39408,F,2021,0,0,0
39409,F,1978,1,0,0
39410,M,1993,0,0,0
39411,M,2006,0,0,0
39412,F,1996,0,0,0
39413,M,1986,0,0,1
39414,M,1971,1,0,0
39415,F,1960,0,0,0
39416,M,2007,1,0,0
39417,F,1973,0,1,1
39418,F,2004,0,0,0
39419,F,2000,0,0,0
39420,F,1964,1,1,0
39421,M,2001,0,0,0
39422,F,1984,0,0,0
39423,F,1994,0,0,0
39424,M,1964,0,0,1
39425,M,1971,0,1,1
39426,M,1973,1,0,0
39427,M,1999,1,1,0
39428,F,1979,0,1,0
39429,M,1969,1,0,0
39430,F,1988,1,0,1
39431,F,1999,0,0,1
39432,F,1983,0,0,0
39433,M,1983,0,0,0
39434,F,1942,1,0,1
39435,M,1980,0,0,1
39436,F,1988,1,0,0
39437,F,1984,0,0,1
39438,F,1993,0,0,0
39439,F,1996,0,0,1
39440,F,1989,0,0,0
39441,M,1987,0,0,0
39442,M,1990,0,0,0
39443,M,1996,0,1,0
39444,M,1937,0,0,1
39445,M,1994,0,1,0
39446,M,1949,0,0,0
39447,F,1988,1,0,1
39448,F,1997,0,0,0
39449,F,1992,0,0,0
39450,M,2007,1,0,0
39451,F,1977,0,0,0
39452,F,1958,1,0,1
39453,F,1974,0,0,0
39454,F,1981,0,0,0
39455,M,1930,0,1,0
39456,M,1998,0,0,0
39457,F,1954,0,0,1
39458,M,1972,1,0,0
39459,M,2006,0,0,0
39460,F,1995,0,0,0
39461,F,1998,0,0,0
39462,F,1966,0,0,0
39463,F,1980,0,1,1
39464,F,1986,0,0,0
39465,F,1992,0,0,0
39466,F,2012,0,0,0
39467,M,1967,0,0,0
39468,F,1930,0,0,1
39469,M,1949,0,0,1
39470,M,1982,0,0,0
39471,F,1952,0,0,0
39472,M,1969,0,0,0
39473,F,2018,0,0,0
39474,F,1935,1,1,1
39475,M,2009,0,0,0
39476,M,1985,0,0,1
39477,M,1931,0,0,1
39478,F,2003,1,0,0
39479,F,1982,0,0,0
39480,F,1988,1,0,0
39481,F,1997,0,0,0
39482,M,1935,0,0,1
39483,F,1997,0,0,0
39484,F,1988,0,0,0
39485,F,1987,0,0,1
39486,M,1991,0,0,0
39487,M,1991,0,0,0
39488,M,2001,0,0,0
39489,M,1993,0,0,0
39490,M,1937,0,1,0
39491,F,1980,1,0,0
39492,F,1984,0,0,0
39493,F,1958,0,1,0
39494,M,1990,0,0,0
39495,M,2010,0,0,0
39496,F,1962,0,0,0
39497,M,2002,0,0,0
39498,F,1992,0,0,0
39499,F,2007,0,0,0
39500,M,1999,0,0,0
39501,M,1999,0,0,0
39502,F,1977,0,0,1
39503,F,2009,0,0,0
39504,M,1957,0,0,0
39505,F,1990,0,0,0
39506,M,1988,0,0,0
39507,F,1985,0,0,0
39508,M,2006,0,0,1
39509,F,1968,0,0,1
39510,F,1970,0,0,1
39511,M,1970,0,1,0
39512,F,2004,0,0,0
39513,F,2003,0,0,0
39514,M,1982,0,0,0
39515,M,1994,0,1,0
39516,M,1988,0,0,0
39517,M,1992,0,0,0
39518,M,1940,0,0,1
39519,F,1970,0,0,0
39520,F,2000,0,0,0
39521,M,1987,0,1,1
39522,M,2002,0,0,0
39523,F,1993,0,0,1
39524,M,1990,0,0,0
39525,M,1996,0,0,0
39526,F,1983,0,0,1
39527,M,1974,0,0,0
39528,F,1990,1,0,0
39529,F,2002,1,0,1
39530,M,1987,1,0,0
39531,F,1986,1,0,0
39532,M,1930,0,1,0
39533,F,1973,1,1,1
39534,F,2010,0,0,0
39535,F,1984,1,0,0
39536,F,1959,0,0,0
39537,F,1975,0,0,0
39538,M,1983,0,0,0
39539,M,1998,0,0,0
39540,F,1975,0,0,0
39541,M,1993,0,0,0
39542,F,1973,0,0,1
39543,F,1963,0,0,1
39544,M,1954,0,1,1
39545,M,1963,0,0,0
39546,M,1979,1,0,0
39547,F,2005,0,0,1
39548,F,2001,1,1,0
39549,M,1987,1,0,1
39550,M,1967,0,0,0
39551,M,1983,0,0,0
39552,M,1975,0,1,1
39553,F,1957,0,1,1
39554,F,1973,0,0,0
39555,F,1992,0,0,0
39556,M,1933,0,1,1
39557,M,1968,0,0,1
39558,F,1965,0,0,0
39559,M,1977,0,0,1
39560,F,1944,1,0,0
39561,M,1933,0,0,0
39562,F,1968,0,0,0
39563,F,1952,1,0,0
39564,M,1987,0,0,1
39565,M,1955,0,0,0
39566,M,1961,0,0,0
39567,F,2003,0,0,1
39568,F,1964,0,0,0
39569,M,2012,0,0,0
39570,F,2002,0,0,0
39571,M,1958,0,0,1
39572,M,2007,0,0,0
39573,F,2001,0,0,1
39574,F,1961,0,0,0
39575,F,1980,0,0,0
39576,F,1999,1,0,0
39577,M,1988,0,1,1
39578,M,1974,0,1,0
39579,M,1989,0,0,1
39580,M,1930,0,0,0
39581,F,1946,0,0,0
39582,M,2003,0,0,0
39583,M,1954,0,1,0
39584,M,1981,0,0,0
39585,F,2020,0,0,0
39586,M,1949,0,0,1
39587,F,1960,0,0,1
39588,M,2003,0,0,0
39589,F,1982,0,0,1
39590,F,1993,0,0,0
39591,M,1982,0,0,0
39592,F,1989,0,0,0
39593,F,1956,0,0,1
39594,M,1989,0,0,0
39595,M,1937,0,0,1
39596,M,1976,1,0,0
39597,F,1991,0,0,0
39598,M,1982,0,0,0
39599,M,1990,0,0,0
39600,M,2000,0,0,1
39601,F,1994,0,0,0
39602,F,1977,1,0,0
39603,M,1981,0,0,0
39604,F,1974,0,0,0
39605,M,1983,0,0,0
39606,F,1990,0,0,0
39607,M,1999,1,0,0
39608,M,1989,0,0,0
39609,F,1973,0,0,1
39610,M,1999,0,0,0
39611,F,1994,0,1,0
39612,F,1977,0,0,1
39613,F,1977,0,0,0
39614,F,1999,0,0,0
39615,F,1972,0,0,0
39616,F,1976,0,0,1
39617,F,1930,0,0,0
39618,F,2000,0,0,0
39619,M,1932,1,0,1
39620,F,1977,0,1,0
39621,F,2008,0,0,0
39622,F,1988,0,0,0
39623,F,1989,0,0,0
39624,M,1955,0,0,1
39625,M,1994,0,0,1
39626,F,2004,0,0,0
39627,F,1973,0,0,0
39628,F,1978,0,0,0
39629,M,1965,1,0,0
39630,F,1946,0,0,1
39631,F,1949,0,0,1
39632,M,1930,1,0,0
39633,F,1933,1,1,1
39634,M,1968,0,0,1
39635,F,1981,0,0,0
39636,F,1978,1,0,0
39637,F,1957,0,0,0
39638,M,1993,0,0,0
39639,M,1988,0,0,0
39640,M,1967,0,0,0
39641,M,2005,0,0,0
39642,M,1994,0,0,0
39643,M,1999,0,0,0
39644,F,1944,0,1,1
39645,M,2002,0,0,0
39646,F,1990,0,0,0
39647,M,1994,0,0,1
39648,M,1988,1,0,1
39649,F,1970,0,0,1
39650,M,1973,1,0,0
39651,F,1977,0,0,0
39652,M,1968,0,0,0
39653,F,1974,0,0,0
39654,M,2016,0,0,0
39655,M,1966,0,0,1
39656,M,1977,1,0,1
39657,M,1942,0,0,1
39658,F,2000,0,0,0
39659,M,1982,0,0,0
39660,F,1974,0,0,0
39661,M,1931,0,1,1
39662,F,2004,1,0,0
39663,M,1978,0,0,1
39664,M,1977,1,0,0
39665,M,1999,0,0,0
39666,M,1988,1,0,1
39667,F,1987,0,0,0
39668,F,1997,0,0,1
39669,F,1977,1,0,1
39670,F,1974,0,0,0
39671,F,1977,0,0,0
39672,F,2006,0,0,1
39673,M,1994,0,0,0
39674,M,1930,0,0,1
39675,F,1995,0,0,0
39676,F,2005,1,0,0
39677,F,1988,0,1,1
39678,M,2014,0,0,0
39679,F,1930,0,1,0
39680,F,2007,1,1,0
39681,M,1999,1,0,1
39682,M,1996,0,0,1
39683,F,1974,0,0,0
39684,M,2009,0,0,0
39685,M,1930,0,1,1
39686,M,1982,1,0,1
39687,F,2011,0,0,0
39688,M,1930,0,0,1
39689,M,1974,0,0,0
39690,F,1989,0,0,0
39691,F,2011,0,0,0
39692,M,1981,0,0,0
39693,M,1989,1,0,0
39694,M,2007,0,1,1
39695,F,1979,0,0,0
39696,M,1991,0,0,0
39697,M,1992,0,0,0
39698,M,1953,0,0,1
39699,M,1943,1,0,1
39700,M,1962,0,0,0
39701,M,1967,0,0,0
39702,M,1963,0,1,0
39703,F,1999,0,0,0
39704,F,1988,0,0,0
39705,F,1964,1,0,0
39706,F,1969,0,1,1
39707,F,2000,0,0,0
39708,F,1978,0,0,1
39709,F,2001,0,0,0
39710,M,1998,1,0,0
39711,M,1963,0,0,0
39712,M,1974,0,0,0
39713,F,1975,0,0,0
39714,M,1986,0,1,0
39715,M,1974,0,0,0
39716,M,1984,1,0,0
39717,F,1995,0,1,0
39718,F,1963,0,0,1
39719,F,2012,0,0,0
39720,M,1989,0,1,1
39721,M,1944,0,0,1
39722,F,1991,0,0,1
39723,M,1994,0,0,0
39724,M,2010,0,0,0
39725,M,1992,0,0,0
39726,F,1958,1,0,1
39727,F,1935,0,1,0
39728,F,1973,0,0,0
39729,M,1994,0,0,0
39730,M,1944,0,0,0
39731,F,1946,0,1,1
39732,M,1971,0,0,0
39733,F,2003,0,0,0
39734,F,1992,0,1,0
39735,F,1989,0,0,0
39736,M,1999,1,0,0
39737,M,1968,1,0,0
39738,M,1984,0,0,0
39739,M,1991,0,0,0
39740,F,1984,1,0,0
39741,M,2005,0,0,0
39742,M,1987,0,0,0
39743,M,1943,1,1,1
39744,M,1982,0,0,0
39745,F,1996,1,0,0
39746,F,1994,0,0,0
39747,F,2003,0,0,0
39748,F,1974,1,1,0
39749,M,1992,0,0,1
39750,M,1939,0,0,1
39751,M,1930,0,0,1
39752,F,2018,0,0,0
39753,M,1970,0,0,0
39754,M,1987,1,0,1
39755,M,1991,1,0,1
39756,F,1957,0,1,1
39757,F,1963,0,0,1
39758,F,1930,1,0,0
39759,F,1987,0,0,1
39760,M,1930,0,0,1
39761,M,1986,1,0,1
39762,F,1970,0,0,1
39763,F,2001,0,1,0
39764,M,1999,0,0,0
39765,F,1994,0,0,1
39766,M,1985,1,0,0
39767,F,2000,0,0,0
39768,M,1946,0,0,1
39769,M,1962,0,0,1
39770,F,1994,0,0,0
39771,M,2007,0,0,0
39772,M,1930,0,0,1
39773,F,1936,0,1,0
39774,F,2000,1,0,0
39775,F,1990,1,0,0
39776,M,1970,0,0,0
39777,M,1977,0,0,0
39778,M,1995,0,0,0
39779,M,1964,0,0,1
39780,F,1968,0,1,1
39781,F,1973,0,0,0
39782,F,1954,0,0,1
39783,M,1994,0,0,0
39784,F,1972,0,0,0
39785,M,2000,0,0,1
39786,M,1974,0,0,0
39787,M,1962,0,0,0
39788,F,2015,0,0,0
39789,M,1955,1,0,1
39790,F,1930,0,0,0
39791,M,1930,0,1,1
39792,F,2004,0,0,0
39793,M,2005,0,0,0
39794,M,1934,0,0,1
39795,M,2009,0,0,0
39796,M,1944,1,1,0
39797,M,2006,0,0,0
39798,M,2004,0,0,0
39799,M,1939,0,0,1
39800,F,1970,0,0,1
39801,F,1997,0,1,0
39802,F,1954,0,0,0
39803,F,1977,0,0,0
39804,F,1984,0,0,0
39805,M,2003,0,0,0
39806,F,2001,0,0,0
39807,F,1966,0,1,1
39808,F,2002,0,0,0
39809,F,1992,0,1,0
39810,F,1995,1,0,0
39811,M,1936,0,0,0
39812,M,1990,0,0,0
39813,M,1982,1,0,0
39814,M,2009,1,0,0
39815,F,1988,0,0,0
39816,M,1999,0,1,0
39817,F,1985,0,0,0
39818,F,1992,0,0,1
39819,F,2004,0,0,0
39820,F,1991,0,0,1
39821,M,2015,0,0,0
39822,M,1994,0,0,0
39823,F,1930,1,0,0
39824,F,1970,0,0,0
39825,F,1977,0,1,0
39826,F,1998,0,0,0
39827,M,1970,0,0,0
39828,M,2000,1,0,1
39829,F,1936,1,0,0
39830,M,1952,0,0,1
39831,F,2000,0,0,1
39832,F,1992,1,0,0
39833,F,1969,0,0,0
39834,F,1991,1,0,1
39835,M,1976,1,0,0
39836,F,1941,1,0,0
39837,M,1950,0,0,1
39838,F,1993,0,0,0
39839,M,1974,0,0,1
39840,M,2014,0,0,0
39841,F,1999,1,0,0
39842,M,1971,1,0,1
39843,F,1981,0,1,0
39844,M,1992,0,0,0
39845,M,1999,0,0,0
39846,F,1990,1,0,1
39847,F,1930,0,0,0
39848,M,1978,0,0,0
39849,F,1995,0,0,1
39850,M,2003,0,0,0
39851,M,2008,0,0,0
39852,F,1995,0,0,1
39853,M,1998,0,1,0
39854,F,2007,1,0,0
39855,F,1992,0,0,1
39856,F,1982,1,0,0
39857,F,2007,0,0,0
39858,M,1951,0,0,1
39859,F,1994,0,0,0
39860,M,1989,0,0,1
39861,M,1972,0,0,1
39862,F,1983,1,0,1
39863,M,2003,0,0,0
39864,M,1991,1,0,0
39865,F,2010,0,0,0
39866,F,1952,0,0,1
39867,F,1998,0,0,1
39868,M,1995,1,0,0
39869,M,1995,0,0,0
39870,M,1965,0,0,0
39871,M,2005,1,0,1
39872,M,2001,0,0,0
39873,M,1981,0,0,0
39874,F,1957,1,0,1
39875,F,1982,0,0,0
39876,M,1974,0,1,1
39877,M,1983,0,0,0
39878,F,1986,0,0,0
39879,M,1965,0,1,1
39880,M,1981,0,0,1
39881,M,1935,0,0,1
39882,M,1995,0,0,0
39883,F,1942,1,0,0
39884,F,1998,0,1,1
39885,M,1986,0,0,1
39886,M,2001,0,0,1
39887,F,1990,0,0,0
39888,M,1998,0,0,0
39889,F,1999,0,0,0
39890,M,2005,0,0,0
39891,M,1987,0,0,1
39892,F,1976,0,1,0
39893,M,1930,1,0,1
39894,M,1975,0,0,0
39895,F,1981,0,0,0
39896,F,1995,0,0,0
39897,F,1986,0,0,0
39898,M,2006,0,0,0
39899,F,1987,0,0,1
39900,M,2010,0,0,0
39901,F,1989,0,0,0
39902,F,1930,0,0,0
39903,M,1983,0,1,0
39904,F,1933,0,0,1
39905,F,1930,0,0,0
39906,M,2005,0,0,0
39907,F,1976,0,0,0
39908,M,2004,0,0,1
39909,M,2001,0,0,0
39910,M,1992,0,0,0
39911,F,1980,0,0,0
39912,M,1999,0,1,0
39913,F,1978,0,0,1
39914,F,1930,0,0,1
39915,F,1971,0,0,0
39916,F,1930,0,1,0
39917,F,1993,1,0,1
39918,F,1994,1,0,1
39919,F,1999,0,0,0
39920,M,1969,0,0,0
39921,M,2001,1,0,0
39922,F,1930,1,0,0
39923,M,2006,0,0,0
39924,F,1999,0,0,0
39925,F,1992,0,1,1
39926,F,2003,0,0,0
39927,M,1994,0,0,0
39928,F,1958,0,0,0
39929,F,1983,0,0,0
39930,F,1960,0,1,1
39931,M,1948,0,0,0
39932,M,1994,0,0,0
39933,F,1972,0,0,0
39934,M,1989,0,0,0
39935,M,1996,0,0,1
39936,M,1990,0,0,1
39937,M,1936,1,1,0
39938,M,1961,0,0,0
39939,F,1950,0,0,0
39940,M,1992,0,0,0
39941,M,2004,0,0,0
39942,F,1974,1,0,1
39943,M,1933,0,1,0
39944,M,1989,1,0,1
39945,M,1946,1,1,1
39946,M,1945,0,0,1
39947,F,1942,0,0,1
39948,M,1973,0,0,0
39949,M,1979,0,1,1
39950,F,1964,0,0,0
39951,F,1946,0,1,1
39952,F,1967,0,1,0
39953,F,1969,1,1,0
39954,F,1995,0,0,0
39955,M,1970,0,1,0
39956,F,1975,0,0,0
39957,M,1930,0,0,0
39958,M,1962,0,1,0
39959,M,1973,0,1,0
39960,F,1993,0,0,1
39961,M,2006,1,0,0
39962,M,1999,0,1,0
39963,F,1930,0,0,1
39964,M,1987,1,0,0
39965,M,1971,0,0,0
39966,F,1996,1,0,0
39967,M,2008,1,0,0
39968,F,1987,0,0,0
39969,M,1950,0,0,1
39970,F,2002,0,0,0
39971,F,2008,0,0,0
39972,F,2007,0,0,0
39973,F,1999,0,0,0
39974,F,1981,0,0,0
39975,F,1997,0,0,0
39976,F,1973,0,0,0
39977,M,1985,0,0,1
39978,F,1999,0,0,0
39979,F,1930,0,1,1
39980,M,1991,0,0,0
39981,F,1992,0,0,0
39982,F,1984,0,0,1
39983,M,1984,0,0,1
39984,F,1983,0,0,0
39985,M,1979,0,0,0
39986,M,1941,1,0,0
39987,F,1962,0,0,0
39988,F,1987,1,1,0
39989,F,1943,0,0,0
39990,F,1998,0,0,0
39991,F,1995,0,1,0
39992,F,1938,1,1,0
39993,M,1930,1,0,1
39994,M,1992,0,1,1
39995,M,1977,0,0,0
39996,M,2003,1,1,0
39997,F,2008,0,0,0
39998,F,1978,1,0,0
39999,M,1995,0,1,0
40000,F,2007,0,0,0
